relative_path	bytes	sha256
EXACT_COMMANDS.md	1660	205c6b9cdb30a5c135bbcc7c89f39305e91e04f2eb203dd64b4d86641aff9700
EXPORTER_ONLY_CHANGES.md	677	b8f9164718bc56c25913234e94b508d15be4c6de40fa58e371a9a48055f897c4
UPSTREAM_README.md	1906	b6d89d945669bc648ed6a547c460175f8373c3914dae0e22b39a69f2ebcdd63a
environment.json	2479	553e3193944f9dee4c1b90df92fc8968a5f49c3a19e720442ace32910ac350bc
exporter_source/dune	80	6c0346fc7a3966763bce3f6a68f0b38d0f6c6b38c5d257425bb11c99b21b5907
exporter_source/export_stage1.ml	9348	e4f115d21baba002138a2f262c508570623fc111141945640442821778630a73
exporter_source/package_native_reference.py	8947	c53358f4da45e76ba51becb3c72f8e60d56b028b3c184ea056e71098a78bc5d9
exporter_source/validate_native_export.py	5894	f39201db32f344ea740f3414b870b0a538d098287aa4d358f5a56e30e58560b5
full_precision/a_movement.tsv	308577	191ae2b03b437cd9eec3ebf4311486a516c8d2df5150be07a1df9a164747a492
full_precision/a_movement_eigenvalues.tsv	7869	3a1fe6c28e6e73f088e30be412b0eece75bb7e27d0419fef1f0c70282dded896
full_precision/baseline_drive_h.tsv	3779	ee799054ec194321a4eeaa162462ff9abfef3522d679e8ed820c735d56eecfc2
full_precision/c_full.tsv	6980	182338570031f7df07ce2e87f0b2a69dda0904ce6fe782d1467e4147205300e4
full_precision/c_readout_excitatory.tsv	6820	2ffe28d473073b7676b071d13cb0572f849c84c849ace22817b6463e0e9ea216
full_precision/ei_class.tsv	440	9421f8caaec40f01115b2b53bcf3c3346ac25fa2f9cc4e0c3837084214128963
full_precision/gamma.tsv	64000	7216547f258d4500a788ff6bd56099cfc5f2e18ffd6849d1e9d1a65922daf8a6
full_precision/native_cortical_r1_1.tsv	2280819	15feef81d5f166d5ec2fd6acb7ebdb6c1ab8b063538b9e7bb73fad0dcf48b489
full_precision/native_cortical_r1_2.tsv	2281398	aa66d053b3982a46f317a81ced4e4b165d8a6f48a91a50bbca237306d3d421fa
full_precision/native_cortical_r1_3.tsv	2285434	b109cf7a464054e9d95d9b15ec99591afdfef3326f9d12746f0511e642be628e
full_precision/native_cortical_r1_4.tsv	2283464	4f8c560570f405c08fff782d902cec56fab70dce0784b318934551ece1851b1c
full_precision/native_cortical_r1_5.tsv	2281269	18130f8829c5a79a6571048894e72feed547ae0380435f249774db200e473534
full_precision/native_cortical_r1_6.tsv	2278190	c618e8b5d5dba1edf9ad6f72f99ae0708ec8c391667d2e66fd18035cc24fbab4
full_precision/native_cortical_r1_7.tsv	2278913	cabf1e32da18005f310a3c18765e8a96a328a056f8386a5c307373f08ab044f7
full_precision/native_cortical_r1_8.tsv	2277219	86d1c382d54e254a73e431715b283faf5fe04d8c4cd692ca1ef4c8c472a8266b
full_precision/native_hand_r1_1.tsv	49663	41e78e3443ce4fa5b6e47c9e637d733ae8e0e191411627b3555c1280495a658f
full_precision/native_hand_r1_2.tsv	49661	062e568d55d194f9bd959e71a1e52f3bd1284c6e540105cf0bdbda212ea67469
full_precision/native_hand_r1_3.tsv	48737	0bb07dc539f086d056941d38b14f108e3819a9be3d4c4d0258bf7e347bea045b
full_precision/native_hand_r1_4.tsv	49274	42ae1add49d0f2ed68b0d2be0965e408e96982cd5b4d099fc9fdad1d01ca2902
full_precision/native_hand_r1_5.tsv	50404	58bd1709efee8f42fc8b580d66804026c93879553ce9474abb0a34703e6df754
full_precision/native_hand_r1_6.tsv	49863	9a255b0903af12a6146291f6e2659bdd9fc780aa95f366fa1d12df42fd5c67ae
full_precision/native_hand_r1_7.tsv	51046	df28cfdda14612aad65ebfae50509f50046a716c437df4fa583a57a18c28abb9
full_precision/native_hand_r1_8.tsv	50755	7c71ab70a6efb0f4a90ad1bdaac8a7fc92da438277bfee470fa4b78e0a9d0550
full_precision/native_metadata.tsv	1324	5153868deafdb4bcb941bde9ae44fa53396f4cf3929fd07d2be034c07a28047a
full_precision/native_movement_summary.tsv	1128	0e231b748fd763e1dbc25198e60818ee2fe6b9931f55ec4f79b1611c9682786f
full_precision/native_theta_r1_1.tsv	48530	17b8a18fe096953575dfb507f6fc423ff7c7db875b0d6b671536a1d54ae96af5
full_precision/native_theta_r1_2.tsv	48834	452aaaeb85d8d3bbecd0a581935912a5c3ac895fc67457ba868ec65d1ad89b86
full_precision/native_theta_r1_3.tsv	48560	bc11696c8f3db8852f73e0a5cc5a7f81abf1061f4feada415e1585d0754590f3
full_precision/native_theta_r1_4.tsv	47571	f8efd134e576d2881be70c013189f341757cf116a89b169752518970cb309a7f
full_precision/native_theta_r1_5.tsv	47486	04de50c8f2f9263ff6b2734e438190f98d8aa9eda05a3dfe8b90fd6fac047204
full_precision/native_theta_r1_6.tsv	47506	6a411139b07015cba3b189582423116e2c1131ff6edf78cb3b473847f2172982
full_precision/native_theta_r1_7.tsv	47460	842f41ecb67019ff46663614abd49f63793dcc1728865d6736edfa62bc556114
full_precision/native_theta_r1_8.tsv	47252	a9e114df6169a22a47d2e0f7576dbca184d4d72712c8c882bbed6cad074ceb33
full_precision/native_torque_r1_1.tsv	24159	daa808c67ae06b1406003f5ead4c005d86b3a7570fb50d9d4258258c6781a691
full_precision/native_torque_r1_2.tsv	24292	290ddeb0882a70d027a20c38f29e10a5658951d8877932ce1d0282ebaee3c405
full_precision/native_torque_r1_3.tsv	24739	c96ea2b5a41ac3d9db160d6f86139756f0f37656c93eb712858d5c2258ed5619
full_precision/native_torque_r1_4.tsv	24758	3e2a5f437edba5cb6a84577cdcc2dde7049e23b37188f829a3b533da418c24aa
full_precision/native_torque_r1_5.tsv	24560	6f5935236de72dbef7bbf02a28c9aa31f9c6cbbe6df8a8bab7bc8429a0db53c7
full_precision/native_torque_r1_6.tsv	24462	0f1629f5d731f514721849040702442cd845392aae8372aedbf247ee5368aabd
full_precision/native_torque_r1_7.tsv	24225	f8b5ad535eba359a60a8f89612877022e1f9a96fddef14ebdc29bb70308c65d5
full_precision/native_torque_r1_8.tsv	24277	02137bbca6beac80bafb90bbb9370969452ae92702c1c722ace0b0cd125d60a0
full_precision/native_validation_console.txt	1185	0b044f0b73d5f873cd9c810b8b18b8833f24fe834c6f2f45f46d11b6bedce414
full_precision/native_validation_summary.json	1185	0b044f0b73d5f873cd9c810b8b18b8833f24fe834c6f2f45f46d11b6bedce414
full_precision/native_validation_summary.tsv	734	786e248b8115e2bf9bd2133ebdeb72a3cf50a9cc6a580275222d96d3acb74ead
full_precision/prospective_q.tsv	871075	75461d3e628f2ab934b699d2be470452bb987bbe1126a062b1e86a6bfd55baf4
full_precision/prospective_q_eigenvalues.tsv	4506	5e0d74a43505fe317e132abde6881f3dc4949563ac4dfbf3a2b215bbe392c77c
full_precision/prospective_q_eigenvectors.tsv	854936	826a416ef9b051d4a8aaaac1d7e22bebf89a944f6dd2e2f0d328cf2d9f3d23e0
full_precision/prospective_q_unit_trace.tsv	829299	dbc8c1a6e930b06ccaee741ea655a6323d4d0e1d5a584a5f337d9a10e765815b
full_precision/spontaneous.tsv	3869	0f5681428f4f7ff6e9ec50838e698c981e25b60f05fbf908f87aac8b39b96993
full_precision/target_hand_r1_1.tsv	49520	459e8be5e90c4e916b82861ffad0e40ecb1d9fa7a969d9ee447d7366917cee1d
full_precision/target_hand_r1_2.tsv	37006	de1aeea6b4c1d60d411f0919515e0f223ca94ba8ebcfc8aa0f28b9f941db8f0d
full_precision/target_hand_r1_3.tsv	48645	f02441d780a889b0d48ee5b0475c89e1aa368f4ca692b47da37e136813e1c09b
full_precision/target_hand_r1_4.tsv	49193	fd177092a229661e04b72a9dc33393d183740deb1b5be9ce98fea08cb50d3384
full_precision/target_hand_r1_5.tsv	50381	4066d52a071f2348c21105fdd1e190198a22e0cf28660d97ba0561be596e9681
full_precision/target_hand_r1_6.tsv	49848	6471666fdc040c604ac70864b39ad334e3119a9f42f5c8e77923538552d3948b
full_precision/target_hand_r1_7.tsv	50686	c8add6c5440ff70539a02bf0e81bcd3e31fdc1758f39858859a94f9bae0774d6
full_precision/target_hand_r1_8.tsv	50760	9247f346a0889b0abcb4e10bd39733c4cf61ef96efba52e9621a4790ff8d636b
full_precision/target_torque_r1_1.tsv	24188	7b6229a12ee0ac9fc2679cff080af2d7a581f00eacd53e3f3b9e20574c7d3abe
full_precision/target_torque_r1_2.tsv	24287	a7565f38e97fe69af83b3ddbad21362b4b7022498967909d1af7e22472a25dea
full_precision/target_torque_r1_3.tsv	24755	c7455236c4e6b368c53e181a66a694c87168a43f42489d6068bfa0f0d71a5bce
full_precision/target_torque_r1_4.tsv	24735	8df4c9c34baa707d7fb140157187dc6cc0ec325162bdff49cc7783bab850100a
full_precision/target_torque_r1_5.tsv	24597	9d2a39b12689af4ddaf2b8520cecf04b5209cd561e0b8421edb3b4b2396ef762
full_precision/target_torque_r1_6.tsv	24476	7096f30d35823dd1608ec10cdd93e4594ac0d6daf8383e9c22d98ee6c44f518a
full_precision/target_torque_r1_7.tsv	24251	5d76008fbc0c3b360f2d5f5f8c339e4e9513e7c13f0f536d6a9829beac47d925
full_precision/target_torque_r1_8.tsv	24250	ddf2199e79da2c6ba1c6ce70d8f38608fd7bfbb59c9af284c72a961d7341b4bd
full_precision/w_rec.tsv	308377	e8f6c91944d2e29c35f48865382bd3070895cd6b08fb0d2fc6b89f16af0b3820
full_precision/w_rec_eigenvalues.tsv	7832	977f26b9383801029ad743fd62ea9ee89f05929ccfc909079a6af8d6bf303e89
full_precision/xstars.tsv	31030	20f204a88fafeb7fa052007324a9a0479a7badb4460e5b7388bb73a157e43150
official_results/actual_hand_traj_r1_1	23869	23b9e2806756b17f543c1e07dcff0c8313cc61bcd5e0276236bfd4dbfdc6d29f
official_results/actual_hand_traj_r1_2	24298	9f4b1b1d4c0101ada7bdde693435e6a09796d6f0a76a9a031c21ef225ea40d54
official_results/actual_hand_traj_r1_3	22969	50a60cee2825342fddb98f8d025a6e3f4d57cffaf37e2089da56a37b2564282c
official_results/actual_hand_traj_r1_4	23483	1ffaa099c67f489c8a90db710c573d64b4d683ab734a0e276a7ab38881bd517d
official_results/actual_hand_traj_r1_5	24682	bdddc1896f29eef1c0008b0fec9f437750b38e7f3582ba8daff2d59454575e6e
official_results/actual_hand_traj_r1_6	24156	302de6923d0c898d9c15b616781a41da6857ac65a602d5c63080f5480f06a70e
official_results/actual_hand_traj_r1_7	25702	cc891bce3fd01c17df9d6e4e483618177d7dbe3f088ed3216fc60b0b5c25a57f
official_results/actual_hand_traj_r1_8	25063	0561e026e05a4196edfd114454a071c256c35daa97d5fd6432b7ea663682952b
official_results/actual_theta_traj_r1_1	22887	e0b566f58d79016b032757f7ee852f92c563464dbc7709b6525c472594acdc29
official_results/actual_theta_traj_r1_2	23265	a350497bab55cfda7e6bae5679e0074f541d74a97524d87c53da4733d687759e
official_results/actual_theta_traj_r1_3	22857	ecf033a64e6d45546d3000df0de4a91acb3bcb15a55c81a606a9e14e1d9e5928
official_results/actual_theta_traj_r1_4	21918	bdee7c7595fd04823aeb12f356a5e951491ab096fb50fc5ef7f37e6f4c98aea2
official_results/actual_theta_traj_r1_5	21681	6b5a6e23352d723852000fef0aa56fe7564ecb02ef51fbea8ebb6bac17ff1251
official_results/actual_theta_traj_r1_6	21677	c6026822b7d080a862ca7c4e9f5f00f07faf3faacf7b842daead3ff8c21d49fd
official_results/actual_theta_traj_r1_7	21615	34102048010aa987dff9ae680d4509b0eef51c589fb317036165e702f9079079
official_results/actual_theta_traj_r1_8	21492	53b374d801a31fb15c6991fad5956fee802ede3793ac5826d4d4254d9be43d9c
official_results/c	3315	0b8dda79b67c9ed21065b8831de9a3f9b2c227c991577cc6107356b549e23fe9
official_results/cost_tracker	4161	29f6c3bef83bad5a79f8f5e1801349f2cbe057b6d31823a8973b597d9a6c4a99
official_results/csp	26	941977e3ca1ea5b7ef3b3cfb0cc7d47a4e32d9c140000383386725059c912f3b
official_results/cxstars	203	f04c88986fbb7a7ebc5317d41347149b6ab57aef94c30adcd9a0fc61a981e6bb
official_results/dxstars	16015	5ebdfec413b31a17242ec2ab089ecdb739b8189c9a7d43c2f3cf76a1b1c5d7d0
official_results/hand_r1_1	23883	f1550f50a3ba3d1fc9561936c0ab34095a83e25d0c2151003e8d2d879baef770
official_results/hand_r1_2	23912	fd4f33c9a01394f47c8efc52080253c7c131ba528444aa46d2492e093c566cfc
official_results/hand_r1_3	22943	678b57edbb175e98f0b0466fe12c5d6f315169f105edddf48d27a259091bd0f3
official_results/hand_r1_4	23484	0caf239891b5a8d6353d9ed3ac0357a7dc3c001301ce0fedfa17dae8651dc9ed
official_results/hand_r1_5	24664	8f721bb6c679509105caaab6c16f405e3a07f32de9da596ce932c0b51909b77a
official_results/hand_r1_6	24138	4ae1d49c872618c84761712fa90b39b5913e5171d5e42f21b45dbe1128fb6171
official_results/hand_r1_7	25375	4e82139a6f77c3d3ca38accdc1f2c0f2897dff567b37302bbbcccdba1952d760
official_results/hand_r1_8	24987	66221fb281de8002b88fafc3386ed7a5492f9771afcf9e3cf9ace3703ab110f6
official_results/reaches_angles.bin	86	931b225436eca667d3e94365460f151436c9ff3b1789ce7c2d860187f7f90e86
official_results/reaches_radius.bin	30	a80698558b34646b6ad380bc1bf6f85e3c9886ebd93249137b86e621f0afb9ec
official_results/setup.bin	94367	01cebedfd3991c50517a5fc90737b2e7852f0ebe30fed5e1a0f9b80b0c59e5d7
official_results/setup_prms.bin	15461	21e522c0bdd55e17b2a63f6e9a51bef552f5bb384c5a824d1fa55ca2943e6883
official_results/spontaneous	1874	430df9a6916af4dbd0b250b79f4a6d358816b8250d2ea71c742c324c48da4320
official_results/stage1_native_export.log	175	a2892b6d5ebb2be094a803a1383672975e486d0a72395f851a73affe6ab80c2b
official_results/stage1_native_reaches.log	5369	de419624db86107e51f280f6194fa5be0629d6291a8787fc8cc0a852564e7440
official_results/stage1_native_setup.log	18121	63eefe3917935e847e8bfabf4d785c46357b17eabde27bb10d3118eba55bc187
official_results/stage1_native_soc.log	7313	8a9c2c1aba230907be17bbbe5b916fcde69af85904ca7052f36f75da4fbbba96
official_results/target_hand_traj_r1_1	23812	9b0bf39882f83624ed90d6ff6bdab5da0e135c7cec99665850ced4b3f2df0f41
official_results/target_hand_traj_r1_2	18448	baedacbbed0fea2dccc23c2ef4b298b54c8b91cbb95e122ff4da784fa1be4ca6
official_results/target_hand_traj_r1_3	22933	f2b066aa4c653768db8689884c55ead523b8f6a16a7e00bdaacde048899e9977
official_results/target_hand_traj_r1_4	23426	51645b69558ad3a5d24cd260827232d094a418ec9df0672f5e4002b71901ea78
official_results/target_hand_traj_r1_5	24622	97b95bfcd3c7287a30697c08282e6dea16265126f5dfe973cfc7d984c960fabb
official_results/target_hand_traj_r1_6	24129	944e7ed17b94da6d3680323d5f4d30d9ed42955431b2bc5f130a5537cceab043
official_results/target_hand_traj_r1_7	25557	61c06a473128d5bd0d0c5c8cff5990470c3c822fa863284b2b428996227d6e0f
official_results/target_hand_traj_r1_8	25008	50e54aa61b1d5b62be3918c6da3c4cfabce1aa628affda4d30dc943b4d9cd183
official_results/target_torque_r1_1	11599	14083cf5cf672e74a9ad878e529cf04f0c1a3287a5c50acb33fc62c1ee142dfa
official_results/target_torque_r1_1.bin	9643	e6525ff11c1e27db1fc09c40f6cddffc4293ce89dcb97be8fafc273d6507e4a9
official_results/target_torque_r1_2	11678	00d38feb1e7797e9334807c013231cd4a28f90695c38cc712bb3a74e796bc933
official_results/target_torque_r1_2.bin	9643	a07fd507c95104d623e2a1389721c3c6a2cba8eebc186f2177b2def6814fdcff
official_results/target_torque_r1_3	12184	31bf6882d15c4ad55e4786fe0ac00b7266a83dc1442760986e141bf46b93db08
official_results/target_torque_r1_3.bin	9643	451fa65118398b70fc6b3a8803afcd30e618145dd5f2800be4011aa846873399
official_results/target_torque_r1_4	12162	2748a74424e45b9ac8e5948239679ad1ffd8d6c3433a30530f8b236a6aea86bc
official_results/target_torque_r1_4.bin	9643	f64dbbabcb687ac1b3e2fe79ad6776bfd45a1c469e60e0606230898f5ecc9b04
official_results/target_torque_r1_5	12027	5d47ae84733a10b456709feb657d1d35e7c18db4022d954ed18eb0462bd0b9dc
official_results/target_torque_r1_5.bin	9643	5e64345baebb8695a176a6415238e291bdfb7193db78cad5b3640d13561cce27
official_results/target_torque_r1_6	11904	5dbc2cd0d7403d4fe4024916cfa3df8bcb0b221514520bb409ecc0a8ace38411
official_results/target_torque_r1_6.bin	9643	c28a6d540519db6c1b44b21b58e4b459ade355a99ebaf1f969f68db5517fe578
official_results/target_torque_r1_7	11679	fb61075d8eb17729927594591f5cd6149e1df836ca36137e5253b26b1c25e0b6
official_results/target_torque_r1_7.bin	9643	b1260aa25106a753f27eb2ceeec6b289e34d00230228e3a1f6386dffa3745191
official_results/target_torque_r1_8	11652	65b70ca59a62ffb255f50a0bd22126a5fcb97261e4af1157d860c3417480e4eb
official_results/target_torque_r1_8.bin	9643	cd4c07d52f7a7101f5f75a4e8bcca903952e74642160745e57dd4c13f20011e7
official_results/target_torques.bin	77010	f97de7069e1c7531fe0d1b23904516b8972903305ef9d7b979befccbd893657d
official_results/theta_r1_1	22844	cad34f012ad96ef5956a86980d75e896e8a3c909be1ac4967982599eb6225343
official_results/theta_r1_2	23084	42e2f55fc9061438567720139c64d81e7ee8f011b30808d7b137ca1d18444dbf
official_results/theta_r1_3	22784	917e1a4c034bf44f4c7eeead2bf912d176b1905cd61cd4a5211b9e0b6c18199e
official_results/theta_r1_4	21798	22d37196027c0e27ab1c1b0ced9ee433a1efdd8475ec163bc166068700319a4a
official_results/theta_r1_5	21811	e98ad11e343b3233d6c3827a3b218b588209df1b92833daa9d6f3dc3e3ff516e
official_results/theta_r1_6	21790	ef6a3443cd579e25a703f796799f05c05792b9ee8ad6266f4b553d079eab854b
official_results/theta_r1_7	21613	ffc3cda12ceb039ba47c667efa2b9c25dfbd46032c03040bef7079e0b38e37b3
official_results/theta_r1_8	21354	8814d5d48de61ddfabf1dfeae8afa0a3e4326d554118c8cb96861f4d713bf8e6
official_results/torque_r1_1	11580	215e9259e6e035dfc4de59c60fe1caadfc2d17b0557b7c4995849717cc18bdc2
official_results/torque_r1_2	11726	ac2eb4179d2daa4c0dec8a393c79cc015aca0f20b8cacd700e1b9c6ec62772be
official_results/torque_r1_3	12167	708eaf3229dd90203fe451e96189adc384e9ee309262428ef712eaccefa7e4a6
official_results/torque_r1_4	12167	6fce69855435a0712c88bc950b1c19ff5e6facf137bdd12431114048f2cce8a8
official_results/torque_r1_5	11988	295a86cb2c7f102a36d3cef01eca6de79a1ec5ebad76eb5ead8eb9219116314b
official_results/torque_r1_6	11872	c0931def9e8ff38d7086beaeb85746ab016b3880622e888ff98ce0e20f5ed98c
official_results/torque_r1_7	11649	eb8ef1eab84d1264f4d41fcd17515ded1f0c9a12880607dc427e0a0902c05232
official_results/torque_r1_8	11718	dc5c61547f60fdc64d61d425967441ba6d4a6493ee07c45a8214b4cac31c1a95
official_results/w_rec	188042	f8f85a6ee4b2722abf07655ab4b3ba528609c486b621a0c77d1bf29fc883e70b
official_results/w_rec_eig	3766	f6cc8023bfd62220d0531442d1cff179784ea48f96e3768b3a238ab78f3594b3
official_results/x_r1_1	963374	19977bdd59ec341be4f258bd277e5dc860933e344dfa4a52b58b88f175597a85
official_results/x_r1_2	964095	c37cd84a6738b8914d23f46a4bfba084dbabbea18165f976304b074e4ac0dc14
official_results/x_r1_3	968343	0e72eb841091b741e866b65adb2ddcd72c6db39b1cf823342a42397b0f1dc1a4
official_results/x_r1_4	966226	2124228feef62d4e694982d9945cd3583a891ebb01402d2ad69518a30eff93c0
official_results/x_r1_5	963956	fe470151eccb63c78bbed44e12bdc8aa6c9d9f103994df413fcb007b9fd94a83
official_results/x_r1_6	961203	5015292bb6cf0bdc99704dfdfa8ba8a18c7c9ed4bb13d11c635f113f5283c825
official_results/x_r1_7	962007	7990d8c92d518cf1c67e0e15effd4be5f8ae5a6f0e351cde23fccd38c69f0e3d
official_results/x_r1_8	959920	56aa712317bf9854cad696ed17968cac9a027a005a4216195292c3eb6fd34186
official_results/xstars	13610	c52145a3393bb4bd815ce34cdfeb0f8fd9182ebce99d6a129ee7b1850902b2f7
upstream_provenance.json	1197	dbbf2045ba88f11e2dee834b2868c8c77cbf3de9eb7d21015f3c4ec1627db295
