"Path","Bytes","SHA256"
"kao_optimal_preparation_exporter/dune","80","6C0346FC7A3966763BCE3F6A68F0B38D0F6C6B38C5D257425BB11C99B21B5907"
"kao_optimal_preparation_exporter/export_stage1.ml","9348","E4F115D21BABA002138A2F262C508570623FC111141945640442821778630A73"
"kao_optimal_preparation_exporter/package_native_reference.py","8947","C53358F4DA45E76BA51BECB3C72F8E60D56B028B3C184EA056E71098A78BC5D9"
"kao_optimal_preparation_exporter/validate_native_export.py","5894","F39201DB32F344EA740F3414B870B0A538D098287AA4D358F5A56E30E58560B5"
"kao_optimal_preparation_materials/Kao_Sadabadi_Hennequin_2021_Neuron.pdf","5708015","C08C3187617265ECF3FD9584FF5861DB2154C1B7D69656DA1175AE0E28AF9AF2"
"kao_optimal_preparation/.git/config","315","EE388BF5786350721F3A9E979D09D2938F59681A14B5B21EBEFD71F3D3A23DB7"
"kao_optimal_preparation/.git/description","73","85AB6C163D43A17EA9CF7788308BCA1466F1B0A8D1CC92E26E9BF63DA4062AEE"
"kao_optimal_preparation/.git/HEAD","21","28D25BF82AF4C0E2B72F50959B2BEB859E3E60B9630A5E8C603DAD4DDB2B6E80"
"kao_optimal_preparation/.git/hooks/applypatch-msg.sample","478","0223497A0B8B033AA58A3A521B8629869386CF7AB0E2F101963D328AA62193F7"
"kao_optimal_preparation/.git/hooks/commit-msg.sample","896","1F74D5E9292979B573EBD59741D46CB93FF391ACDD083D340B94370753D92437"
"kao_optimal_preparation/.git/hooks/fsmonitor-watchman.sample","4726","E0549964E93897B519BD8E333C037E51FFF0F88BA13E086A331592BF801FA1D0"
"kao_optimal_preparation/.git/hooks/post-update.sample","189","81765AF2DAEF323061DCBC5E61FC16481CB74B3BAC9AD8A174B186523586F6C5"
"kao_optimal_preparation/.git/hooks/pre-applypatch.sample","424","E15C5B469EA3E0A695BEA6F2C82BCF8E62821074939DDD85B77E0007FF165475"
"kao_optimal_preparation/.git/hooks/pre-commit.sample","1649","57185B7B9F05239D7AB52DB045F5B89EB31348D7B2177EAB214F5EB872E1971B"
"kao_optimal_preparation/.git/hooks/pre-merge-commit.sample","416","D3825A70337940EBBD0A5C072984E13245920CDF8898BD225C8D27A6DFC9CB53"
"kao_optimal_preparation/.git/hooks/pre-push.sample","1374","ECCE9C7E04D3F5DD9D8ADA81753DD1D549A9634B26770042B58DDA00217D086A"
"kao_optimal_preparation/.git/hooks/pre-rebase.sample","4898","4FEBCE867790052338076F4E66CC47EFB14879D18097D1D61C8261859EAAA7B3"
"kao_optimal_preparation/.git/hooks/pre-receive.sample","544","A4C3D2B9C7BB3FD8D1441C31BD4EE71A595D66B44FCF49DDB310252320169989"
"kao_optimal_preparation/.git/hooks/prepare-commit-msg.sample","1492","E9DDCAA4189FDDD25ED97FC8C789ECA7B6CA16390B2392AE3276F0C8E1AA4619"
"kao_optimal_preparation/.git/hooks/push-to-checkout.sample","2783","A53D0741798B287C6DD7AFA64AEE473F305E65D3F49463BB9D7408EC3B12BF5F"
"kao_optimal_preparation/.git/hooks/sendemail-validate.sample","2308","44EBFC923DC5466BC009602F0ECF067B9C65459ABFE8868DDC49B78E6CED7A92"
"kao_optimal_preparation/.git/hooks/update.sample","3650","8D5F2FA83E103CF08B57EAA67521DF9194F45CBDBCB37DA52AD586097A14D106"
"kao_optimal_preparation/.git/index","3410","0D17DC142E4EEB0C5B33C3E752B7B8D1B10FBE91E8A8D90C6DE6E960CDA47DD7"
"kao_optimal_preparation/.git/info/exclude","240","6671FE83B7A07C8932EE89164D1F2793B2318058EB8B98DC5C06EE0A5A3B0EC1"
"kao_optimal_preparation/.git/logs/HEAD","201","8580C49B767D62CC899B1AC3FE937A8B0C8019F4E6544032769E2B6BB8D334AC"
"kao_optimal_preparation/.git/logs/refs/heads/main","201","8580C49B767D62CC899B1AC3FE937A8B0C8019F4E6544032769E2B6BB8D334AC"
"kao_optimal_preparation/.git/logs/refs/remotes/origin/HEAD","201","8580C49B767D62CC899B1AC3FE937A8B0C8019F4E6544032769E2B6BB8D334AC"
"kao_optimal_preparation/.git/objects/pack/pack-aa19fb3e200459909800a4f81b7b209b29d49535.idx","2472","4CEAC94FC080047CC493F2ACABC51AADF202B61FD99EEF58F2DFEBFE31BEA340"
"kao_optimal_preparation/.git/objects/pack/pack-aa19fb3e200459909800a4f81b7b209b29d49535.pack","27216","297BE88548642DD45ED8C0D6D25D5411A5D6E99F4ACD7A87960253C092C924A9"
"kao_optimal_preparation/.git/objects/pack/pack-aa19fb3e200459909800a4f81b7b209b29d49535.rev","252","D52678449DFA9BC088F7084CA0B60AD42E083CCC94703241AAF18CD7DFF4DF96"
"kao_optimal_preparation/.git/packed-refs","112","D5E4EA81FE9E7B82FEAD9319BF058979FABDC174CB96E00DF58BFA8BD2DD2624"
"kao_optimal_preparation/.git/refs/heads/main","41","9FC82FB0BBCD070DEB3FB11B0B5D30F5EB264FE8FA40E3829A950ED357EFEAFB"
"kao_optimal_preparation/.git/refs/remotes/origin/HEAD","30","2BB6A24AA0FC6C484100F5D51A29BBAD841CD2C755F5D93FAA204E5DBB4EB2B4"
"kao_optimal_preparation/.gitignore","279","8C0A7C656C1B90572E5B5EA87D57E6C5129D63B7DE7AB68828C0666115D3C317"
"kao_optimal_preparation/.ocamlformat","48","F02AC279BCF4FFBFD1666EF2CE043E0CD3875FF3828F3DB3F55B6458A909FA00"
"kao_optimal_preparation/construct/dune","172","5F586ED1506A527050C71AD28E0B83240A4AA4506BD442131608CDC33ACABBE1"
"kao_optimal_preparation/construct/dynamic_setup.ml","7668","9655E2BA538BAEE2A9DCBDBDF61DCEE59DDEE53692982866A798E91815BA7BAA"
"kao_optimal_preparation/construct/dynamic.ml","1939","76A2ACBE625F34C9405D27A0693DCF936FB3D28893A8351E1D115D0051A557AD"
"kao_optimal_preparation/construct/naive.ml","569","D9A119E68319A053C994BC967D96458E6483A8AFB5DA82E66037E28409537BAE"
"kao_optimal_preparation/construct/reaches.ml","2044","2A30EB34D083DEBFD9BEDDD6605616A6CFB4680D759A4435DA17F43A3507E638"
"kao_optimal_preparation/construct/setup_base.ml","4237","A38655DFFBDDC0330EB30FF085DF7AAD0AADED2C987453C736B1DB23A064068A"
"kao_optimal_preparation/construct/setup.ml","5999","8656CD48C8B731BDC7B552ABC7F0BEE2EAEDFD00E5A3FBA66B07F032A2994B07"
"kao_optimal_preparation/construct/vanilla.ml","1029","814A754B0B6477031D54D80941D822AE81FF7CBF942C17A3C26AFCC3C8CA44F4"
"kao_optimal_preparation/dune-project","17","993FC51DB2713DFFE188441A4F3BA9A8471026EA068D7D551DA49534E849429D"
"kao_optimal_preparation/lib/biomechanics/biomechanics_arm.ml","8035","3FFE7D808F2D5946776688F12E632BB46BD4492D9D4E5CE7A2670AE69D753CAD"
"kao_optimal_preparation/lib/biomechanics/biomechanics_arm.mli","756","3839EF68925C0264E50312717B2372BEFC5A28EBED82157B371CE9EA6C9B712D"
"kao_optimal_preparation/lib/biomechanics/biomechanics_task.ml","372","344EF445BD367B9025C6CAA4A21944356C8A020F764E2E523097C01AA60EADBD"
"kao_optimal_preparation/lib/biomechanics/biomechanics.ml","112","162338261D75CC4F1B153A146918876240DE6D9E861F584A6BE571D606DFB4E4"
"kao_optimal_preparation/lib/controller.ml","5110","FA10DA96105F4AF12A2DC3C2CB03C65D42D43BD5B90E28760E182860927A58BF"
"kao_optimal_preparation/lib/controller.mli","949","01A55FA4039420F84581B119B134853EA01FC8818DEC20F5D9A062A3D2E67C39"
"kao_optimal_preparation/lib/defaults_base.ml","823","CAEEEEA8C047B2FA7DC2B38555AE81A5BFDCDB6010DCC2EF7FD169A30917C633"
"kao_optimal_preparation/lib/defaults.ml","754","3CE2EF1201A7AB302BE3EB2719075E31A17C55FA72400308950D1475FAE0E13C"
"kao_optimal_preparation/lib/dir.ml","103","08F971D938EF0FDECA5425DBB61F194AB78F2D551C26C505287999EA7CD85748"
"kao_optimal_preparation/lib/dune","207","E8D41F6019E4442AC464D594E07C0875F71491133C900D6D8BB92A536B75C049"
"kao_optimal_preparation/lib/dynamics_autodiff.ml","1841","7BBC4D5A34569C144F9551F4FFCF6759C958E877ABB4744282D072047C803812"
"kao_optimal_preparation/lib/dynamics_autodiff.mli","556","B9894B7EB0516EB1DA12C87D01C7D878768B9E3A67FD0F9E38851D3FCD27FEFC"
"kao_optimal_preparation/lib/dynamics.ml","6062","52C3092342A53B5D99BF048ECDAAC05C365FAD601E430144C437639054692625"
"kao_optimal_preparation/lib/dynamics.mli","1618","19A4DB87D7543F24898DB3E518544F03E566F6AA691F642C0C54ACCD02F035F7"
"kao_optimal_preparation/lib/gramians.ml","2316","5941CD851C5117783BC3B5D9B593507C286020FD652E8325F5115AB1FCF47CC4"
"kao_optimal_preparation/lib/gramians.mli","466","4C3305811D53374C5DFA46CDAEEF9FF1DC27F8B209AB66A58FD105C619CA3686"
"kao_optimal_preparation/lib/lqr.ml","3352","C0AF8A477B85A5ECDAF753F1B1579F0D6603FAFA7DE1ABD2A1734DDB97A38E3E"
"kao_optimal_preparation/lib/lqr.mli","221","A93068B7DD3F78573288C01A8C4DE041DE0909A67CE3420DEFE4B7D8E9DDDEC3"
"kao_optimal_preparation/lib/miscellaneous.ml","2212","163014218133DCBBED5E32B971BC12FAFC977184F4B05C86D67F131A64BEF8FC"
"kao_optimal_preparation/lib/miscellaneous.mli","863","C0DFCBE95F95D2D6B0BF955F2418DE933A72B6F6D01E927425FAC1E5C5343F31"
"kao_optimal_preparation/lib/signals.ml","1528","857DAB3EDF4823E040763828CE95589771B10A77F0D20F9BEB5DE56E0BAF3FB8"
"kao_optimal_preparation/lib/simple.ml","5984","121529DEB2DBD912014C739ED0CC8870B1DE9C58503CA66F93152A659D9E77F4"
"kao_optimal_preparation/lib/simple.mli","1306","98E4A431B88BE771DB0BFB5FD256AC384EE38238EF00CAED62D4AC75E94B81B7"
"kao_optimal_preparation/lib/tspecs.ml","674","4A04FEA22E06DB3391F9FA9ED39C0FDF4A668483C7BD7F9ECD3419A1FC2BC95C"
"kao_optimal_preparation/native_reference_40077d2.tar.gz","14130787","339172D55FF2B3395673E8605859553A3A55C6C61A7C8B32A2B4850EC53EC6B7"
"kao_optimal_preparation/native_reference_40077d2/artifact_manifest.tsv","17603","176D064CCCFCD6797C9D2D0A53FD80072826085CB3E3A3A4E5627BF6120DEE28"
"kao_optimal_preparation/native_reference_40077d2/environment.json","2479","553E3193944F9DEE4C1B90DF92FC8968A5F49C3A19E720442ACE32910AC350BC"
"kao_optimal_preparation/native_reference_40077d2/EXACT_COMMANDS.md","1660","205C6B9CDB30A5C135BBCC7C89F39305E91E04F2EB203DD64B4D86641AFF9700"
"kao_optimal_preparation/native_reference_40077d2/EXPORTER_ONLY_CHANGES.md","677","B8F9164718BC56C25913234E94B508D15BE4C6DE40FA58E371A9A48055F897C4"
"kao_optimal_preparation/native_reference_40077d2/exporter_source/dune","80","6C0346FC7A3966763BCE3F6A68F0B38D0F6C6B38C5D257425BB11C99B21B5907"
"kao_optimal_preparation/native_reference_40077d2/exporter_source/export_stage1.ml","9348","E4F115D21BABA002138A2F262C508570623FC111141945640442821778630A73"
"kao_optimal_preparation/native_reference_40077d2/exporter_source/package_native_reference.py","8947","C53358F4DA45E76BA51BECB3C72F8E60D56B028B3C184EA056E71098A78BC5D9"
"kao_optimal_preparation/native_reference_40077d2/exporter_source/validate_native_export.py","5894","F39201DB32F344EA740F3414B870B0A538D098287AA4D358F5A56E30E58560B5"
"kao_optimal_preparation/native_reference_40077d2/full_precision/a_movement_eigenvalues.tsv","7869","3A1FE6C28E6E73F088E30BE412B0EECE75BB7E27D0419FEF1F0C70282DDED896"
"kao_optimal_preparation/native_reference_40077d2/full_precision/a_movement.tsv","308577","191AE2B03B437CD9EEC3EBF4311486A516C8D2DF5150BE07A1DF9A164747A492"
"kao_optimal_preparation/native_reference_40077d2/full_precision/baseline_drive_h.tsv","3779","EE799054EC194321A4EEAA162462FF9ABFEF3522D679E8ED820C735D56EECFC2"
"kao_optimal_preparation/native_reference_40077d2/full_precision/c_full.tsv","6980","182338570031F7DF07CE2E87F0B2A69DDA0904CE6FE782D1467E4147205300E4"
"kao_optimal_preparation/native_reference_40077d2/full_precision/c_readout_excitatory.tsv","6820","2FFE28D473073B7676B071D13CB0572F849C84C849ACE22817B6463E0E9EA216"
"kao_optimal_preparation/native_reference_40077d2/full_precision/ei_class.tsv","440","9421F8CAAEC40F01115B2B53BCF3C3346AC25FA2F9CC4E0C3837084214128963"
"kao_optimal_preparation/native_reference_40077d2/full_precision/gamma.tsv","64000","7216547F258D4500A788FF6BD56099CFC5F2E18FFD6849D1E9D1A65922DAF8A6"
"kao_optimal_preparation/native_reference_40077d2/full_precision/native_cortical_r1_1.tsv","2280819","15FEEF81D5F166D5EC2FD6ACB7EBDB6C1AB8B063538B9E7BB73FAD0DCF48B489"
"kao_optimal_preparation/native_reference_40077d2/full_precision/native_cortical_r1_2.tsv","2281398","AA66D053B3982A46F317A81CED4E4B165D8A6F48A91A50BBCA237306D3D421FA"
"kao_optimal_preparation/native_reference_40077d2/full_precision/native_cortical_r1_3.tsv","2285434","B109CF7A464054E9D95D9B15EC99591AFDFEF3326F9D12746F0511E642BE628E"
"kao_optimal_preparation/native_reference_40077d2/full_precision/native_cortical_r1_4.tsv","2283464","4F8C560570F405C08FFF782D902CEC56FAB70DCE0784B318934551ECE1851B1C"
"kao_optimal_preparation/native_reference_40077d2/full_precision/native_cortical_r1_5.tsv","2281269","18130F8829C5A79A6571048894E72FEED547AE0380435F249774DB200E473534"
"kao_optimal_preparation/native_reference_40077d2/full_precision/native_cortical_r1_6.tsv","2278190","C618E8B5D5DBA1EDF9AD6F72F99AE0708EC8C391667D2E66FD18035CC24FBAB4"
"kao_optimal_preparation/native_reference_40077d2/full_precision/native_cortical_r1_7.tsv","2278913","CABF1E32DA18005F310A3C18765E8A96A328A056F8386A5C307373F08AB044F7"
"kao_optimal_preparation/native_reference_40077d2/full_precision/native_cortical_r1_8.tsv","2277219","86D1C382D54E254A73E431715B283FAF5FE04D8C4CD692CA1EF4C8C472A8266B"
"kao_optimal_preparation/native_reference_40077d2/full_precision/native_hand_r1_1.tsv","49663","41E78E3443CE4FA5B6E47C9E637D733AE8E0E191411627B3555C1280495A658F"
"kao_optimal_preparation/native_reference_40077d2/full_precision/native_hand_r1_2.tsv","49661","062E568D55D194F9BD959E71A1E52F3BD1284C6E540105CF0BDBDA212EA67469"
"kao_optimal_preparation/native_reference_40077d2/full_precision/native_hand_r1_3.tsv","48737","0BB07DC539F086D056941D38B14F108E3819A9BE3D4C4D0258BF7E347BEA045B"
"kao_optimal_preparation/native_reference_40077d2/full_precision/native_hand_r1_4.tsv","49274","42AE1ADD49D0F2ED68B0D2BE0965E408E96982CD5B4D099FC9FDAD1D01CA2902"
"kao_optimal_preparation/native_reference_40077d2/full_precision/native_hand_r1_5.tsv","50404","58BD1709EFEE8F42FC8B580D66804026C93879553CE9474ABB0A34703E6DF754"
"kao_optimal_preparation/native_reference_40077d2/full_precision/native_hand_r1_6.tsv","49863","9A255B0903AF12A6146291F6E2659BDD9FC780AA95F366FA1D12DF42FD5C67AE"
"kao_optimal_preparation/native_reference_40077d2/full_precision/native_hand_r1_7.tsv","51046","DF28CFDDA14612AAD65EBFAE50509F50046A716C437DF4FA583A57A18C28ABB9"
"kao_optimal_preparation/native_reference_40077d2/full_precision/native_hand_r1_8.tsv","50755","7C71AB70A6EFB0F4A90AD1BDAAC8A7FC92DA438277BFEE470FA4B78E0A9D0550"
"kao_optimal_preparation/native_reference_40077d2/full_precision/native_metadata.tsv","1324","5153868DEAFDB4BCB941BDE9AE44FA53396F4CF3929FD07D2BE034C07A28047A"
"kao_optimal_preparation/native_reference_40077d2/full_precision/native_movement_summary.tsv","1128","0E231B748FD763E1DBC25198E60818EE2FE6B9931F55EC4F79B1611C9682786F"
"kao_optimal_preparation/native_reference_40077d2/full_precision/native_theta_r1_1.tsv","48530","17B8A18FE096953575DFB507F6FC423FF7C7DB875B0D6B671536A1D54AE96AF5"
"kao_optimal_preparation/native_reference_40077d2/full_precision/native_theta_r1_2.tsv","48834","452AAAEB85D8D3BBECD0A581935912A5C3AC895FC67457BA868EC65D1AD89B86"
"kao_optimal_preparation/native_reference_40077d2/full_precision/native_theta_r1_3.tsv","48560","BC11696C8F3DB8852F73E0A5CC5A7F81ABF1061F4FEADA415E1585D0754590F3"
"kao_optimal_preparation/native_reference_40077d2/full_precision/native_theta_r1_4.tsv","47571","F8EFD134E576D2881BE70C013189F341757CF116A89B169752518970CB309A7F"
"kao_optimal_preparation/native_reference_40077d2/full_precision/native_theta_r1_5.tsv","47486","04DE50C8F2F9263FF6B2734E438190F98D8AA9EDA05A3DFE8B90FD6FAC047204"
"kao_optimal_preparation/native_reference_40077d2/full_precision/native_theta_r1_6.tsv","47506","6A411139B07015CBA3B189582423116E2C1131FF6EDF78CB3B473847F2172982"
"kao_optimal_preparation/native_reference_40077d2/full_precision/native_theta_r1_7.tsv","47460","842F41ECB67019FF46663614ABD49F63793DCC1728865D6736EDFA62BC556114"
"kao_optimal_preparation/native_reference_40077d2/full_precision/native_theta_r1_8.tsv","47252","A9E114DF6169A22A47D2E0F7576DBCA184D4D72712C8C882BBED6CAD074CEB33"
"kao_optimal_preparation/native_reference_40077d2/full_precision/native_torque_r1_1.tsv","24159","DAA808C67AE06B1406003F5EAD4C005D86B3A7570FB50D9D4258258C6781A691"
"kao_optimal_preparation/native_reference_40077d2/full_precision/native_torque_r1_2.tsv","24292","290DDEB0882A70D027A20C38F29E10A5658951D8877932CE1D0282EBAEE3C405"
"kao_optimal_preparation/native_reference_40077d2/full_precision/native_torque_r1_3.tsv","24739","C96EA2B5A41AC3D9DB160D6F86139756F0F37656C93EB712858D5C2258ED5619"
"kao_optimal_preparation/native_reference_40077d2/full_precision/native_torque_r1_4.tsv","24758","3E2A5F437EDBA5CB6A84577CDCC2DDE7049E23B37188F829A3B533DA418C24AA"
"kao_optimal_preparation/native_reference_40077d2/full_precision/native_torque_r1_5.tsv","24560","6F5935236DE72DBEF7BBF02A28C9AA31F9C6CBBE6DF8A8BAB7BC8429A0DB53C7"
"kao_optimal_preparation/native_reference_40077d2/full_precision/native_torque_r1_6.tsv","24462","0F1629F5D731F514721849040702442CD845392AAE8372AEDBF247EE5368AABD"
"kao_optimal_preparation/native_reference_40077d2/full_precision/native_torque_r1_7.tsv","24225","F8B5AD535EBA359A60A8F89612877022E1F9A96FDDEF14EBDC29BB70308C65D5"
"kao_optimal_preparation/native_reference_40077d2/full_precision/native_torque_r1_8.tsv","24277","02137BBCA6BEAC80BAFB90BBB9370969452AE92702C1C722ACE0B0CD125D60A0"
"kao_optimal_preparation/native_reference_40077d2/full_precision/native_validation_console.txt","1185","0B044F0B73D5F873CD9C810B8B18B8833F24FE834C6F2F45F46D11B6BEDCE414"
"kao_optimal_preparation/native_reference_40077d2/full_precision/native_validation_summary.json","1185","0B044F0B73D5F873CD9C810B8B18B8833F24FE834C6F2F45F46D11B6BEDCE414"
"kao_optimal_preparation/native_reference_40077d2/full_precision/native_validation_summary.tsv","734","786E248B8115E2BF9BD2133EBDEB72A3CF50A9CC6A580275222D96D3ACB74EAD"
"kao_optimal_preparation/native_reference_40077d2/full_precision/prospective_q_eigenvalues.tsv","4506","5E0D74A43505FE317E132ABDE6881F3DC4949563AC4DFBF3A2B215BBE392C77C"
"kao_optimal_preparation/native_reference_40077d2/full_precision/prospective_q_eigenvectors.tsv","854936","826A416EF9B051D4A8AAAAC1D7E22BEBF89A944F6DD2E2F0D328CF2D9F3D23E0"
"kao_optimal_preparation/native_reference_40077d2/full_precision/prospective_q_unit_trace.tsv","829299","DBC8C1A6E930B06CCAEE741EA655A6323D4D0E1D5A584A5F337D9A10E765815B"
"kao_optimal_preparation/native_reference_40077d2/full_precision/prospective_q.tsv","871075","75461D3E628F2AB934B699D2BE470452BB987BBE1126A062B1E86A6BFD55BAF4"
"kao_optimal_preparation/native_reference_40077d2/full_precision/spontaneous.tsv","3869","0F5681428F4F7FF6E9EC50838E698C981E25B60F05FBF908F87AAC8B39B96993"
"kao_optimal_preparation/native_reference_40077d2/full_precision/target_hand_r1_1.tsv","49520","459E8BE5E90C4E916B82861FFAD0E40ECB1D9FA7A969D9EE447D7366917CEE1D"
"kao_optimal_preparation/native_reference_40077d2/full_precision/target_hand_r1_2.tsv","37006","DE1AEEA6B4C1D60D411F0919515E0F223CA94BA8EBCFC8AA0F28B9F941DB8F0D"
"kao_optimal_preparation/native_reference_40077d2/full_precision/target_hand_r1_3.tsv","48645","F02441D780A889B0D48EE5B0475C89E1AA368F4CA692B47DA37E136813E1C09B"
"kao_optimal_preparation/native_reference_40077d2/full_precision/target_hand_r1_4.tsv","49193","FD177092A229661E04B72A9DC33393D183740DEB1B5BE9CE98FEA08CB50D3384"
"kao_optimal_preparation/native_reference_40077d2/full_precision/target_hand_r1_5.tsv","50381","4066D52A071F2348C21105FDD1E190198A22E0CF28660D97BA0561BE596E9681"
"kao_optimal_preparation/native_reference_40077d2/full_precision/target_hand_r1_6.tsv","49848","6471666FDC040C604AC70864B39AD334E3119A9F42F5C8E77923538552D3948B"
"kao_optimal_preparation/native_reference_40077d2/full_precision/target_hand_r1_7.tsv","50686","C8ADD6C5440FF70539A02BF0E81BCD3E31FDC1758F39858859A94F9BAE0774D6"
"kao_optimal_preparation/native_reference_40077d2/full_precision/target_hand_r1_8.tsv","50760","9247F346A0889B0ABCB4E10BD39733C4CF61EF96EFBA52E9621A4790FF8D636B"
"kao_optimal_preparation/native_reference_40077d2/full_precision/target_torque_r1_1.tsv","24188","7B6229A12EE0AC9FC2679CFF080AF2D7A581F00EACD53E3F3B9E20574C7D3ABE"
"kao_optimal_preparation/native_reference_40077d2/full_precision/target_torque_r1_2.tsv","24287","A7565F38E97FE69AF83B3DDBAD21362B4B7022498967909D1AF7E22472A25DEA"
"kao_optimal_preparation/native_reference_40077d2/full_precision/target_torque_r1_3.tsv","24755","C7455236C4E6B368C53E181A66A694C87168A43F42489D6068BFA0F0D71A5BCE"
"kao_optimal_preparation/native_reference_40077d2/full_precision/target_torque_r1_4.tsv","24735","8DF4C9C34BAA707D7FB140157187DC6CC0EC325162BDFF49CC7783BAB850100A"
"kao_optimal_preparation/native_reference_40077d2/full_precision/target_torque_r1_5.tsv","24597","9D2A39B12689AF4DDAF2B8520CECF04B5209CD561E0B8421EDB3B4B2396EF762"
"kao_optimal_preparation/native_reference_40077d2/full_precision/target_torque_r1_6.tsv","24476","7096F30D35823DD1608EC10CDD93E4594AC0D6DAF8383E9C22D98EE6C44F518A"
"kao_optimal_preparation/native_reference_40077d2/full_precision/target_torque_r1_7.tsv","24251","5D76008FBC0C3B360F2D5F5F8C339E4E9513E7C13F0F536D6A9829BEAC47D925"
"kao_optimal_preparation/native_reference_40077d2/full_precision/target_torque_r1_8.tsv","24250","DDF2199E79DA2C6BA1C6CE70D8F38608FD7BFBB59C9AF284C72A961D7341B4BD"
"kao_optimal_preparation/native_reference_40077d2/full_precision/w_rec_eigenvalues.tsv","7832","977F26B9383801029AD743FD62EA9EE89F05929CCFC909079A6AF8D6BF303E89"
"kao_optimal_preparation/native_reference_40077d2/full_precision/w_rec.tsv","308377","E8F6C91944D2E29C35F48865382BD3070895CD6B08FB0D2FC6B89F16AF0B3820"
"kao_optimal_preparation/native_reference_40077d2/full_precision/xstars.tsv","31030","20F204A88FAFEB7FA052007324A9A0479A7BADB4460E5B7388BB73A157E43150"
"kao_optimal_preparation/native_reference_40077d2/official_results/actual_hand_traj_r1_1","23869","23B9E2806756B17F543C1E07DCFF0C8313CC61BCD5E0276236BFD4DBFDC6D29F"
"kao_optimal_preparation/native_reference_40077d2/official_results/actual_hand_traj_r1_2","24298","9F4B1B1D4C0101ADA7BDDE693435E6A09796D6F0A76A9A031C21EF225EA40D54"
"kao_optimal_preparation/native_reference_40077d2/official_results/actual_hand_traj_r1_3","22969","50A60CEE2825342FDDB98F8D025A6E3F4D57CFFAF37E2089DA56A37B2564282C"
"kao_optimal_preparation/native_reference_40077d2/official_results/actual_hand_traj_r1_4","23483","1FFAA099C67F489C8A90DB710C573D64B4D683AB734A0E276A7AB38881BD517D"
"kao_optimal_preparation/native_reference_40077d2/official_results/actual_hand_traj_r1_5","24682","BDDDC1896F29EEF1C0008B0FEC9F437750B38E7F3582BA8DAFF2D59454575E6E"
"kao_optimal_preparation/native_reference_40077d2/official_results/actual_hand_traj_r1_6","24156","302DE6923D0C898D9C15B616781A41DA6857AC65A602D5C63080F5480F06A70E"
"kao_optimal_preparation/native_reference_40077d2/official_results/actual_hand_traj_r1_7","25702","CC891BCE3FD01C17DF9D6E4E483618177D7DBE3F088ED3216FC60B0B5C25A57F"
"kao_optimal_preparation/native_reference_40077d2/official_results/actual_hand_traj_r1_8","25063","0561E026E05A4196EDFD114454A071C256C35DAA97D5FD6432B7EA663682952B"
"kao_optimal_preparation/native_reference_40077d2/official_results/actual_theta_traj_r1_1","22887","E0B566F58D79016B032757F7EE852F92C563464DBC7709B6525C472594ACDC29"
"kao_optimal_preparation/native_reference_40077d2/official_results/actual_theta_traj_r1_2","23265","A350497BAB55CFDA7E6BAE5679E0074F541D74A97524D87C53DA4733D687759E"
"kao_optimal_preparation/native_reference_40077d2/official_results/actual_theta_traj_r1_3","22857","ECF033A64E6D45546D3000DF0DE4A91ACB3BCB15A55C81A606A9E14E1D9E5928"
"kao_optimal_preparation/native_reference_40077d2/official_results/actual_theta_traj_r1_4","21918","BDEE7C7595FD04823AEB12F356A5E951491AB096FB50FC5EF7F37E6F4C98AEA2"
"kao_optimal_preparation/native_reference_40077d2/official_results/actual_theta_traj_r1_5","21681","6B5A6E23352D723852000FEF0AA56FE7564ECB02EF51FBEA8EBB6BAC17FF1251"
"kao_optimal_preparation/native_reference_40077d2/official_results/actual_theta_traj_r1_6","21677","C6026822B7D080A862CA7C4E9F5F00F07FAF3FAACF7B842DAEAD3FF8C21D49FD"
"kao_optimal_preparation/native_reference_40077d2/official_results/actual_theta_traj_r1_7","21615","34102048010AA987DFF9AE680D4509B0EEF51C589FB317036165E702F9079079"
"kao_optimal_preparation/native_reference_40077d2/official_results/actual_theta_traj_r1_8","21492","53B374D801A31FB15C6991FAD5956FEE802EDE3793AC5826D4D4254D9BE43D9C"
"kao_optimal_preparation/native_reference_40077d2/official_results/c","3315","0B8DDA79B67C9ED21065B8831DE9A3F9B2C227C991577CC6107356B549E23FE9"
"kao_optimal_preparation/native_reference_40077d2/official_results/cost_tracker","4161","29F6C3BEF83BAD5A79F8F5E1801349F2CBE057B6D31823A8973B597D9A6C4A99"
"kao_optimal_preparation/native_reference_40077d2/official_results/csp","26","941977E3CA1EA5B7EF3B3CFB0CC7D47A4E32D9C140000383386725059C912F3B"
"kao_optimal_preparation/native_reference_40077d2/official_results/cxstars","203","F04C88986FBB7A7EBC5317D41347149B6AB57AEF94C30ADCD9A0FC61A981E6BB"
"kao_optimal_preparation/native_reference_40077d2/official_results/dxstars","16015","5EBDFEC413B31A17242EC2AB089ECDB739B8189C9A7D43C2F3CF76A1B1C5D7D0"
"kao_optimal_preparation/native_reference_40077d2/official_results/hand_r1_1","23883","F1550F50A3BA3D1FC9561936C0AB34095A83E25D0C2151003E8D2D879BAEF770"
"kao_optimal_preparation/native_reference_40077d2/official_results/hand_r1_2","23912","FD4F33C9A01394F47C8EFC52080253C7C131BA528444AA46D2492E093C566CFC"
"kao_optimal_preparation/native_reference_40077d2/official_results/hand_r1_3","22943","678B57EDBB175E98F0B0466FE12C5D6F315169F105EDDDF48D27A259091BD0F3"
"kao_optimal_preparation/native_reference_40077d2/official_results/hand_r1_4","23484","0CAF239891B5A8D6353D9ED3AC0357A7DC3C001301CE0FEDFA17DAE8651DC9ED"
"kao_optimal_preparation/native_reference_40077d2/official_results/hand_r1_5","24664","8F721BB6C679509105CAAAB6C16F405E3A07F32DE9DA596CE932C0B51909B77A"
"kao_optimal_preparation/native_reference_40077d2/official_results/hand_r1_6","24138","4AE1D49C872618C84761712FA90B39B5913E5171D5E42F21B45DBE1128FB6171"
"kao_optimal_preparation/native_reference_40077d2/official_results/hand_r1_7","25375","4E82139A6F77C3D3CA38ACCDC1F2C0F2897DFF567B37302BBBCCCDBA1952D760"
"kao_optimal_preparation/native_reference_40077d2/official_results/hand_r1_8","24987","66221FB281DE8002B88FAFC3386ED7A5492F9771AFCF9E3CF9ACE3703AB110F6"
"kao_optimal_preparation/native_reference_40077d2/official_results/reaches_angles.bin","86","931B225436ECA667D3E94365460F151436C9FF3B1789CE7C2D860187F7F90E86"
"kao_optimal_preparation/native_reference_40077d2/official_results/reaches_radius.bin","30","A80698558B34646B6AD380BC1BF6F85E3C9886EBD93249137B86E621F0AFB9EC"
"kao_optimal_preparation/native_reference_40077d2/official_results/setup_prms.bin","15461","21E522C0BDD55E17B2A63F6E9A51BEF552F5BB384C5A824D1FA55CA2943E6883"
"kao_optimal_preparation/native_reference_40077d2/official_results/setup.bin","94367","01CEBEDFD3991C50517A5FC90737B2E7852F0EBE30FED5E1A0F9B80B0C59E5D7"
"kao_optimal_preparation/native_reference_40077d2/official_results/spontaneous","1874","430DF9A6916AF4DBD0B250B79F4A6D358816B8250D2EA71C742C324C48DA4320"
"kao_optimal_preparation/native_reference_40077d2/official_results/stage1_native_export.log","175","A2892B6D5EBB2BE094A803A1383672975E486D0A72395F851A73AFFE6AB80C2B"
"kao_optimal_preparation/native_reference_40077d2/official_results/stage1_native_reaches.log","5369","DE419624DB86107E51F280F6194FA5BE0629D6291A8787FC8CC0A852564E7440"
"kao_optimal_preparation/native_reference_40077d2/official_results/stage1_native_setup.log","18121","63EEFE3917935E847E8BFABF4D785C46357B17EABDE27BB10D3118EBA55BC187"
"kao_optimal_preparation/native_reference_40077d2/official_results/stage1_native_soc.log","7313","8A9C2C1ABA230907BE17BBBE5B916FCDE69AF85904CA7052F36F75DA4FBBBA96"
"kao_optimal_preparation/native_reference_40077d2/official_results/target_hand_traj_r1_1","23812","9B0BF39882F83624ED90D6FF6BDAB5DA0E135C7CEC99665850CED4B3F2DF0F41"
"kao_optimal_preparation/native_reference_40077d2/official_results/target_hand_traj_r1_2","18448","BAEDACBBED0FEA2DCCC23C2EF4B298B54C8B91CBB95E122FF4DA784FA1BE4CA6"
"kao_optimal_preparation/native_reference_40077d2/official_results/target_hand_traj_r1_3","22933","F2B066AA4C653768DB8689884C55EAD523B8F6A16A7E00BDAACDE048899E9977"
"kao_optimal_preparation/native_reference_40077d2/official_results/target_hand_traj_r1_4","23426","51645B69558AD3A5D24CD260827232D094A418EC9DF0672F5E4002B71901EA78"
"kao_optimal_preparation/native_reference_40077d2/official_results/target_hand_traj_r1_5","24622","97B95BFCD3C7287A30697C08282E6DEA16265126F5DFE973CFC7D984C960FABB"
"kao_optimal_preparation/native_reference_40077d2/official_results/target_hand_traj_r1_6","24129","944E7ED17B94DA6D3680323D5F4D30D9ED42955431B2BC5F130A5537CCEAB043"
"kao_optimal_preparation/native_reference_40077d2/official_results/target_hand_traj_r1_7","25557","61C06A473128D5BD0D0C5C8CFF5990470C3C822FA863284B2B428996227D6E0F"
"kao_optimal_preparation/native_reference_40077d2/official_results/target_hand_traj_r1_8","25008","50E54AA61B1D5B62BE3918C6DA3C4CFABCE1AA628AFFDA4D30DC943B4D9CD183"
"kao_optimal_preparation/native_reference_40077d2/official_results/target_torque_r1_1","11599","14083CF5CF672E74A9AD878E529CF04F0C1A3287A5C50ACB33FC62C1EE142DFA"
"kao_optimal_preparation/native_reference_40077d2/official_results/target_torque_r1_1.bin","9643","E6525FF11C1E27DB1FC09C40F6CDDFFC4293CE89DCB97BE8FAFC273D6507E4A9"
"kao_optimal_preparation/native_reference_40077d2/official_results/target_torque_r1_2","11678","00D38FEB1E7797E9334807C013231CD4A28F90695C38CC712BB3A74E796BC933"
"kao_optimal_preparation/native_reference_40077d2/official_results/target_torque_r1_2.bin","9643","A07FD507C95104D623E2A1389721C3C6A2CBA8EEBC186F2177B2DEF6814FDCFF"
"kao_optimal_preparation/native_reference_40077d2/official_results/target_torque_r1_3","12184","31BF6882D15C4AD55E4786FE0AC00B7266A83DC1442760986E141BF46B93DB08"
"kao_optimal_preparation/native_reference_40077d2/official_results/target_torque_r1_3.bin","9643","451FA65118398B70FC6B3A8803AFCD30E618145DD5F2800BE4011AA846873399"
"kao_optimal_preparation/native_reference_40077d2/official_results/target_torque_r1_4","12162","2748A74424E45B9AC8E5948239679AD1FFD8D6C3433A30530F8B236A6AEA86BC"
"kao_optimal_preparation/native_reference_40077d2/official_results/target_torque_r1_4.bin","9643","F64DBBABCB687AC1B3E2FE79AD6776BFD45A1C469E60E0606230898F5ECC9B04"
"kao_optimal_preparation/native_reference_40077d2/official_results/target_torque_r1_5","12027","5D47AE84733A10B456709FEB657D1D35E7C18DB4022D954ED18EB0462BD0B9DC"
"kao_optimal_preparation/native_reference_40077d2/official_results/target_torque_r1_5.bin","9643","5E64345BAEBB8695A176A6415238E291BDFB7193DB78CAD5B3640D13561CCE27"
"kao_optimal_preparation/native_reference_40077d2/official_results/target_torque_r1_6","11904","5DBC2CD0D7403D4FE4024916CFA3DF8BCB0B221514520BB409ECC0A8ACE38411"
"kao_optimal_preparation/native_reference_40077d2/official_results/target_torque_r1_6.bin","9643","C28A6D540519DB6C1B44B21B58E4B459ADE355A99EBAF1F969F68DB5517FE578"
"kao_optimal_preparation/native_reference_40077d2/official_results/target_torque_r1_7","11679","FB61075D8EB17729927594591F5CD6149E1DF836CA36137E5253B26B1C25E0B6"
"kao_optimal_preparation/native_reference_40077d2/official_results/target_torque_r1_7.bin","9643","B1260AA25106A753F27EB2CEEEC6B289E34D00230228E3A1F6386DFFA3745191"
"kao_optimal_preparation/native_reference_40077d2/official_results/target_torque_r1_8","11652","65B70CA59A62FFB255F50A0BD22126A5FCB97261E4AF1157D860C3417480E4EB"
"kao_optimal_preparation/native_reference_40077d2/official_results/target_torque_r1_8.bin","9643","CD4C07D52F7A7101F5F75A4E8BCCA903952E74642160745E57DD4C13F20011E7"
"kao_optimal_preparation/native_reference_40077d2/official_results/target_torques.bin","77010","F97DE7069E1C7531FE0D1B23904516B8972903305EF9D7B979BEFCCBD893657D"
"kao_optimal_preparation/native_reference_40077d2/official_results/theta_r1_1","22844","CAD34F012AD96EF5956A86980D75E896E8A3C909BE1AC4967982599EB6225343"
"kao_optimal_preparation/native_reference_40077d2/official_results/theta_r1_2","23084","42E2F55FC9061438567720139C64D81E7EE8F011B30808D7B137CA1D18444DBF"
"kao_optimal_preparation/native_reference_40077d2/official_results/theta_r1_3","22784","917E1A4C034BF44F4C7EEEAD2BF912D176B1905CD61CD4A5211B9E0B6C18199E"
"kao_optimal_preparation/native_reference_40077d2/official_results/theta_r1_4","21798","22D37196027C0E27AB1C1B0CED9EE433A1EFDD8475EC163BC166068700319A4A"
"kao_optimal_preparation/native_reference_40077d2/official_results/theta_r1_5","21811","E98AD11E343B3233D6C3827A3B218B588209DF1B92833DAA9D6F3DC3E3FF516E"
"kao_optimal_preparation/native_reference_40077d2/official_results/theta_r1_6","21790","EF6A3443CD579E25A703F796799F05C05792B9EE8AD6266F4B553D079EAB854B"
"kao_optimal_preparation/native_reference_40077d2/official_results/theta_r1_7","21613","FFC3CDA12CEB039BA47C667EFA2B9C25DFBD46032C03040BEF7079E0B38E37B3"
"kao_optimal_preparation/native_reference_40077d2/official_results/theta_r1_8","21354","8814D5D48DE61DDFABF1DFEAE8AFA0A3E4326D554118C8CB96861F4D713BF8E6"
"kao_optimal_preparation/native_reference_40077d2/official_results/torque_r1_1","11580","215E9259E6E035DFC4DE59C60FE1CAADFC2D17B0557B7C4995849717CC18BDC2"
"kao_optimal_preparation/native_reference_40077d2/official_results/torque_r1_2","11726","AC2EB4179D2DAA4C0DEC8A393C79CC015ACA0F20B8CACD700E1B9C6EC62772BE"
"kao_optimal_preparation/native_reference_40077d2/official_results/torque_r1_3","12167","708EAF3229DD90203FE451E96189ADC384E9EE309262428EF712EACCEFA7E4A6"
"kao_optimal_preparation/native_reference_40077d2/official_results/torque_r1_4","12167","6FCE69855435A0712C88BC950B1C19FF5E6FACF137BDD12431114048F2CCE8A8"
"kao_optimal_preparation/native_reference_40077d2/official_results/torque_r1_5","11988","295A86CB2C7F102A36D3CEF01ECA6DE79A1EC5EBAD76EB5EAD8EB9219116314B"
"kao_optimal_preparation/native_reference_40077d2/official_results/torque_r1_6","11872","C0931DEF9E8FF38D7086BEAEB85746AB016B3880622E888FF98CE0E20F5ED98C"
"kao_optimal_preparation/native_reference_40077d2/official_results/torque_r1_7","11649","EB8EF1EAB84D1264F4D41FCD17515DED1F0C9A12880607DC427E0A0902C05232"
"kao_optimal_preparation/native_reference_40077d2/official_results/torque_r1_8","11718","DC5C61547F60FDC64D61D425967441BA6D4A6493EE07C45A8214B4CAC31C1A95"
"kao_optimal_preparation/native_reference_40077d2/official_results/w_rec","188042","F8F85A6EE4B2722ABF07655AB4B3BA528609C486B621A0C77D1BF29FC883E70B"
"kao_optimal_preparation/native_reference_40077d2/official_results/w_rec_eig","3766","F6CC8023BFD62220D0531442D1CFF179784EA48F96E3768B3A238AB78F3594B3"
"kao_optimal_preparation/native_reference_40077d2/official_results/x_r1_1","963374","19977BDD59EC341BE4F258BD277E5DC860933E344DFA4A52B58B88F175597A85"
"kao_optimal_preparation/native_reference_40077d2/official_results/x_r1_2","964095","C37CD84A6738B8914D23F46A4BFBA084DBABBEA18165F976304B074E4AC0DC14"
"kao_optimal_preparation/native_reference_40077d2/official_results/x_r1_3","968343","0E72EB841091B741E866B65ADB2DDCD72C6DB39B1CF823342A42397B0F1DC1A4"
"kao_optimal_preparation/native_reference_40077d2/official_results/x_r1_4","966226","2124228FEEF62D4E694982D9945CD3583A891EBB01402D2AD69518A30EFF93C0"
"kao_optimal_preparation/native_reference_40077d2/official_results/x_r1_5","963956","FE470151ECCB63C78BBED44E12BDC8AA6C9D9F103994DF413FCB007B9FD94A83"
"kao_optimal_preparation/native_reference_40077d2/official_results/x_r1_6","961203","5015292BB6CF0BDC99704DFDFA8BA8A18C7C9ED4BB13D11C635F113F5283C825"
"kao_optimal_preparation/native_reference_40077d2/official_results/x_r1_7","962007","7990D8C92D518CF1C67E0E15EFFD4BE5F8AE5A6F0E351CDE23FCCD38C69F0E3D"
"kao_optimal_preparation/native_reference_40077d2/official_results/x_r1_8","959920","56AA712317BF9854CAD696ED17968CAC9A027A005A4216195292C3EB6FD34186"
"kao_optimal_preparation/native_reference_40077d2/official_results/xstars","13610","C52145A3393BB4BD815CE34CDFEB0F8FD9182EBCE99D6A129EE7B1850902B2F7"
"kao_optimal_preparation/native_reference_40077d2/upstream_provenance.json","1197","DBBF2045BA88F11E2DEE834B2868C8C77CBF3DE9EB7D21015F3C4EC1627DB295"
"kao_optimal_preparation/native_reference_40077d2/UPSTREAM_README.md","1906","B6D89D945669BC648ED6A547C460175F8373C3914DAE0E22B39A69F2EBCDD63A"
"kao_optimal_preparation/README.md","1964","DAC27CE6D5E8416E2BBD4F29ADA9DD154803CB0833651C2D1AB2CE5A08C9FF6B"
"kao_optimal_preparation/soc/construct.ml","2526","E1092C18DF2BE81A4BF581E43C343BC717919953CE03330F85797F2D3D4F3025"
"kao_optimal_preparation/soc/dune","57","CF36A216B148BD9C5EB94C53DAF56C7FEC8243FE369DC242040F4CE6EC74D4B5"
"toolchains/opam-2.5.2/opam.exe","11956224","51A530F538E86913489B061AC13C6084276E5DC916F5BD5C450883A826F8864C"
