"Scope","Path","Bytes","SHA256"
"results/stage_1","results/stage_1/audit_history/failed_20cm_gate1/audit/gate1_failed_run_audit.json","303","76F095015640DBF0BE075CE2DCB010FDCE932770E86380DB1B634F64005FAF4B"
"results/stage_1","results/stage_1/audit_history/failed_20cm_gate1/audit/stage2_frozen_hashes_after_failed_run.csv","23866","9806283138312120F2AEE8A49097484A673597FEEF2D4570149D75B565186756"
"results/stage_1","results/stage_1/audit_history/failed_20cm_gate1/audit/stage2_frozen_hashes_before.csv","23866","9806283138312120F2AEE8A49097484A673597FEEF2D4570149D75B565186756"
"results/stage_1","results/stage_1/audit_history/failed_20cm_gate1/target_torque_diagnostic/matlab_new_geometry_raw.mat","265518","C4A7537A5B0BB566CF190B032AD82B6863493C2A5288454CA8EF22A12ACCF6DA"
"results/stage_1","results/stage_1/audit_history/failed_20cm_gate1/target_torque_diagnostic/matlab_original_geometry_raw.mat","259802","5F010B29E829AF0DE448BB4C14A6BCA90BE5585B7A6E0F4FD19404C84F4C4D55"
"results/stage_1","results/stage_1/audit_history/failed_20cm_gate1/target_torque_diagnostic/target_torque_comparison_by_target.csv","8786","A374543655095FBEDA17BA5141C4E91EB8F515904B4A74E5D7B372C306C648C8"
"results/stage_1","results/stage_1/audit_history/failed_20cm_gate1/target_torque_diagnostic/target_torque_comparison_summary.csv","1569","C890D8FE761AD47DD2357C84FDDBD89DE4FF4AD303DD62D54CEE57CC6BCA5480"
"results/stage_1","results/stage_1/audit_history/failed_20cm_gate1/target_torque_diagnostic/target_torque_diagnosis.json","1762","6552040CAECA15E24ADB46659AD793B884C788D9D596E90B989EDD2D365C42F6"
"results/stage_1","results/stage_1/audit_history/failed_20cm_gate1/target_torque_diagnostic/target_torque_diagnostic_complete.mat","1028615","7F24F1467ED794DD24BDBF8F2FEB45459221B06C9A383571CFE325DD778604BC"
"results/stage_1","results/stage_1/audit_history/failed_20cm_gate1/target_torque_diagnostic/target_torque_diagnostic_manifest.csv","1167","6662C06BD17D3CBAB8EFB19CD57F83BF9B911C57F08CD9D8529220E02802E9B9"
"results/stage_1","results/stage_1/audit_history/failed_first_10cm_ensemble/audit/calibration_audit.csv","1856","C5856C30D3B0D500B9EC2FD8C5DB6F170334F17D1AA61AD7D60018A3032A80B1"
"results/stage_1","results/stage_1/audit_history/failed_first_10cm_ensemble/audit/failed_ensemble_artifact_manifest.csv","3147","448D455F454D0BF4F6466CC33435956EDA51F37FE972F7DF2A03ED7A043A17D3"
"results/stage_1","results/stage_1/audit_history/failed_first_10cm_ensemble/audit/gate1_failed_ensemble_audit.json","1370","1218EBA0351FD77CC4FDF1057C02C4EC4471C28F5626EE33B12C6D91B851D5C0"
"results/stage_1","results/stage_1/audit_history/failed_first_10cm_ensemble/audit/network_audit.csv","2240","A8D9989CE067F1795BBB25D0CBE09BB3DFC31C14C0E843284ED8410CF1938DCC"
"results/stage_1","results/stage_1/audit_history/failed_first_10cm_ensemble/audit/network_target_audit.csv","8868","B6CAC3550075D69FCD0D72271BE2CAA2C71DE24664F74E109D343FEFC7CD640F"
"results/stage_1","results/stage_1/audit_history/failed_first_10cm_ensemble/audit/recurrent_substrate_audit.csv","478","D9EA6DA0CA76039B216DDFB9A0F7FE4A7E610AF21C20EED687DAFB170A2BB661"
"results/stage_1","results/stage_1/audit_history/failed_first_10cm_ensemble/audit/stage2_frozen_hashes_after_failed_ensemble.csv","23866","9806283138312120F2AEE8A49097484A673597FEEF2D4570149D75B565186756"
"results/stage_1","results/stage_1/audit_history/failed_first_10cm_ensemble/audit/stage2_frozen_hashes_before.csv","23866","9806283138312120F2AEE8A49097484A673597FEEF2D4570149D75B565186756"
"results/stage_1","results/stage_1/audit_history/failed_first_10cm_ensemble/ensemble/network_01.mat","762738","CC2A4ACF0BFB0989DE29B8F050CC5B3BFD531F8208A4574493EE2077EAF2F5AB"
"results/stage_1","results/stage_1/audit_history/failed_first_10cm_ensemble/ensemble/network_02.mat","773296","C48E927BA4CE9B9F8E2F9B070F5F37BFF3819DE4CA2A9968386A6D586F60CBA9"
"results/stage_1","results/stage_1/audit_history/failed_first_10cm_ensemble/ensemble/network_03.mat","772777","329B5A19F93B1C35A9DED9529169BAB56A45DA2B3821472501D8B37D4B95D655"
"results/stage_1","results/stage_1/audit_history/failed_first_10cm_ensemble/ensemble/network_04.mat","772835","B818D57ABEAC08955CDD85078F0801FDD875A10CE22D5E4A6A071AA5F074127E"
"results/stage_1","results/stage_1/audit_history/failed_first_10cm_ensemble/ensemble/network_05.mat","772944","7AD49765BA49AD94A7054908A29042087BCE747A4DC085908FF6ECD862E3AAD6"
"results/stage_1","results/stage_1/audit_history/failed_first_10cm_ensemble/ensemble/network_06.mat","772918","567123EBF096A8068755634496A3EFF0D22AB55EB31DF94210F2512CD35DD198"
"results/stage_1","results/stage_1/audit_history/failed_first_10cm_ensemble/ensemble/network_07.mat","773233","3B84A58AC429CB08DD94FA391722BBE6A090F32356AF45A141027270E9785F00"
"results/stage_1","results/stage_1/audit_history/failed_first_10cm_ensemble/ensemble/network_08.mat","772750","80EEB319A90E8BB6D89CB1BBB23B5114A8523EB1E80C6006EEB5846AEBBA460D"
"results/stage_1","results/stage_1/audit_history/failed_first_10cm_ensemble/ensemble/network_09.mat","772734","45F39F7A48F62148DDA3C42F6AF8CA94FB4742D609728594551F1B1A5646DBDA"
"results/stage_1","results/stage_1/audit_history/failed_first_10cm_ensemble/ensemble/network_10.mat","773105","4CE021FC1E5779A6ABD44C7B4798FB8A97B5610CF2A7D34B82E4C57E364FAD2C"
"results/stage_1","results/stage_1/audit_history/failed_first_10cm_ensemble/targets/stage1_gate1_targets.mat","339102","503EB29A29D9BDF87916DE244CC9AE009B292B8A34B87AB700B978260C332728"
"results/stage_1","results/stage_1/audit_history/failed_first_10cm_ensemble/targets/target_torque_audit_by_target.csv","3283","933DDAE9847258E28D669F8EDBB67EC867A410F337C660BD8C83EA688425D638"
"results/stage_1","results/stage_1/audit_history/failed_first_10cm_ensemble/targets/target_torque_validation_manifest.csv","549","AB1154B5E901C0CE1215C0C030C33E04C031076F69EA2A20BF3F93F6584FDDAF"
"results/stage_1","results/stage_1/audit_history/failed_first_10cm_ensemble/targets/target_torque_validation_summary.json","764","58E69FBCB8613E424CE0DA3A8033B33F831886D17B2BCFDE51193CC336C34F13"
"results/stage_1","results/stage_1/audit_history/history_manifest.csv","15203","14ECCD3824B735DD71D81B1E2EA7A5F4F53522266EDC1FF94CD16DCB6D0227A6"
"results/stage_1","results/stage_1/audit_history/published_benchmark_replication_outputs/movement_metrics.csv","386","C4A4F9933EE9A80207018786FAA26CEAD591D1EFA71A5AE79FFBF817572CB756"
"results/stage_1","results/stage_1/audit_history/published_benchmark_replication_outputs/native_vs_matlab_equivalence.csv","930","43D31755D680BF29C4ADB3ABE467235A0C50A58D2DDD766A8E2755D200DAB70D"
"results/stage_1","results/stage_1/audit_history/published_benchmark_replication_outputs/nonlinear_potency_trials.csv","13793","28FCB04E3ED7B667ACB7EB5BD998987B05418791750621795F8F7066F93970C6"
"results/stage_1","results/stage_1/audit_history/published_benchmark_replication_outputs/plot_inventory.csv","2167","DCF8B3BFCAFD3BC5C09321EB5219DAA66712D12BDC73822C058EF2399DE548F8"
"results/stage_1","results/stage_1/audit_history/published_benchmark_replication_outputs/potency_band_summary.csv","250","B716E35B009EEE429C4F590B8526A34E4DDE82ED4127F20D17216A1F28654E57"
"results/stage_1","results/stage_1/audit_history/published_benchmark_replication_outputs/potency_dimension_thresholds.csv","62","A3E8294E49AE1C9EB00F2A8E44EFA2E7E79ABC07DE79E43E6848C52EE72F0B36"
"results/stage_1","results/stage_1/audit_history/published_benchmark_replication_outputs/potency_postrun_diagnostics.mat","1306","C0D318717F44FC190F5CC19B0C8838C0E1E833D92A89BA4EFC165B85C0E4A3E9"
"results/stage_1","results/stage_1/audit_history/published_benchmark_replication_outputs/stage1_artifact_manifest.csv","3197","DD8EED88238D2C5897AF0508A5394549EE9AB71A1A45021DCB360C16AA7EFCAC"
"results/stage_1","results/stage_1/audit_history/published_benchmark_replication_outputs/stage1_complete_results.mat","9037590","7B45B3ADF4003FE229610A0D709C88A427D300B39258812122980DC3579C83DB"
"results/stage_1","results/stage_1/audit_history/published_benchmark_replication_outputs/stage1_summary.json","1233","EE6B0DFB1D87086C03D5ABDABE12FB713710131784E85FDA9E383011D0D7427D"
"results/stage_1","results/stage_1/audit_history/rejection_sampling_run_20260831/accepted/network_01.mat","838950","37E19E98AF8CDC801ABEC8FF2EDB592F415F45AD403A749A7C28D33DDF27173C"
"results/stage_1","results/stage_1/audit_history/rejection_sampling_run_20260831/accepted/network_02.mat","839427","D025E6903FDDBD05CAF000CB5F525439B0003C24459B926B9AC9E07412193CD8"
"results/stage_1","results/stage_1/audit_history/rejection_sampling_run_20260831/accepted/network_03.mat","839912","A6B541A54DB9EC17B9A8991B00FD59EBE451843C8696F86DCF3A96A1E8DBF12D"
"results/stage_1","results/stage_1/audit_history/rejection_sampling_run_20260831/accepted/network_04.mat","839855","9B37402026FC776A7305FE3DF565ED42714E36156F300FB19243B3197871F345"
"results/stage_1","results/stage_1/audit_history/rejection_sampling_run_20260831/accepted/network_05.mat","838761","1A9AFB5FD3C06F59AC273BA174C567FF4F8043E57CBA4CB02DF7225DE3AFF0EF"
"results/stage_1","results/stage_1/audit_history/rejection_sampling_run_20260831/accepted/network_06.mat","839353","3BA6E04F80F3A66F2A12835B26326E817DBA34032C793C0266E35EE817A8EFEE"
"results/stage_1","results/stage_1/audit_history/rejection_sampling_run_20260831/accepted/network_07.mat","838837","6400DA2B7A299512DE8EF6745300A76F6EA306373EC27399180D7B45701065B6"
"results/stage_1","results/stage_1/audit_history/rejection_sampling_run_20260831/accepted/network_08.mat","839153","D3F290099B6FEA5078BFB313A9ADCBBDF64C500F28E3356326B42BDD7D9C2E15"
"results/stage_1","results/stage_1/audit_history/rejection_sampling_run_20260831/accepted/network_09.mat","838919","ECA2587F8957B75C72354787035C816DE17A2012E29ADCAFF88260F544F3EF39"
"results/stage_1","results/stage_1/audit_history/rejection_sampling_run_20260831/accepted/network_10.mat","838985","2F8EBD9BCC64E2E4C117E1AF9BA7DE77E65236528B16BE1A6A7918119B81F56F"
"results/stage_1","results/stage_1/audit_history/rejection_sampling_run_20260831/attempts/attempt_001.mat","838950","37E19E98AF8CDC801ABEC8FF2EDB592F415F45AD403A749A7C28D33DDF27173C"
"results/stage_1","results/stage_1/audit_history/rejection_sampling_run_20260831/attempts/attempt_002.mat","839427","63FB06C06DB318F749A85CFAE38F020F2A8012C01A9FB86768190BB0BFCE3397"
"results/stage_1","results/stage_1/audit_history/rejection_sampling_run_20260831/attempts/attempt_003.mat","839912","A6B541A54DB9EC17B9A8991B00FD59EBE451843C8696F86DCF3A96A1E8DBF12D"
"results/stage_1","results/stage_1/audit_history/rejection_sampling_run_20260831/attempts/attempt_004.mat","839855","9B37402026FC776A7305FE3DF565ED42714E36156F300FB19243B3197871F345"
"results/stage_1","results/stage_1/audit_history/rejection_sampling_run_20260831/attempts/attempt_005.mat","838761","1A9AFB5FD3C06F59AC273BA174C567FF4F8043E57CBA4CB02DF7225DE3AFF0EF"
"results/stage_1","results/stage_1/audit_history/rejection_sampling_run_20260831/attempts/attempt_006.mat","839353","3BA6E04F80F3A66F2A12835B26326E817DBA34032C793C0266E35EE817A8EFEE"
"results/stage_1","results/stage_1/audit_history/rejection_sampling_run_20260831/attempts/attempt_007.mat","838837","E7D15A586B64555216DB010EA03CC0DC90D9780E1C9EEACB82DFAB7B0DA705C3"
"results/stage_1","results/stage_1/audit_history/rejection_sampling_run_20260831/attempts/attempt_008.mat","839153","D3F290099B6FEA5078BFB313A9ADCBBDF64C500F28E3356326B42BDD7D9C2E15"
"results/stage_1","results/stage_1/audit_history/rejection_sampling_run_20260831/attempts/attempt_009.mat","838919","ECA2587F8957B75C72354787035C816DE17A2012E29ADCAFF88260F544F3EF39"
"results/stage_1","results/stage_1/audit_history/rejection_sampling_run_20260831/attempts/attempt_010.mat","838985","2F8EBD9BCC64E2E4C117E1AF9BA7DE77E65236528B16BE1A6A7918119B81F56F"
"results/stage_1","results/stage_1/audit_history/rejection_sampling_run_20260831/audit/accepted_ensemble_audit.csv","2736","8FC3404CCD4508F8206D5211D1542100A6CC15CC9409CFF018AC1E1E9B381712"
"results/stage_1","results/stage_1/audit_history/rejection_sampling_run_20260831/audit/accepted_ensemble_revalidation.csv","2736","8FC3404CCD4508F8206D5211D1542100A6CC15CC9409CFF018AC1E1E9B381712"
"results/stage_1","results/stage_1/audit_history/rejection_sampling_run_20260831/audit/accepted_ensemble_revalidation.json","280","23AC81B531B3B5263CE0D9ED43829301413DEADA80C4F6244C591B5C55ABB836"
"results/stage_1","results/stage_1/audit_history/rejection_sampling_run_20260831/audit/accepted_ensemble_target_audit.csv","14019","FB082E21984305709AF1096291099D18193A771D0467BDC3BC8471E6E036D526"
"results/stage_1","results/stage_1/audit_history/rejection_sampling_run_20260831/audit/accepted_ensemble_target_revalidation.csv","14019","FB082E21984305709AF1096291099D18193A771D0467BDC3BC8471E6E036D526"
"results/stage_1","results/stage_1/audit_history/rejection_sampling_run_20260831/audit/attempted_realization_audit.csv","2736","8FC3404CCD4508F8206D5211D1542100A6CC15CC9409CFF018AC1E1E9B381712"
"results/stage_1","results/stage_1/audit_history/rejection_sampling_run_20260831/audit/attempted_target_audit.csv","14019","FB082E21984305709AF1096291099D18193A771D0467BDC3BC8471E6E036D526"
"results/stage_1","results/stage_1/audit_history/rejection_sampling_run_20260831/audit/rejection_sampling_manifest.csv","4317","E0FF62865CC8606C6E3056BE9F03C3E5E63C5AFA09E37E52904238DB392A7747"
"results/stage_1","results/stage_1/audit_history/rejection_sampling_run_20260831/audit/stage2_frozen_hashes_before.csv","23866","9806283138312120F2AEE8A49097484A673597FEEF2D4570149D75B565186756"
"results/stage_1","results/stage_1/audit_history/rejection_sampling_run_20260831/stage1_gate1_complete_results.mat","9627426","2E4F995C768B96925C5704B5D35BEF8E4CFA8FA8B83FD5F84E4A7CFA6BA4FCE2"
"results/stage_1","results/stage_1/audit_history/rejection_sampling_run_20260831/stage1_gate1_summary.json","1313","E8A258DB1AB8E0249A0618AA744FB9D25DEBA49F8D5F2F59D4B6EE102D73559C"
"results/stage_1","results/stage_1/audit_history/source_review_scratch/pdfs/kao_methods-18.png","208931","07DFCADED46C51CFC8AC445F7DB0CFF346132142375CD48BDCAEF358B7C66515"
"results/stage_1","results/stage_1/audit_history/source_review_scratch/pdfs/kao_methods-19.png","209332","BE6C785C62C848AEC741A308148E28A0A88988AA810CB9B0AEDA17B96BFB98F7"
"results/stage_1","results/stage_1/audit_history/source_review_scratch/pdfs/kao_methods-20.png","290327","C2F6021157C33BC92F1955A688AACA0EC655294696760DE7E568E33B9301C249"
"results/stage_1","results/stage_1/audit_history/source_review_scratch/pdfs/kao_methods-21.png","306400","A9F1B7AB3C3298594F0B5EA1BB8E04F3C56BCB7DE60B04CC362267FE18C4FB56"
"results/stage_1","results/stage_1/audit_history/source_review_scratch/pdfs/kao_text.txt","133752","C7E9F0FD2E266C8E437964E68B958B2E31E8E671D214522A2A90DAA0640FF696"
"results/stage_1","results/stage_1/current/audit/accepted_ensemble_audit.csv","2736","8FC3404CCD4508F8206D5211D1542100A6CC15CC9409CFF018AC1E1E9B381712"
"results/stage_1","results/stage_1/current/audit/accepted_ensemble_revalidation.csv","2736","8FC3404CCD4508F8206D5211D1542100A6CC15CC9409CFF018AC1E1E9B381712"
"results/stage_1","results/stage_1/current/audit/accepted_ensemble_revalidation.json","280","23AC81B531B3B5263CE0D9ED43829301413DEADA80C4F6244C591B5C55ABB836"
"results/stage_1","results/stage_1/current/audit/accepted_ensemble_target_audit.csv","14019","FB082E21984305709AF1096291099D18193A771D0467BDC3BC8471E6E036D526"
"results/stage_1","results/stage_1/current/audit/accepted_ensemble_target_revalidation.csv","14019","FB082E21984305709AF1096291099D18193A771D0467BDC3BC8471E6E036D526"
"results/stage_1","results/stage_1/current/audit/stage1_active_code_manifest.csv","5096","F18439A683A2A1D84E9F7058633AEB789C672B1E1DC47C60D672D76B5007AA61"
"results/stage_1","results/stage_1/current/audit/stage1_current_artifact_manifest.csv","6091","AEBAEBED2C7DE8DF6FDDD96F5E35FF47F44C3CEA1D549F959B2A8CFAA9901862"
"results/stage_1","results/stage_1/current/audit/stage1_final_acceptance_report.json","1216","9FC6EADCF4CB90988078A0F839863D329644E332B4E9631A363095188BCAFD49"
"results/stage_1","results/stage_1/current/audit/stage1_manifest_verification.json","104","123709E935835D2F7E79DA55DE57EB4B76EFD28A769D2909C50185FD71CD7AF9"
"results/stage_1","results/stage_1/current/audit/stage2_frozen_hashes_after.csv","23866","9806283138312120F2AEE8A49097484A673597FEEF2D4570149D75B565186756"
"results/stage_1","results/stage_1/current/audit/stage2_frozen_hashes_before.csv","23866","9806283138312120F2AEE8A49097484A673597FEEF2D4570149D75B565186756"
"results/stage_1","results/stage_1/current/ensemble/network_01.mat","838950","37E19E98AF8CDC801ABEC8FF2EDB592F415F45AD403A749A7C28D33DDF27173C"
"results/stage_1","results/stage_1/current/ensemble/network_02.mat","839427","D025E6903FDDBD05CAF000CB5F525439B0003C24459B926B9AC9E07412193CD8"
"results/stage_1","results/stage_1/current/ensemble/network_03.mat","839912","A6B541A54DB9EC17B9A8991B00FD59EBE451843C8696F86DCF3A96A1E8DBF12D"
"results/stage_1","results/stage_1/current/ensemble/network_04.mat","839855","9B37402026FC776A7305FE3DF565ED42714E36156F300FB19243B3197871F345"
"results/stage_1","results/stage_1/current/ensemble/network_05.mat","838761","1A9AFB5FD3C06F59AC273BA174C567FF4F8043E57CBA4CB02DF7225DE3AFF0EF"
"results/stage_1","results/stage_1/current/ensemble/network_06.mat","839353","3BA6E04F80F3A66F2A12835B26326E817DBA34032C793C0266E35EE817A8EFEE"
"results/stage_1","results/stage_1/current/ensemble/network_07.mat","838837","6400DA2B7A299512DE8EF6745300A76F6EA306373EC27399180D7B45701065B6"
"results/stage_1","results/stage_1/current/ensemble/network_08.mat","839153","D3F290099B6FEA5078BFB313A9ADCBBDF64C500F28E3356326B42BDD7D9C2E15"
"results/stage_1","results/stage_1/current/ensemble/network_09.mat","838919","ECA2587F8957B75C72354787035C816DE17A2012E29ADCAFF88260F544F3EF39"
"results/stage_1","results/stage_1/current/ensemble/network_10.mat","838985","2F8EBD9BCC64E2E4C117E1AF9BA7DE77E65236528B16BE1A6A7918119B81F56F"
"results/stage_1","results/stage_1/current/plot_inventory.csv","2167","DCF8B3BFCAFD3BC5C09321EB5219DAA66712D12BDC73822C058EF2399DE548F8"
"results/stage_1","results/stage_1/current/stage1_gate1_complete_results.mat","9627426","2E4F995C768B96925C5704B5D35BEF8E4CFA8FA8B83FD5F84E4A7CFA6BA4FCE2"
"results/stage_1","results/stage_1/current/stage1_gate1_summary.json","1313","E8A258DB1AB8E0249A0618AA744FB9D25DEBA49F8D5F2F59D4B6EE102D73559C"
"results/stage_1","results/stage_1/current/stage1_primary_analysis_summary.json","941","624BA5A0AE1BFD2CFC96CFD2C54C7E3228FF72465E186DE43BFB1F1979197948"
"results/stage_1","results/stage_1/current/stage1_primary_analysis.mat","9237204","A39CE2972EC9453C561C84FF24D72A54F70CB7BFC3E4552CC5548710A1125285"
"results/stage_1","results/stage_1/current/targets/stage1_gate1_targets.mat","339102","503EB29A29D9BDF87916DE244CC9AE009B292B8A34B87AB700B978260C332728"
"results/stage_1","results/stage_1/current/targets/target_torque_audit_by_target.csv","3283","933DDAE9847258E28D669F8EDBB67EC867A410F337C660BD8C83EA688425D638"
"results/stage_1","results/stage_1/current/targets/target_torque_validation_manifest.csv","549","AB1154B5E901C0CE1215C0C030C33E04C031076F69EA2A20BF3F93F6584FDDAF"
"results/stage_1","results/stage_1/current/targets/target_torque_validation_summary.json","764","58E69FBCB8613E424CE0DA3A8033B33F831886D17B2BCFDE51193CC336C34F13"
"results/stage_1","results/stage_1/diagnostics/active_set_gate2/frozenRegimeCurve.csv","1003089","B4359B445EBA1EF41136BCCA15974443816161245F096A0C6561E1A2771276E4"
"results/stage_1","results/stage_1/diagnostics/active_set_gate2/frozenRegimeCurveNetwork.csv","65856","FA9835A1BD3B5AA25012ACA306780A16A49087995EAF4B6D67B4360163EAA300"
"results/stage_1","results/stage_1/diagnostics/active_set_gate2/frozenRegimeNetwork.csv","667","0A2DDFFA6C3A214FF7E5F456FEDD2CEDE125E358F4FB46BA8A4655FD8B466E5A"
"results/stage_1","results/stage_1/diagnostics/active_set_gate2/frozenRegimeTarget.csv","1671","817AA534F90B5DD6049BFE5C996D7D3CAAB4813E0E6D3C8E157EEF2E98AE0EB5"
"results/stage_1","results/stage_1/diagnostics/active_set_gate2/stage1_target_metrics.csv","1653","4F43FE9F2371FEC094730AADA5D09EC6C5EB33F84454AABE20A61509F6F92F81"
"results/stage_1","results/stage_1/diagnostics/active_set_gate2/stage1ActiveCurve.csv","624149","1780A8BF85682EDD6F19F6FCECFB22821797B2A225FAC403ECED721FB98D932E"
"results/stage_1","results/stage_1/diagnostics/active_set_gate2/stage1ActiveCurveNetwork.csv","65847","12092A7F491657B9A8CF2B7C19E8B48516AA5A90D1F7D70B249C5E107A4E1EEB"
"results/stage_1","results/stage_1/diagnostics/active_set_gate2/stage1Network.csv","694","06157AD78A2A6B73A959C934BD77DA0C0C60DE30434BBF600ABA3DAACCF6339C"
"results/stage_1","results/stage_1/diagnostics/active_set_gate2/stage1Overlap.csv","4858","F0BEF18AD941AB18EFE083B17A6068611C2D8AE0C4B767D041875994D1D3160C"
"results/stage_2a","results/stage_2a/audit_history/gate2_initial_stop/gate2_failure_diagnostic_manifest.csv","5805","899DB3E87B3890408B848FCE97FA0B7B182DCBF2FAC8CE6A6E09F6EA2ED57052"
"results/stage_2a","results/stage_2a/audit_history/gate2_initial_stop/gate2_failure_verification.json","474","F6F914EB4475FA63155EEA18B7E0F9689FA9393571125667A59827D1C3A7E2F7"
"results/stage_2a","results/stage_2a/audit_history/gate2_initial_stop/stage1_frozen_hashes_after.csv","26195","9A8E5DD6DF377ABAFD84EA8F21B77FA62B76E7E9D1B7718F86EB9F9ED5FEB85D"
"results/stage_2a","results/stage_2a/audit_history/gate2_initial_stop/stage1_frozen_hashes_before.csv","26195","9A8E5DD6DF377ABAFD84EA8F21B77FA62B76E7E9D1B7718F86EB9F9ED5FEB85D"
"results/stage_2a","results/stage_2a/audit_history/gate2_initial_stop/stage2a_failure_reasons.csv","372","744F00293C8F338C2F3A03951E909D9A0D069C5EB4B05DA7F92106BE0F59D757"
"results/stage_2a","results/stage_2a/audit_history/gate2_initial_stop/stage2a_network_audit.csv","2732","2AE2151108C13FD70211DE951316C92D920415F0E8244DED41171FA18C21505C"
"results/stage_2a","results/stage_2a/audit_history/gate2_initial_stop/stage2a_summary.json","1032","896A7815024E6EA8C5A35D5A17C4F0CD11FD1C736EE72B88B87FE62B0CA4E2DF"
"results/stage_2a","results/stage_2a/audit_history/gate2_initial_stop/stage2a_target_audit.csv","13758","CC1A40EC558C7E9D9B1295ECDF8CAAC044B5082CAC222FE11FBFC7E27CA7B273"
"results/stage_2a","results/stage_2a/audit_history/gate2_initial_stop/stage2b_frozen_hashes_after.csv","21232","466E7D8F00D10E0553004C2964E7D76C6CCA05DD9FF08B6E358D2DDC6B770EC3"
"results/stage_2a","results/stage_2a/audit_history/gate2_initial_stop/stage2b_frozen_hashes_before.csv","21232","466E7D8F00D10E0553004C2964E7D76C6CCA05DD9FF08B6E358D2DDC6B770EC3"
"results/stage_2a","results/stage_2a/audit_history/history_manifest.csv","4625","9716AF53D4CAE1087445A3CAAFE2A4513530AB47C877FB937AF55F2EAB7C0BC8"
"results/stage_2a","results/stage_2a/audit_history/pre_gate2_single_network/plots/fig/01_tonic_input_and_fixed_point.fig","13854","3B77A572E9A0C40558912162A9649032ECAA049ED60B812299A10202B91B0971"
"results/stage_2a","results/stage_2a/audit_history/pre_gate2_single_network/plots/fig/02_cortical_preparation_and_movement.fig","706897","E708CF327A83709CCF15DA7FA38A1C42EC49CB73AA960C1DCAC9732858B00CCB"
"results/stage_2a","results/stage_2a/audit_history/pre_gate2_single_network/plots/fig/03_prospective_error_during_preparation.fig","1096609","FC8C7FF607F36FFC5FEAB086A965E9DB0852F8F3BB0563D374B5427A450A492A"
"results/stage_2a","results/stage_2a/audit_history/pre_gate2_single_network/plots/fig/04_reaches_vs_preparation_duration.fig","1139453","797D08298C7687CD7C25E82A1DC652D147DFAF74B371FEA77FEEEAAFF718E307"
"results/stage_2a","results/stage_2a/audit_history/pre_gate2_single_network/plots/fig/05_movement_error_vs_preparation_duration.fig","50601","9D4739341D800F56DC25B85EACB73B260AB26A3E4C914C8C6EDE51E2A5E7EF76"
"results/stage_2a","results/stage_2a/audit_history/pre_gate2_single_network/plots/png/01_tonic_input_and_fixed_point.png","103017","02C07F8E507866056359CCD1A9652178550B5B2E2563F9C7854CB4A04CA4E950"
"results/stage_2a","results/stage_2a/audit_history/pre_gate2_single_network/plots/png/02_cortical_preparation_and_movement.png","472392","7524EB7BD4F27F48FBA9BF3FAEFC19FE9D0C30A0CE4248912FF6C626E4FA1B4B"
"results/stage_2a","results/stage_2a/audit_history/pre_gate2_single_network/plots/png/03_prospective_error_during_preparation.png","228794","4F33D0AE2A1BE10AB09051913A0D5992741A63CCA76038687CC9864184F72046"
"results/stage_2a","results/stage_2a/audit_history/pre_gate2_single_network/plots/png/04_reaches_vs_preparation_duration.png","230065","BC7A0911B2193535D1D725AE27AB5CAE0DC08129B02958BC8AD69F034EF7E44C"
"results/stage_2a","results/stage_2a/audit_history/pre_gate2_single_network/plots/png/05_movement_error_vs_preparation_duration.png","508205","641F4638F15A3A6AD99A0744E42FEF02DB4BED5922233B79E75FCD07F2C52EDF"
"results/stage_2a","results/stage_2a/audit_history/pre_gate2_single_network/results/movement_metrics_by_preparation_duration.csv","42017","A5CECD694DE8900DD54D77990B5156C39F43EE729978BEB12F9C60E23C48D2E4"
"results/stage_2a","results/stage_2a/audit_history/pre_gate2_single_network/results/plot_inventory.csv","1424","9FC95AE2897878FEC21911EE55B4002C575F127AC9577BE9A701C0179BD6CED2"
"results/stage_2a","results/stage_2a/audit_history/pre_gate2_single_network/results/prospective_error_reduction_times.csv","273","040673DC7B7CF3A82F5BD252EF8BD8B7E4CE9361462850A6A7088950E5A70EFF"
"results/stage_2a","results/stage_2a/audit_history/pre_gate2_single_network/results/stage2a_artifact_manifest.csv","2150","30B8140A92BC268EA5E93EA3F53BBE5F6CB7F3F024081A5F01BDFCB470AA3D9D"
"results/stage_2a","results/stage_2a/audit_history/pre_gate2_single_network/results/stage2a_complete_results.mat","123306437","84AB69F9C190D2BF3CF41B27CF92D53938B5F30189DC37DC00D98CCC7B7FABC8"
"results/stage_2a","results/stage_2a/audit_history/pre_gate2_single_network/results/stage2a_summary.json","739","403FAC3C8CB6CE1093728243CA7CBC3CCA22FBA3C4DA1837B1765D7557B33B01"
"results/stage_2a","results/stage_2a/audit_history/pre_gate2_single_network/results/stage2a_validation.csv","1326","178C920DC3926B460AA3A173D00707056D131AE23042B7F21733ADC7341058D0"
"results/stage_2a","results/stage_2a/current/audit/bootstrap_method.json","368","52EF3D5B31ED54098A241EC408E2275CD3554495B29D19A3E06BB24EAD91B3DF"
"results/stage_2a","results/stage_2a/current/audit/stage1_figure_revision_hashes_after.csv","26195","9A8E5DD6DF377ABAFD84EA8F21B77FA62B76E7E9D1B7718F86EB9F9ED5FEB85D"
"results/stage_2a","results/stage_2a/current/audit/stage1_figure_revision_hashes_before.csv","26195","9A8E5DD6DF377ABAFD84EA8F21B77FA62B76E7E9D1B7718F86EB9F9ED5FEB85D"
"results/stage_2a","results/stage_2a/current/audit/stage1_frozen_hashes_after.csv","26195","9A8E5DD6DF377ABAFD84EA8F21B77FA62B76E7E9D1B7718F86EB9F9ED5FEB85D"
"results/stage_2a","results/stage_2a/current/audit/stage1_frozen_hashes_before.csv","26195","9A8E5DD6DF377ABAFD84EA8F21B77FA62B76E7E9D1B7718F86EB9F9ED5FEB85D"
"results/stage_2a","results/stage_2a/current/audit/stage2a_active_code_manifest.csv","2680","EB554484AB63AE49F5BDCA23333F281B569F71A22B4BBF15BC63CC2996A22BBA"
"results/stage_2a","results/stage_2a/current/audit/stage2a_component_validation.json","387","5BC7B6E1435C6D92326EFA33FCC0BA6492FAA310A629A53526555D81A552CC79"
"results/stage_2a","results/stage_2a/current/audit/stage2a_conditional_acceptance.json","1180","53A2FE6A62ED1C2384B91742EE4C358929851B1DC70A78C8D7BC60778E2FC7E3"
"results/stage_2a","results/stage_2a/current/audit/stage2a_conditional_component_validation.json","297","67FE6DD75EBC41FA074177D4AE436ABBF52D048EF30CDE820365D2E2B822292A"
"results/stage_2a","results/stage_2a/current/audit/stage2a_conditional_diagnostic_report.json","983","045778B8C261331A781A39EEFA4E6B1AF7FE77052127329486D74B1763B119BB"
"results/stage_2a","results/stage_2a/current/audit/stage2a_current_artifact_manifest.csv","8269","FBCDC65030E46779C6C058320A50C453792E245FB098B1AC90F90FD2DCB37CE0"
"results/stage_2a","results/stage_2a/current/audit/stage2a_ensemble_revalidation.json","301","A0742CF8A0DED2B9806ECA5814FEFBCEE0A848A9B0D0B45D4804B04E08DA45D3"
"results/stage_2a","results/stage_2a/current/audit/stage2a_figure_panel_audit.csv","3512","EAD2FE57713BCDB2BFE8DBBE7BE42ED8B2084FE5BD551B1105D9C1EC7902F419"
"results/stage_2a","results/stage_2a/current/audit/stage2a_figure_uncertainty_numerical_audit.csv","30768","AB75CAF3D2BBEC2685FBF36D67D0AB6F0DF70916909642087D29E344D3C10316"
"results/stage_2a","results/stage_2a/current/audit/stage2a_figure_uncertainty_revision_report.json","846","5B19BADBA6296CBA4B711A3A026ABB54ABE7FF9EB36C09FA41F8BDB82D905A5E"
"results/stage_2a","results/stage_2a/current/audit/stage2a_final_acceptance_report.json","1036","9C1B4703458222D457F7EE0D562240EEDFDA5D638D8AC3D6BF4A3455E7E5854F"
"results/stage_2a","results/stage_2a/current/audit/stage2a_manifest_verification.json","189","3917590C9B48F5BFD39BB4E4051519C1C9D9772D1D3C461DBF6D3A92E03264EB"
"results/stage_2a","results/stage_2a/current/audit/stage2a_network_audit.csv","2900","5FCA59806BAB927B0D2BA88A9FA1E3AB9DAB3AB4E8E5BEDC8557C90667203B2B"
"results/stage_2a","results/stage_2a/current/audit/stage2a_network_revalidation.csv","1259","FB4789759A820A75854F3C78ABA286DA2D57898A09F42CB11B7D0BE8AB8CD3D0"
"results/stage_2a","results/stage_2a/current/audit/stage2a_science_hashes_after_figure_revision.csv","3063","6C8D03A69A2C1312E1F6A54B54B21384DF7FBF6D09C80DC0C5CBB639B123BDFA"
"results/stage_2a","results/stage_2a/current/audit/stage2a_science_hashes_before_figure_revision.csv","3063","6C8D03A69A2C1312E1F6A54B54B21384DF7FBF6D09C80DC0C5CBB639B123BDFA"
"results/stage_2a","results/stage_2a/current/audit/stage2a_target_audit.csv","14845","6DC8D5B6EE665D942726852048B93C955EDAD7EBB2BD9E385B009DBF03BAD1CB"
"results/stage_2a","results/stage_2a/current/audit/stage2b_figure_revision_hashes_after.csv","21232","466E7D8F00D10E0553004C2964E7D76C6CCA05DD9FF08B6E358D2DDC6B770EC3"
"results/stage_2a","results/stage_2a/current/audit/stage2b_figure_revision_hashes_before.csv","21232","466E7D8F00D10E0553004C2964E7D76C6CCA05DD9FF08B6E358D2DDC6B770EC3"
"results/stage_2a","results/stage_2a/current/audit/stage2b_frozen_hashes_after.csv","21232","466E7D8F00D10E0553004C2964E7D76C6CCA05DD9FF08B6E358D2DDC6B770EC3"
"results/stage_2a","results/stage_2a/current/audit/stage2b_frozen_hashes_before.csv","21232","466E7D8F00D10E0553004C2964E7D76C6CCA05DD9FF08B6E358D2DDC6B770EC3"
"results/stage_2a","results/stage_2a/current/diagnostics/extended_convergence_summary.csv","921","EA2A8D2B35009C90D2BA915398A3E0DFAA9001A28A75955E3DB51FEE044954C0"
"results/stage_2a","results/stage_2a/current/diagnostics/extended_convergence_timecourses.csv","15038673","34954DD18087152370BD7CE8D4FDB0931832F08BF3929831EA3DDC5BE3ED7ABC"
"results/stage_2a","results/stage_2a/current/diagnostics/fixed_point_jacobian_stability.csv","3940","DD825FD9F683B7BD518602FFCF5D9C3EEC0F9A718233EB5CECD8716252585095"
"results/stage_2a","results/stage_2a/current/diagnostics/q_potency_residual_decomposition.csv","17121","4B5C9F1C983FC2E59BE640D12C34C1AB45C4AE16D111101F206E25AD7256A6E6"
"results/stage_2a","results/stage_2a/current/ensemble_movement_summary.csv","12631","AEB4E7DA3D456B1EBF46896E666890379408A19AE1D3069112308BDE9E8FD67A"
"results/stage_2a","results/stage_2a/current/ensemble_network_distributions.csv","1018","F490CE17F72BC3F058432A482A82ACEA83D3C7917D3C066269B60F30147DDC82"
"results/stage_2a","results/stage_2a/current/ensemble_preparation_timecourse_summary.csv","8386","928EED8A8BFD2A69A68C41AE1AB933317ED1BFB5AF51127840B46E9CD9B7140F"
"results/stage_2a","results/stage_2a/current/ensemble/network_01_stage2a.mat","759464","552E08EC5576638F79E9C7EDE584FFFC933BEB5BD8C1108573B7E3F56CA95D5C"
"results/stage_2a","results/stage_2a/current/ensemble/network_02_stage2a.mat","759591","DC8D55AC4B51A5EC0D1389CC0648C70BEA37895A392E550D41CE34601BA61538"
"results/stage_2a","results/stage_2a/current/ensemble/network_03_stage2a.mat","759130","E92B623D199F0FC6043BB4479E751B0ACC5AA726CD7D8F15891E390E89A077DB"
"results/stage_2a","results/stage_2a/current/ensemble/network_04_stage2a.mat","759679","396AEAA54A7771620603E3091CA70180CF396BA912F078F78C772049A43F5C9D"
"results/stage_2a","results/stage_2a/current/ensemble/network_05_stage2a.mat","759316","7A0CEC1D12B9CB9760F73FAAC8E1486FF75376A2969EFF31895DD7847827F7E8"
"results/stage_2a","results/stage_2a/current/ensemble/network_06_stage2a.mat","760187","BF0FD8228FD7EB820115B5265B37565AECFAAB178F20F7ED79EE7550EEB2467D"
"results/stage_2a","results/stage_2a/current/ensemble/network_07_stage2a.mat","758537","334E63B114AA63F574279CDEA4692B9EED4C2882F66465E265E902984BCD3C36"
"results/stage_2a","results/stage_2a/current/ensemble/network_08_stage2a.mat","758380","D26C2D4F196D7CE337C48F906D34CBDC4D5DCB8815F3D73597CBDACAD8FDFB69"
"results/stage_2a","results/stage_2a/current/ensemble/network_09_stage2a.mat","758431","7EA64A1FE9F2EE90F5E43847638E2480985570F6C994222A2E2ECDB7EB4DB0A5"
"results/stage_2a","results/stage_2a/current/ensemble/network_10_stage2a.mat","759724","A030AF95B6AD03E3DE006C50F4040D8CCD28ADB701961E7E5C9461FC4F7C75D3"
"results/stage_2a","results/stage_2a/current/movement_metrics_by_preparation_duration.csv","432095","0E42C46E0862635A3677238C6D4E8AB4CFC9AAD35CA3124427ED1BABB59739AC"
"results/stage_2a","results/stage_2a/current/plot_inventory.csv","1424","9FC95AE2897878FEC21911EE55B4002C575F127AC9577BE9A701C0179BD6CED2"
"results/stage_2a","results/stage_2a/current/prospective_error_reduction_times.csv","2378","4664321DB6AB1CA11D84FBFAA28DDC6BE87027FA9172DF38526A3C6DAB54B74B"
"results/stage_2a","results/stage_2a/current/stage2a_complete_results.mat","123577243","3E98982267F52ADD874F8D3BB1C40FEFD2D591B09E67535CF035809CA0C644CB"
"results/stage_2a","results/stage_2a/current/stage2a_summary.json","1495","C444B432A2FDC1D808D97B0B932D9C87C80E3E043749E725FB9E2189036A7D0A"
"results/stage_2a","results/stage_2a/diagnostics/active_set_gate2/preparation_active_set_metrics.csv","645542","6AB8D211B0CCA7F56234CBD8BFFAEF7BBCF830969A256FE62D696737F3D7F130"
"results/stage_2a","results/stage_2a/diagnostics/active_set_gate2/preparationEnsemble.csv","40314","F3BD4177C220BD2336004A3956E8A06CF6831DC656A04F477B28DE4D045593E1"
"results/stage_2a","results/stage_2a/diagnostics/active_set_gate2/preparationNetwork.csv","79046","C575103EC3C885926684BAB49377405B9663142FDEC2CBD5794A85E4D7E312F8"
"results/stage_2a","results/stage_2a/diagnostics/active_set_gate2/preparationTiming.csv","688","7219D707FC1E7F275B6353642AB977659489327D49F99CC9C5FBE3D3DC57B89B"
"results/stage_2b_kao","results/stage_2b_kao/alignment_nulls/network_01_project_k95_null_10000.csv","257833","7A8F32B236B8F551733D8D2CCB2C367E331104D6EFFA0D74997483670662940E"
"results/stage_2b_kao","results/stage_2b_kao/alignment_nulls/network_01_source_k80_null_10000.csv","257860","E7B898C1AE2E871A63E2A289D05576EFEDE1CCA3C8816D4DD3CF80DDE865550A"
"results/stage_2b_kao","results/stage_2b_kao/alignment_nulls/network_02_project_k95_null_10000.csv","257804","E883677AB6CC0883C64BD831D3696B7ACCC5EABDDC26660751D158352A15D930"
"results/stage_2b_kao","results/stage_2b_kao/alignment_nulls/network_02_source_k80_null_10000.csv","257808","F3DB159EE446854488DEFFF6074908618FBF35AA5EA92A4672080FC00093E05E"
"results/stage_2b_kao","results/stage_2b_kao/alignment_nulls/network_03_project_k95_null_10000.csv","257816","074C799D1041AED03757BDA0CA0983E4CEDC55D4F5FEA4091B4DC27BBA02C41F"
"results/stage_2b_kao","results/stage_2b_kao/alignment_nulls/network_03_source_k80_null_10000.csv","257811","2DDC83A51B4AACD0909723118FDA25423B08A6A977327F7F01744A6BEB6B8519"
"results/stage_2b_kao","results/stage_2b_kao/alignment_nulls/network_04_project_k95_null_10000.csv","257744","5EC89960AE2412CBAACC4EC2EE59D492EDCEBA93C4813058CE0C46E9528BF509"
"results/stage_2b_kao","results/stage_2b_kao/alignment_nulls/network_04_source_k80_null_10000.csv","257797","23E15CAB269E417FA7A0007F726E608159FBE5DEFC35070D9BE77B1E0115A513"
"results/stage_2b_kao","results/stage_2b_kao/alignment_nulls/network_05_project_k95_null_10000.csv","257792","AC2330D42AE5A86D5B1E42E4D971D3091D7E48FF02F8D83B3BE4AA1AF4341666"
"results/stage_2b_kao","results/stage_2b_kao/alignment_nulls/network_05_source_k80_null_10000.csv","257838","F48A299C92663A97D98B8B9E1DED66947A59FB55246B375E62A2CD2E806CEADF"
"results/stage_2b_kao","results/stage_2b_kao/alignment_nulls/network_06_project_k95_null_10000.csv","257843","9F17FC1C66F2975F4D8FFB702B0ADBF5AD0AA32070BAFBD66622E4464FBE8C94"
"results/stage_2b_kao","results/stage_2b_kao/alignment_nulls/network_06_source_k80_null_10000.csv","257844","C56DA3C0326722A952EADAE9B3B732E6DC4CE3F19ED908396879B63F58E2A213"
"results/stage_2b_kao","results/stage_2b_kao/alignment_nulls/network_07_project_k95_null_10000.csv","257857","37AA0A7F6D6B492F92E6F493B86D00658D4B1CA8B2E98EB20A4D1E3779026631"
"results/stage_2b_kao","results/stage_2b_kao/alignment_nulls/network_07_source_k80_null_10000.csv","257793","030B4DBE4C847348F364BF5979430D9AB49B7A034C653C1BEFFA4F35569C9770"
"results/stage_2b_kao","results/stage_2b_kao/alignment_nulls/network_08_project_k95_null_10000.csv","257829","C570FDE5CF44FC4491E9700A4FC5B8C962C8E63FA92DF8DA9494D45B46E71464"
"results/stage_2b_kao","results/stage_2b_kao/alignment_nulls/network_08_source_k80_null_10000.csv","257915","70B1F4D0472B0303926A3419B5F195E9063C5501F56C3369EDD5C711CB29DA64"
"results/stage_2b_kao","results/stage_2b_kao/alignment_nulls/network_09_project_k95_null_10000.csv","257800","DB80DA1B366AA3573CE1950E72619E5501E8D530A22048D56A55FBCFE5511073"
"results/stage_2b_kao","results/stage_2b_kao/alignment_nulls/network_09_source_k80_null_10000.csv","257824","19B631BA4F8DB59B337202D6C3794CE38375FEB2B38EEF9203E1F61EE5445AF2"
"results/stage_2b_kao","results/stage_2b_kao/alignment_nulls/network_10_project_k95_null_10000.csv","267798","7271DE1F789BB5F59CC0595351685D1E8571E433014DA931968B843064419CF0"
"results/stage_2b_kao","results/stage_2b_kao/alignment_nulls/network_10_source_k80_null_10000.csv","267801","1F3A550AE470D63A78E6FE6409EF87FB88498E62AAF3E42B66F524C905129B09"
"results/stage_2b_kao","results/stage_2b_kao/audit_history/pre_gate3_single_network_and_deleted_figure10/alignment_architecture_revision_manifest_sha256.csv","2010","2289B1584D7E89F5DEF2DB8456196FFBB0B7591BD43FBA6BD43B656AB034B36E"
"results/stage_2b_kao","results/stage_2b_kao/audit_history/pre_gate3_single_network_and_deleted_figure10/architecture_inventory.csv","380","14D2D6A6FA394DA1829982DADD2C477906FFBA82E387F33420BB3EF28EC3C549"
"results/stage_2b_kao","results/stage_2b_kao/audit_history/pre_gate3_single_network_and_deleted_figure10/architecture/stage2b_kao_architecture.png","316409","6BB497D56581A56B5B02FAFEEE4B06CEE507DE016AAC4B3E70F249B285B230CB"
"results/stage_2b_kao","results/stage_2b_kao/audit_history/pre_gate3_single_network_and_deleted_figure10/architecture/stage2b_kao_architecture.svg","283396","78FF02262F2C30DD1D5566C5C0C135C9A194B6431B774533EDAFC3E5F40EEA14"
"results/stage_2b_kao","results/stage_2b_kao/audit_history/pre_gate3_single_network_and_deleted_figure10/canonical_plots/fig/01_stage2b_controller_derivation_and_fixed_points.fig","764394","4FF975529EBD66F660EAD18ED89B9CFA9036DEDF05EB63617F04D7688D91BFB1"
"results/stage_2b_kao","results/stage_2b_kao/audit_history/pre_gate3_single_network_and_deleted_figure10/canonical_plots/fig/02_stage2b_cortical_preparation_go_movement_trajectories.fig","262001","6F2761CC442D76DC66847B8A8476C84C5406D3C938CBAC50B747EC3A27D7EBF3"
"results/stage_2b_kao","results/stage_2b_kao/audit_history/pre_gate3_single_network_and_deleted_figure10/canonical_plots/fig/03_stage2b_preparatory_error_dynamics.fig","256574","9D20F888D51C6132CB0423762AE792622B39992C9B88B8164F78F2E752D7BE0C"
"results/stage_2b_kao","results/stage_2b_kao/audit_history/pre_gate3_single_network_and_deleted_figure10/canonical_plots/fig/04_stage2b_reaches_by_preparation_duration.fig","1346521","DF07E7A05396756B7F40D0C46D8B3C833E37032D5EAC1CDF7343F0BAE317E959"
"results/stage_2b_kao","results/stage_2b_kao/audit_history/pre_gate3_single_network_and_deleted_figure10/canonical_plots/fig/05_stage2b_movement_error_by_preparation_duration.fig","19295","E843ECC411807E962602C882D6AFD3DBEA60A895A5F68C9D88E1B310F0A5DD75"
"results/stage_2b_kao","results/stage_2b_kao/audit_history/pre_gate3_single_network_and_deleted_figure10/canonical_plots/fig/06_stage2b_control_input_dynamics_and_effort.fig","40598","F4D3BA36A7F029A6A53324F13EE6AA7CEA8E88E0B6BEBEC085DE21689C94DB7E"
"results/stage_2b_kao","results/stage_2b_kao/audit_history/pre_gate3_single_network_and_deleted_figure10/canonical_plots/fig/07_stage2b_local_stability_and_finite_time_control.fig","19900","482137A5593898421FCBC9F99E28B88D0D21068E169D5FC8AC38D76FFDD14A2A"
"results/stage_2b_kao","results/stage_2b_kao/audit_history/pre_gate3_single_network_and_deleted_figure10/canonical_plots/fig/08_stage2b_nonlinear_perturbation_recovery_and_flow.fig","354637","D93B06358C843D89B4229A0BBB229A6E549743A9FA67993F20247109CB3467B2"
"results/stage_2b_kao","results/stage_2b_kao/audit_history/pre_gate3_single_network_and_deleted_figure10/canonical_plots/fig/09_stage2b_prep_move_alignment_and_null_distribution.fig","187574","8F3AD76358D6CAD6C7E9465CF07748B5DAAE3D17665805803E81B9582DC69341"
"results/stage_2b_kao","results/stage_2b_kao/audit_history/pre_gate3_single_network_and_deleted_figure10/canonical_plots/fig/10_stage2b_movement_amplification_and_prep_move_rotation.fig","19254","5619BF05DBBC314FD4620FA03DDC5A288506581A94F1AD4C9699A869F57A190D"
"results/stage_2b_kao","results/stage_2b_kao/audit_history/pre_gate3_single_network_and_deleted_figure10/canonical_plots/png/01_stage2b_controller_derivation_and_fixed_points.png","412353","0CAE95D43C3ED0D4AEBA6D5A636D82963697050533C3729123DA087DAEA14E34"
"results/stage_2b_kao","results/stage_2b_kao/audit_history/pre_gate3_single_network_and_deleted_figure10/canonical_plots/png/02_stage2b_cortical_preparation_go_movement_trajectories.png","339694","3E170D86F965F5A70D67CC71216379363D597D95C4E07C96A43EF501E276F184"
"results/stage_2b_kao","results/stage_2b_kao/audit_history/pre_gate3_single_network_and_deleted_figure10/canonical_plots/png/03_stage2b_preparatory_error_dynamics.png","156695","303F4C0743E8ECFE09C2D526BB789C0B98D6DBF7D9487308E8B7C4929A7D6C8A"
"results/stage_2b_kao","results/stage_2b_kao/audit_history/pre_gate3_single_network_and_deleted_figure10/canonical_plots/png/04_stage2b_reaches_by_preparation_duration.png","330435","044D9D5C3C5CD3A6CCACF515E4DE3A5E0B679C114BF7E1591813E3AF6D43D81D"
"results/stage_2b_kao","results/stage_2b_kao/audit_history/pre_gate3_single_network_and_deleted_figure10/canonical_plots/png/05_stage2b_movement_error_by_preparation_duration.png","181861","FB8823EEC1F0792AF370869B0D89F765BD2DEAE6B889741BE405FF27D714163F"
"results/stage_2b_kao","results/stage_2b_kao/audit_history/pre_gate3_single_network_and_deleted_figure10/canonical_plots/png/06_stage2b_control_input_dynamics_and_effort.png","245219","A85F2BE2FB280E06ACA98F3D78A44FF6F6A5A0468F51563F9A74D86B3BF90059"
"results/stage_2b_kao","results/stage_2b_kao/audit_history/pre_gate3_single_network_and_deleted_figure10/canonical_plots/png/07_stage2b_local_stability_and_finite_time_control.png","129608","3C89C638025E830858BE0686700228579E75F66B316FEF8A80D0B61BE939C4E0"
"results/stage_2b_kao","results/stage_2b_kao/audit_history/pre_gate3_single_network_and_deleted_figure10/canonical_plots/png/08_stage2b_nonlinear_perturbation_recovery_and_flow.png","471829","13C60B2D32D0E16A9F7C83B2558CF9FA9412916042DB7E6EAB6F45457D4B2226"
"results/stage_2b_kao","results/stage_2b_kao/audit_history/pre_gate3_single_network_and_deleted_figure10/canonical_plots/png/09_stage2b_prep_move_alignment_and_null_distribution.png","410110","4E1535AF2DDFFFC0AE200079A88404CDEF1FABA91A4348B8E95BADF40D57EF08"
"results/stage_2b_kao","results/stage_2b_kao/audit_history/pre_gate3_single_network_and_deleted_figure10/canonical_plots/png/10_stage2b_movement_amplification_and_prep_move_rotation.png","183140","35149BD71D4EA8BC4CF11D4B012B6B333D326AAA18FE3947E478AA9CFFB16DD8"
"results/stage_2b_kao","results/stage_2b_kao/audit_history/pre_gate3_single_network_and_deleted_figure10/control_effort.csv","1473","51A944B0D63884206989F6A65721D1E6DBF24CD4AA225D079C6BC8DC3D5A767B"
"results/stage_2b_kao","results/stage_2b_kao/audit_history/pre_gate3_single_network_and_deleted_figure10/controller_derivation_summary.csv","343","62217B24847F767B1D96A2320A76AC28096C51F44DFB821CB0128B5A38DDDB2E"
"results/stage_2b_kao","results/stage_2b_kao/audit_history/pre_gate3_single_network_and_deleted_figure10/controller_validation.csv","361","F5887646185AA5919D2CD43B612C111C9FA0D1F9EC9682ED54204B504807C044"
"results/stage_2b_kao","results/stage_2b_kao/audit_history/pre_gate3_single_network_and_deleted_figure10/final_artifact_manifest_sha256.csv","3418","18F949521A595B42B7FD6F09930C0071D82A2EBA32240012D6184F7F0C93F167"
"results/stage_2b_kao","results/stage_2b_kao/audit_history/pre_gate3_single_network_and_deleted_figure10/finite_time_q_gain.csv","4689","27B45E56F1FD0778AAE64E9010047C65849F85757E729F834103489030E90BB1"
"results/stage_2b_kao","results/stage_2b_kao/audit_history/pre_gate3_single_network_and_deleted_figure10/flow_field_q1_q2.csv","129635","C635CDD6FDE6F7561751AF97DDBE269E601889CA6E657D297FC852A107021737"
"results/stage_2b_kao","results/stage_2b_kao/audit_history/pre_gate3_single_network_and_deleted_figure10/kao_elsayed_alignment_audit.csv","2354","4F46603837FAEC0ADE545BE1E9810A83CDAA5E8091B6D4A42F3F0C9BFFC8F340"
"results/stage_2b_kao","results/stage_2b_kao/audit_history/pre_gate3_single_network_and_deleted_figure10/kao_elsayed_alignment_bootstrap_medians.csv","464064","2D82095BF72537127CC87F2346C6853D6BE783C6ADC3A6EA6769099C2A0B497F"
"results/stage_2b_kao","results/stage_2b_kao/audit_history/pre_gate3_single_network_and_deleted_figure10/kao_elsayed_alignment_null_10000.csv","2333378","599023B9D073FA3E90BC479B2FCC37E7F61EA032BA933A7B6B862C822AD2E73D"
"results/stage_2b_kao","results/stage_2b_kao/audit_history/pre_gate3_single_network_and_deleted_figure10/kao_elsayed_alignment_replication_summary.json","6398","CE9BCC9BFE10382F2A8F82D35985684C2977B107F762858BE5C299FDB3D9294B"
"results/stage_2b_kao","results/stage_2b_kao/audit_history/pre_gate3_single_network_and_deleted_figure10/kao_elsayed_alignment_replication.mat","515941","CB9508B1B8B7DDBBC718C37A3C0D38FE92E2C29E534C6CA96DDC185B7311056F"
"results/stage_2b_kao","results/stage_2b_kao/audit_history/pre_gate3_single_network_and_deleted_figure10/kao_elsayed_alignment_spectra.csv","69113","1DD24C64F9AF4387C7E9EE01CB71E55E098784E030FC6A72079F82A2818C41E8"
"results/stage_2b_kao","results/stage_2b_kao/audit_history/pre_gate3_single_network_and_deleted_figure10/local_stability.csv","2739","8C1ACE4E3665CD141F144C912ABA3866865C7EBD58A0D873C73FE0A81EE92683"
"results/stage_2b_kao","results/stage_2b_kao/audit_history/pre_gate3_single_network_and_deleted_figure10/midpreparation_perturbation_recovery.csv","34891","23490360B906B0278E8F861B3D107DCA547729F8CBCB3BB0B7D16260FA9DFDE7"
"results/stage_2b_kao","results/stage_2b_kao/audit_history/pre_gate3_single_network_and_deleted_figure10/movement_amplification.csv","856","43EB4A25A1F3C6CF80CD9B7A9AF48C9749CCE5544CBB9BE9C03E74EA1BB61D4E"
"results/stage_2b_kao","results/stage_2b_kao/audit_history/pre_gate3_single_network_and_deleted_figure10/movement_metrics_by_preparation_duration.csv","15760","79F8ED5623311E6F7CB2AFAF5D6AA8DE159FEAF5A4ABBE0DF668FA6F773BFFA1"
"results/stage_2b_kao","results/stage_2b_kao/audit_history/pre_gate3_single_network_and_deleted_figure10/nonlinear_cloud_summary.csv","1760","8E9E5098A22D7CEF2149429C1CB9B0127127C519EE264902B7526270C57DFC6E"
"results/stage_2b_kao","results/stage_2b_kao/audit_history/pre_gate3_single_network_and_deleted_figure10/nonlinear_cloud_trials.csv","709498","D38BA7B38FF59A3B516422768FB3A3D5E37CB0486532C5A0085C82319D2FB79E"
"results/stage_2b_kao","results/stage_2b_kao/audit_history/pre_gate3_single_network_and_deleted_figure10/pinned_source_translation_gate.csv","373","2B691591F6B6549907E93DC28845F3B445EDCF3F1521E02DC992361467054451"
"results/stage_2b_kao","results/stage_2b_kao/audit_history/pre_gate3_single_network_and_deleted_figure10/plot_inventory.csv","3812","BF09F041DC2CE3DE376D3CFAEDE865143FC55392BF8DC3BBE377E45734EDC1C8"
"results/stage_2b_kao","results/stage_2b_kao/audit_history/pre_gate3_single_network_and_deleted_figure10/potency_band_recovery.csv","26164","AF5EA671F0439AA867EB6C3FAF7680676FBE9E7549313202A130A5CD0309EDFB"
"results/stage_2b_kao","results/stage_2b_kao/audit_history/pre_gate3_single_network_and_deleted_figure10/prep_move_alignment_null_10000.csv","3123564","3DB7F37849A717A6029DC670396332BAAFD23B364CAF915AE84204705186B497"
"results/stage_2b_kao","results/stage_2b_kao/audit_history/pre_gate3_single_network_and_deleted_figure10/prep_move_alignment.csv","1730","9FB389CF97B50E2B362574F9E5C400D2E73110EE22372AC30DFB47A74ECFAFA1"
"results/stage_2b_kao","results/stage_2b_kao/audit_history/pre_gate3_single_network_and_deleted_figure10/prep_move_rotation.csv","1255","1D943B2861FAFBB522433878537A879F404B66662581658F4D24F05760ABBFE1"
"results/stage_2b_kao","results/stage_2b_kao/audit_history/pre_gate3_single_network_and_deleted_figure10/revised_alignment_null_10000.csv","1133370","7136F957EB6C677DC35B89FA6630A50D0EB55F133A32F60302DBAE3797EC7F63"
"results/stage_2b_kao","results/stage_2b_kao/audit_history/pre_gate3_single_network_and_deleted_figure10/revised_controller_input_cumulative_variance.csv","104916","1607D32809D72F301BCC05B6A40758D7654602C00D2F0C8F350523AFDAB98DC4"
"results/stage_2b_kao","results/stage_2b_kao/audit_history/pre_gate3_single_network_and_deleted_figure10/revised_controller_input_dimensionality_summary.csv","748","6557DD5466C4F9E7249873833920F822EE127D65DC67826660776D5272A8591A"
"results/stage_2b_kao","results/stage_2b_kao/audit_history/pre_gate3_single_network_and_deleted_figure10/revised_controller_input_time_course.csv","6934","54AA580C185B3B878127B96D816B572FD500281D3D339CDEAFA693881E3B5AAB"
"results/stage_2b_kao","results/stage_2b_kao/audit_history/pre_gate3_single_network_and_deleted_figure10/revised_flow_field_diagnostic_summary.csv","437","43D425391AB2CAC047447F2CA618B039739F9D8D84C254D8E3D8F604CCFD21BB"
"results/stage_2b_kao","results/stage_2b_kao/audit_history/pre_gate3_single_network_and_deleted_figure10/revised_flow_field_nonlinear_and_linearized.csv","344770","FE9B755335859736EB6C56B793B3CABFB9D2883B10E8E408595632DEA9E90706"
"results/stage_2b_kao","results/stage_2b_kao/audit_history/pre_gate3_single_network_and_deleted_figure10/revised_flow_representative_target_selection.csv","211","08AC73580D7739941D041D37ABE6FD4F3D8B0FD1DF507A64287E341F619F8AF6"
"results/stage_2b_kao","results/stage_2b_kao/audit_history/pre_gate3_single_network_and_deleted_figure10/revised_prep_move_cumulative_variance.csv","79341","79F4591104FDDC9C366D02B1C2D97374D3370B72D59A9F8C9841B959B4A96759"
"results/stage_2b_kao","results/stage_2b_kao/audit_history/pre_gate3_single_network_and_deleted_figure10/revised_prep_move_rotation.csv","300","666FA225B59B86FADF89F652E7C62A4DA25442230D3D25F6D45553F56CAF646C"
"results/stage_2b_kao","results/stage_2b_kao/audit_history/pre_gate3_single_network_and_deleted_figure10/revised_preparatory_dimensionality_and_alignment.csv","1120","8A23D3A82161DDA7056FDF50E49C0B831EC08B188899A9BCE7111208C91C0A2D"
"results/stage_2b_kao","results/stage_2b_kao/audit_history/pre_gate3_single_network_and_deleted_figure10/source_benchmark_prospective_error.csv","309","52FCD3871703DEB8EA642560806360AFB6D63091B52CEDA26B6F4D28C6D3B0B4"
"results/stage_2b_kao","results/stage_2b_kao/audit_history/pre_gate3_single_network_and_deleted_figure10/stage_2b_kao_artifact_manifest.csv","6041","E98AA5DFAE697D5B11B98E503E034B1D930676E6242A98693CD1A27BA676A758"
"results/stage_2b_kao","results/stage_2b_kao/audit_history/pre_gate3_single_network_and_deleted_figure10/stage2b_comparative_summary.json","3924","DA958826BD805FCBB232608B1322994ED8C573C76ED7DB91C6A29D6437FB0F4F"
"results/stage_2b_kao","results/stage_2b_kao/audit_history/pre_gate3_single_network_and_deleted_figure10/stage2b_kao_comparative_results.mat","893266532","962BDE241E633AF4294EAA7D86365BEC8849392F6D87EED873FC5FB7AF543822"
"results/stage_2b_kao","results/stage_2b_kao/audit_history/pre_gate3_single_network_and_deleted_figure10/stage2b_kao_controller.mat","166395740","291EB028E008B81217E5671DB4662E14CCE5C339F0F761A3F487BA2DDF41AB70"
"results/stage_2b_kao","results/stage_2b_kao/audit_history/pre_gate3_single_network_and_deleted_figure10/stage2b_kao_summary.json","563","80F772E0A43482B093779A9097DF0E39FB0A4885C1CC9198A9FC83C323FA3628"
"results/stage_2b_kao","results/stage_2b_kao/audit_history/pre_gate3_single_network_and_deleted_figure10/stage2b_presentation_revision_results.mat","727668","F0A3405BD8D2BF5E9FDDEB2D9A71C8089BEF4892930471F3CA9FE50DBDBB8D2D"
"results/stage_2b_kao","results/stage_2b_kao/audit_history/pre_gate3_single_network_and_deleted_figure10/stage2b_presentation_revision_summary.json","6510","D6A12789E1EDB4111D999B14E435321EBE2D00A506EFB047780D0D58DE10796D"
"results/stage_2b_kao","results/stage_2b_kao/audit/assembled_pre_figure_checkpoint.mat","57519827","AAA8707F6C539628C29487150951976EADD1575E0A3C849B0BCCB629FD0E5506"
"results/stage_2b_kao","results/stage_2b_kao/audit/complete_validation.json","371","9C17DF907A3C24C796D07B028F099705F2278AD8CE045D49F79C14375ABDD0B0"
"results/stage_2b_kao","results/stage_2b_kao/audit/complete_validation.mat","12432","2BD9BF411CBABD7534BC2D0179750CC02F80DC5881F31E52C1403DA024A00EE3"
"results/stage_2b_kao","results/stage_2b_kao/audit/component_validation.json","362","064B352F97417A718AA58CF25EBA0AA693A0513708D693CE7CFDBEF340C40F66"
"results/stage_2b_kao","results/stage_2b_kao/audit/component_validation.mat","11784","B1BA373279FE247EC4446DBCB77CD31982009FA1A8D1DD4BAD11AA8052D2328E"
"results/stage_2b_kao","results/stage_2b_kao/audit/figure5_final_100_vs_200_network_audit.csv","7183","17023BE30C1901E3D4115AD0392C009D3C578520F0BD1F423C421BDB70E87104"
"results/stage_2b_kao","results/stage_2b_kao/audit/figure5_final_diagnostic.json","712","F1C668818DB8467824672A7AEEA56E872C98E338113097D4E03DB9D441BC0A3A"
"results/stage_2b_kao","results/stage_2b_kao/audit/figure5_final_diagnostic.mat","293408","31C6ACF89B6DBAB41F3B497E7A89D1DE35682AD14421E682B152F30E49E96F66"
"results/stage_2b_kao","results/stage_2b_kao/audit/figure5_final_freeze_validation.json","388","C711D47BAE743429B2F2BFCC9AF4EF7D933526F3150AC6580C273FAAC707DCF9"
"results/stage_2b_kao","results/stage_2b_kao/audit/figure5_final_trace_diagnostic.csv","12894","5F91EBFDFABACCBDCFCDE1F00F9305172999D73C35C0353DF5006E5EB24FA1F3"
"results/stage_2b_kao","results/stage_2b_kao/audit/frozen_stage_verification.json","272","77158AB045C1D566C52561CAEDE6C82AC1A961B013D09B772DC967F3D3CA4203"
"results/stage_2b_kao","results/stage_2b_kao/audit/post_promotion_validation.json","426","9250A27BC8E9A860417B713344A050C6D1C38DA6E5B78F58C78B30BFFE28EEDD"
"results/stage_2b_kao","results/stage_2b_kao/audit/post_promotion_validation.mat","13352","EB24FD3FA8084F9A302A93FBE7C727A91CFCFBB0A7D1F7B7CED5660743F72CA6"
"results/stage_2b_kao","results/stage_2b_kao/audit/presentation_revision_scalar_bar_panel_audit.csv","900","C2AC1C8C62DF3EE7479B7F934AD8388CAA7A78BD3D6F2A0C9076C2CECAA9E872"
"results/stage_2b_kao","results/stage_2b_kao/audit/presentation_revision_validation.json","617","11E21664CDB0DFB1F2745C1878A229816492A4EC8745308C28923196E5B99D1C"
"results/stage_2b_kao","results/stage_2b_kao/audit/stage1_after_figure5_freeze.csv","23635","4B300A217C84BC6F6BFCB9102D3C42B438DAB927110917DF9C79B848BE1EB04D"
"results/stage_2b_kao","results/stage_2b_kao/audit/stage1_after.csv","24625","42B6373AFE5793EFD61378621F92C7058F167453914CFD6B4807F3DCFF93AB82"
"results/stage_2b_kao","results/stage_2b_kao/audit/stage1_before.csv","24625","42B6373AFE5793EFD61378621F92C7058F167453914CFD6B4807F3DCFF93AB82"
"results/stage_2b_kao","results/stage_2b_kao/audit/stage2a_after_figure5_freeze.csv","14871","345BC244425E6FA2315E68976DF40913760747A59543D7D8D81C87CB8D783403"
"results/stage_2b_kao","results/stage_2b_kao/audit/stage2a_after.csv","15519","8BD2BD65DFD0E8D3B879151DF12E305EA08D97BE09A0AEBA5002F6ABDD3DED89"
"results/stage_2b_kao","results/stage_2b_kao/audit/stage2a_before.csv","15519","8BD2BD65DFD0E8D3B879151DF12E305EA08D97BE09A0AEBA5002F6ABDD3DED89"
"results/stage_2b_kao","results/stage_2b_kao/audit/stage2b_cerebellum_after_figure5_freeze.csv","9194","6FCED89DCB0E0CFF687A3469061F1453F7CD228AB9073CE4B9CCDE1216687196"
"results/stage_2b_kao","results/stage_2b_kao/audit/stage2b_cerebellum_after.csv","9590","8E138C6C0A7C3D77EF2E6378F731358DC90D71437DDE4C29F8F4B0F540FC443C"
"results/stage_2b_kao","results/stage_2b_kao/audit/stage2b_cerebellum_before.csv","9590","8E138C6C0A7C3D77EF2E6378F731358DC90D71437DDE4C29F8F4B0F540FC443C"
"results/stage_2b_kao","results/stage_2b_kao/audit/stage2b_kao_pre_gate3_before.csv","9749","0908A934AC48FE43CF343B20B86C7C6F94CF0F6DDC87C8430DC2DA4E5B176D91"
"results/stage_2b_kao","results/stage_2b_kao/canonical_figure_inventory.csv","1902","5112A7B5F89A4DA26DC3F0E274191FBB107B60CC76FB42FED54D8EF4835CC823"
"results/stage_2b_kao","results/stage_2b_kao/diagnostics/active_set_gate2/audit/diagnostic_artifact_manifest_sha256.csv","5735","D5A7B59F097D7548EB577FABA2596E3F99C5A784B3EB1AE3CDD6FA4BAD14E9A4"
"results/stage_2b_kao","results/stage_2b_kao/diagnostics/active_set_gate2/audit/diagnostic_code_manifest_sha256.csv","541","1C680A63D90338581F81479D472AFD1CF6CA068E5DC7C1771B3D60D0DA1C2394"
"results/stage_2b_kao","results/stage_2b_kao/diagnostics/active_set_gate2/audit/figure_refinement_numeric_before.csv","2566","AAF077A80A104AD4193B4EB9ECEBE112DEE753AF6551217A6417869F5FC120C6"
"results/stage_2b_kao","results/stage_2b_kao/diagnostics/active_set_gate2/audit/frozen_canonical_manifest_after.csv","34288","1B368397C0A4AD7113EEAE179DD1C1B71EAEA8B9F39AD1D938F2468B07409D20"
"results/stage_2b_kao","results/stage_2b_kao/diagnostics/active_set_gate2/audit/frozen_canonical_manifest_before.csv","34288","1B368397C0A4AD7113EEAE179DD1C1B71EAEA8B9F39AD1D938F2468B07409D20"
"results/stage_2b_kao","results/stage_2b_kao/diagnostics/active_set_gate2/audit/frozen_canonical_verification.csv","84","FC44B1079DBB80595634FF279E13ABE7FBBC3136997C0E63746E35969A1E7E46"
"results/stage_2b_kao","results/stage_2b_kao/diagnostics/active_set_gate2/gate2_active_set_diagnostics_complete.mat","899486","63A84D536D2CE6757D01A810AEBAD315E4966BB6120D4C8B6911F05B50B7F8D4"
"results/stage_2b_kao","results/stage_2b_kao/diagnostics/active_set_gate2/gate2_active_set_diagnostics_summary.json","1795","6CF642CA4C8C06A2F565D4767BAD442F581107F5758C9CFF78A91B0292E25CCA"
"results/stage_2b_kao","results/stage_2b_kao/diagnostics/active_set_gate2/gate2_active_set_figure_refinement.mat","72596","0144F49A3EB4BFD0EAB24CD6A7E52C104F589A839AFE1F55F49AC7B782D0DF5D"
"results/stage_2b_kao","results/stage_2b_kao/diagnostics/active_set_gate2/tables/frozenRegimeCurve.csv","1003089","B4359B445EBA1EF41136BCCA15974443816161245F096A0C6561E1A2771276E4"
"results/stage_2b_kao","results/stage_2b_kao/diagnostics/active_set_gate2/tables/frozenRegimeCurveNetwork.csv","65856","FA9835A1BD3B5AA25012ACA306780A16A49087995EAF4B6D67B4360163EAA300"
"results/stage_2b_kao","results/stage_2b_kao/diagnostics/active_set_gate2/tables/frozenRegimeNetwork.csv","667","0A2DDFFA6C3A214FF7E5F456FEDD2CEDE125E358F4FB46BA8A4655FD8B466E5A"
"results/stage_2b_kao","results/stage_2b_kao/diagnostics/active_set_gate2/tables/frozenRegimeTarget.csv","1671","817AA534F90B5DD6049BFE5C996D7D3CAAB4813E0E6D3C8E157EEF2E98AE0EB5"
"results/stage_2b_kao","results/stage_2b_kao/diagnostics/active_set_gate2/tables/preparationEnsemble.csv","40314","F3BD4177C220BD2336004A3956E8A06CF6831DC656A04F477B28DE4D045593E1"
"results/stage_2b_kao","results/stage_2b_kao/diagnostics/active_set_gate2/tables/preparationNetwork.csv","79046","C575103EC3C885926684BAB49377405B9663142FDEC2CBD5794A85E4D7E312F8"
"results/stage_2b_kao","results/stage_2b_kao/diagnostics/active_set_gate2/tables/preparationTarget.csv","645542","6AB8D211B0CCA7F56234CBD8BFFAEF7BBCF830969A256FE62D696737F3D7F130"
"results/stage_2b_kao","results/stage_2b_kao/diagnostics/active_set_gate2/tables/preparationTiming.csv","688","7219D707FC1E7F275B6353642AB977659489327D49F99CC9C5FBE3D3DC57B89B"
"results/stage_2b_kao","results/stage_2b_kao/diagnostics/active_set_gate2/tables/stage1ActiveCurve.csv","624149","1780A8BF85682EDD6F19F6FCECFB22821797B2A225FAC403ECED721FB98D932E"
"results/stage_2b_kao","results/stage_2b_kao/diagnostics/active_set_gate2/tables/stage1ActiveCurveNetwork.csv","65847","12092A7F491657B9A8CF2B7C19E8B48516AA5A90D1F7D70B249C5E107A4E1EEB"
"results/stage_2b_kao","results/stage_2b_kao/diagnostics/active_set_gate2/tables/stage1Network.csv","694","06157AD78A2A6B73A959C934BD77DA0C0C60DE30434BBF600ABA3DAACCF6339C"
"results/stage_2b_kao","results/stage_2b_kao/diagnostics/active_set_gate2/tables/stage1Overlap.csv","4858","F0BEF18AD941AB18EFE083B17A6068611C2D8AE0C4B767D041875994D1D3160C"
"results/stage_2b_kao","results/stage_2b_kao/diagnostics/active_set_gate2/tables/stage1Target.csv","1653","4F43FE9F2371FEC094730AADA5D09EC6C5EB33F84454AABE20A61509F6F92F81"
"results/stage_2b_kao","results/stage_2b_kao/diagnostics/active_set_gate2/tables/validation.csv","1012","8926A7A842EA6303575645F9B09B40DA9252E11D0C708C23724D5689344B35F7"
"results/stage_2b_kao","results/stage_2b_kao/diagnostics/lambda_sensitivity/audit/canonical_stage2b_kao_artifact_manifest_before.csv","15568","D5BDA7160EBF3C89B80832F6D940090FD47ABA4CC968BCA285A96ABB9FB67FA5"
"results/stage_2b_kao","results/stage_2b_kao/diagnostics/lambda_sensitivity/audit/canonical_stage2b_kao_code_manifest_before.csv","3719","75F37C5AA6B64C0894E69A7DDC91588EA0A43422433C05DC34E5D1870AC2BF41"
"results/stage_2b_kao","results/stage_2b_kao/diagnostics/lambda_sensitivity/audit/complete_validation.json","664","EC7F800C1CAEF6A66D1514B81CAF197670476B1F797A9BAEC7D9F26B30ED6F1D"
"results/stage_2b_kao","results/stage_2b_kao/diagnostics/lambda_sensitivity/audit/complete_validation.mat","564","6940784E12D8D98422BFA036746AF7C43B35CC4566DC5D7E1F5D06A4519B05F8"
"results/stage_2b_kao","results/stage_2b_kao/diagnostics/lambda_sensitivity/audit/component_validation.json","394","FD3846281C292C659BF8AFE1E1D46C70F36D1BA9D3A67EA58CB98DB23E470662"
"results/stage_2b_kao","results/stage_2b_kao/diagnostics/lambda_sensitivity/audit/component_validation.mat","606796","717757A91510D381F9D721168E399C038E18F6AAF0733C8910867D9D88B92226"
"results/stage_2b_kao","results/stage_2b_kao/diagnostics/lambda_sensitivity/audit/diagnostic_artifact_manifest_sha256.csv","5760","7521DB5E4AB30C9F5BD4E94891BD30A4A9D5855BCEC941CC78C34362B979C63D"
"results/stage_2b_kao","results/stage_2b_kao/diagnostics/lambda_sensitivity/audit/frozen_stage_verification.csv","159","4EC981DE6DAD7C2290EA33956B3EF26DFC5CA5060D4A50B2DC98704ECC69CC0A"
"results/stage_2b_kao","results/stage_2b_kao/diagnostics/lambda_sensitivity/per_network/network_01_lambda_sensitivity.mat","2056869","F0CA509B269B6A20AD00AC45ABB4857817DA38641B4253969069E6264E5E235B"
"results/stage_2b_kao","results/stage_2b_kao/diagnostics/lambda_sensitivity/per_network/network_02_lambda_sensitivity.mat","2057297","639E1F7F19E62F5ECC26468EF46031CAD7C7CC23CDB2DF2EEA47D1BCEF065951"
"results/stage_2b_kao","results/stage_2b_kao/diagnostics/lambda_sensitivity/per_network/network_03_lambda_sensitivity.mat","2057393","CD04BF63F20652EFCD004B6881E7D0E9C97B69551A9570EB0CE1C62DB778A7A4"
"results/stage_2b_kao","results/stage_2b_kao/diagnostics/lambda_sensitivity/per_network/network_04_lambda_sensitivity.mat","2057357","FECDADAE8473C1D268F797286B3A1E937FB386DC27927CF3314808A46FF96DFF"
"results/stage_2b_kao","results/stage_2b_kao/diagnostics/lambda_sensitivity/per_network/network_05_lambda_sensitivity.mat","2057634","1ED8479CE1670039060C8F74CED533D8E954BD61D425AEE523ECF6E627AB21D9"
"results/stage_2b_kao","results/stage_2b_kao/diagnostics/lambda_sensitivity/per_network/network_06_lambda_sensitivity.mat","2056604","CDDE0F59048B5175F5609A7F39827A3E7C71CB485BCCDBBCA1B925982D2991D2"
"results/stage_2b_kao","results/stage_2b_kao/diagnostics/lambda_sensitivity/per_network/network_07_lambda_sensitivity.mat","2057256","F8B3BEE19E311969C2A66D2CD115C27267ECCE8D89F745FFD2C87E0238BBCA9F"
"results/stage_2b_kao","results/stage_2b_kao/diagnostics/lambda_sensitivity/per_network/network_08_lambda_sensitivity.mat","2057456","73DBDD88A5DC174D30EF5FBB9E46210449949908F03DAADBE361ED754E23AC32"
"results/stage_2b_kao","results/stage_2b_kao/diagnostics/lambda_sensitivity/per_network/network_09_lambda_sensitivity.mat","2057558","0056B67131D579D08D4C4CCD64854B97376FD20BF34179DAD5A51A0E6DB98B2C"
"results/stage_2b_kao","results/stage_2b_kao/diagnostics/lambda_sensitivity/per_network/network_10_lambda_sensitivity.mat","2057590","9CE5BB130CBA25DC8DC56702CD65223C041EC70BCDFB822C2626BE9FD7E2FCC0"
"results/stage_2b_kao","results/stage_2b_kao/diagnostics/lambda_sensitivity/stage2b_kao_lambda_sensitivity_complete.mat","3847562","0798BBC9147B4E69DECCAADFBB97896328B4476A7C175E2EDCA3C0A48635F40B"
"results/stage_2b_kao","results/stage_2b_kao/diagnostics/lambda_sensitivity/stage2b_kao_lambda_sensitivity_summary.json","8746","00B7444CEEE0E0ECF5500B30CEC5D47619079DB7D4BDBFD26122DA470A071DAB"
"results/stage_2b_kao","results/stage_2b_kao/diagnostics/lambda_sensitivity/tables/controller.csv","5456","98971C3068D74AE433CAED86B1B5A3FDFA6108EF9A9B2501CFA09D83AE9A5DB4"
"results/stage_2b_kao","results/stage_2b_kao/diagnostics/lambda_sensitivity/tables/ensemble.csv","4640","31D05836EED09754133277C9D929E6ECF4478340379E8301705B40EE347ABC1E"
"results/stage_2b_kao","results/stage_2b_kao/diagnostics/lambda_sensitivity/tables/movement.csv","1116109","7FBFC1B1FBEFD22AB1992E32B655E76EAB9E0E1A8E72B3EFBBA2B893AC81233A"
"results/stage_2b_kao","results/stage_2b_kao/diagnostics/lambda_sensitivity/tables/network.csv","7766","3894E96E19D853044F4F4F092D78608825CC8BBA59B3C602F382842F0BAA4331"
"results/stage_2b_kao","results/stage_2b_kao/diagnostics/lambda_sensitivity/tables/reproduction.csv","2019","70981643FD646F8DE3CD5F6B7DC407311D4E5345E3DFF716A3FBD640A6BB3F37"
"results/stage_2b_kao","results/stage_2b_kao/diagnostics/lambda_sensitivity/tables/target.csv","47924","A76D2B4639C8EFF2B11519DA4CDB77A5B9AEB0C3068F74D6C1F1C066C02CFF7F"
"results/stage_2b_kao","results/stage_2b_kao/diagnostics/lambda_sensitivity/tables/timecourse.csv","10771144","DC134D7E60C7586CD7AB9E3CA5C498B57D80185828D5238C52DF9660EA0D1A63"
"results/stage_2b_kao","results/stage_2b_kao/ensemble/network_01_stage2b_kao_controller.mat","1747933","1760A3DC013BED6C290DE6B2A44E394C10C7C51F24CE0C15EABC2138693C7E1D"
"results/stage_2b_kao","results/stage_2b_kao/ensemble/network_02_stage2b_kao_controller.mat","1747014","990A746483C343165E4659D6C0DFA73FCE7D6A05D8C69522815B0B1DA8D5C8DE"
"results/stage_2b_kao","results/stage_2b_kao/ensemble/network_03_stage2b_kao_controller.mat","1747074","977B23A04F48C589171D18E8F4C1B53AD74B9A97A22C2BC098FD4FBCA4ED85B9"
"results/stage_2b_kao","results/stage_2b_kao/ensemble/network_04_stage2b_kao_controller.mat","1751214","DF0245F0433F36FF9F929011D0C18A22E5F97DDF04FA9E623E5B04536787767A"
"results/stage_2b_kao","results/stage_2b_kao/ensemble/network_05_stage2b_kao_controller.mat","1750017","81BD0A85EB824A0C713D86E3A5DC5D557BC5466214E5D4569B1A71AE26987439"
"results/stage_2b_kao","results/stage_2b_kao/ensemble/network_06_stage2b_kao_controller.mat","1747475","ED57A9B808028BFED4377146949EA40EC97DD22CC58CB67DF18FF365AA36857A"
"results/stage_2b_kao","results/stage_2b_kao/ensemble/network_07_stage2b_kao_controller.mat","1749815","6EEE2CAA8974E96245560F75CD16E085434C323DAB92DF370A378BD1AEC0E5F5"
"results/stage_2b_kao","results/stage_2b_kao/ensemble/network_08_stage2b_kao_controller.mat","1749522","18C3434488B510FAA9095B6AB664BE1169C719132646CCBB0AB3CB3A2E1B0577"
"results/stage_2b_kao","results/stage_2b_kao/ensemble/network_09_stage2b_kao_controller.mat","1749913","EC71F94DA1F455C5A075F3443A52A992522477210AB5F0561062EA823732FCAB"
"results/stage_2b_kao","results/stage_2b_kao/ensemble/network_10_stage2b_kao_controller.mat","1749489","C1910E0A83BA570E6D7C20CC589218AC67F26DCFEC741D447121C2DE3724AC07"
"results/stage_2b_kao","results/stage_2b_kao/final_artifact_manifest_sha256.csv","22180","6469BE33F78F072EC2A50D8E0CB9394D6020CD8D745F421DD253949065DA407A"
"results/stage_2b_kao","results/stage_2b_kao/final_code_manifest_sha256.csv","4457","128FF8F7F1E5223FB593CC3D9971B784F33ABF2817DB4DD7F03F3A939607FA4A"
"results/stage_2b_kao","results/stage_2b_kao/per_network/network_01_gate3_result.mat","53517151","D57C7EFCEA218A8365A9346627CE6ED7EC4B042E3EEF31A409F06DF9F40298C6"
"results/stage_2b_kao","results/stage_2b_kao/per_network/network_02_gate3_result.mat","821974","B32B925DCED2294F632A899835FD5716D30518F4DF331D77EE8340AA0ABBA342"
"results/stage_2b_kao","results/stage_2b_kao/per_network/network_03_gate3_result.mat","822155","B6B8A962B0C2359D57EA644E8CAFCDD5EC040C96840E21F1FECFB17BBCC0D6C5"
"results/stage_2b_kao","results/stage_2b_kao/per_network/network_04_gate3_result.mat","822387","CD76BB88B68D740ECB3C41824EF6CCC34CC8D8C73A92DE283A891B49C88F84C3"
"results/stage_2b_kao","results/stage_2b_kao/per_network/network_05_gate3_result.mat","822226","694D350157CE615BFAC08F4D80AB0C6789473A8539C3A6B8589590D214CAAB3F"
"results/stage_2b_kao","results/stage_2b_kao/per_network/network_06_gate3_result.mat","821652","E3FDCD6D86A15FBC600D704874637D132EF0453F1E2DEC590ADB195E4A21421A"
"results/stage_2b_kao","results/stage_2b_kao/per_network/network_07_gate3_result.mat","822459","13CE6B2995CBDD09224AF3DBB668AEDF716F550433B98DCF064867C33F62BFA2"
"results/stage_2b_kao","results/stage_2b_kao/per_network/network_08_gate3_result.mat","822358","E94CF6CF3E5E18E2CEFE1495E36401FD7D3F84662AA20227201DC08FCE5617B2"
"results/stage_2b_kao","results/stage_2b_kao/per_network/network_09_gate3_result.mat","822141","647A5648E547AC1BD1C7C8EB0693C1909702432ECBCDE5F05EEFEB2953C56694"
"results/stage_2b_kao","results/stage_2b_kao/per_network/network_10_gate3_result.mat","822633","6DEAFA9DD5E033AEA0DD70FF515377A440CC764B3E74B6E1DDD52A9155E51254"
"results/stage_2b_kao","results/stage_2b_kao/stage2b_kao_gate3_complete.mat","57519827","76BBB28D7A561FB573B143A1224CCBA09FFE09235DF5C7F9B9A07B2B6C93BC12"
"results/stage_2b_kao","results/stage_2b_kao/stage2b_kao_gate3_summary.json","1142","AC6CFFB0433701B24BEA5B9018083D18C336B7618EEF1691B7E16392890EBDA1"
"results/stage_2b_kao","results/stage_2b_kao/tables/alignment.csv","2192","9AF57ADB8502EAA75E8262DCD17CFB3D938A7B082BAA9557AAFD6812B943FD34"
"results/stage_2b_kao","results/stage_2b_kao/tables/alignmentNull.csv","2587855","8012E13B1799D46BB6A03DD05AA13F427D8DB26049BE3EDA5ECEF09C14D5C5CA"
"results/stage_2b_kao","results/stage_2b_kao/tables/amplification.csv","158928","14ADB0B50FF9E2C3A94E463A38F68E4D1AB70E24A6F9691966F7933760E4FCC8"
"results/stage_2b_kao","results/stage_2b_kao/tables/amplificationTargets.csv","1801","00E0B495A1839B1675F2AEBCD0F440CF7D527921880111D627C86FB26B14A43C"
"results/stage_2b_kao","results/stage_2b_kao/tables/cloud.csv","250616","EEFE605763EDD2894EEBBC0ADEEBAD53AB85121EE10B01D957B1CA63B7B44C51"
"results/stage_2b_kao","results/stage_2b_kao/tables/controller.csv","1982","71C0C876F38213C211C792A042A1BE4D7A03BFC16D562FCC8D59D0EEF7993E28"
"results/stage_2b_kao","results/stage_2b_kao/tables/corticalDimensionality.csv","1707","0FCE1CFFF99D1ED3EAE2487AD162D61C4B136A6EE837CE02ABEE17529BC55391"
"results/stage_2b_kao","results/stage_2b_kao/tables/effort.csv","1804","B8F6B4D7F53C88851DADDD41DFDBAB33DA06CE6E54B320C318A90A0433C25905"
"results/stage_2b_kao","results/stage_2b_kao/tables/ensemble_alignment.csv","371","18DE19BEF0D7C605AEAED4D27E381E752892A5CE7EEE6DBD1478892BED9D0524"
"results/stage_2b_kao","results/stage_2b_kao/tables/ensemble_amplification.csv","87078","75ADBFD3D61F1181E583279FE4D6A5D05756390D78B9287076CECDDBECFD8A7B"
"results/stage_2b_kao","results/stage_2b_kao/tables/ensemble_effort.csv","245","9B8246A9BD23AAB57E884E67AAB7219867F03DABC03733B1DADB63B9B9FF790A"
"results/stage_2b_kao","results/stage_2b_kao/tables/ensemble_errorTimecourse.csv","321729","E90A7E12C9BC290AA7093274F8E9BD38964B3A8C2D22B434B363AE0C94981A55"
"results/stage_2b_kao","results/stage_2b_kao/tables/ensemble_finiteTime.csv","2446","632E72E5B51F06DED55860CE7508DAED7F97DA7D6190EF0BC017AF0FC5CB0813"
"results/stage_2b_kao","results/stage_2b_kao/tables/ensemble_inputDimension.csv","281","18EAD5F813E975D671F0827A16F7CE3F3770ECABF53B5916CB562BF7924E3A96"
"results/stage_2b_kao","results/stage_2b_kao/tables/ensemble_inputTimecourse.csv","76037","F143FBF1E2B582584FA0C573CCC9ECE6F2474FFC618D79A26E710F4675B9DE39"
"results/stage_2b_kao","results/stage_2b_kao/tables/ensemble_local.csv","1083","10C973105AC5452178C81FDAA0B5343504B49DB3448B78B086779EF94BCB30D3"
"results/stage_2b_kao","results/stage_2b_kao/tables/ensemble_movement.csv","80906","C475FDF0A7C04A7926099C5466046EE54CA38B6DF85357A779C1E2CFECFEBABD"
"results/stage_2b_kao","results/stage_2b_kao/tables/ensemble_movement100vs200.csv","2035","7595499D9D5D9C17D6D9C2401F79E0B739423453B2E61B09FA0557808F89C4F9"
"results/stage_2b_kao","results/stage_2b_kao/tables/errorTimecourse.csv","4709057","C5DC700B18E31A74B66F742917B4294608A7A84B0F043DAD9633832067C56370"
"results/stage_2b_kao","results/stage_2b_kao/tables/finiteTime.csv","34667","E3D1FDC1EDC82372F91BFF89F3312166389D722522AEFEC3C152961DB57A3D30"
"results/stage_2b_kao","results/stage_2b_kao/tables/inputDimension.csv","440","776ED12F60B236BFCD5814565D48CF6F2DE06D7D853D15E6FB25D48BB0FA3B25"
"results/stage_2b_kao","results/stage_2b_kao/tables/inputTimecourse.csv","317886","27C0538F018200CC8654BC86DBAF27FFD5E656A9803353EA0F552AE82A0B5424"
"results/stage_2b_kao","results/stage_2b_kao/tables/local.csv","11836","BA283D020219C91FC9718F6B0B1CC07B5C13B4CF13CE541C6EB0C65DA4676F1B"
"results/stage_2b_kao","results/stage_2b_kao/tables/movement.csv","940061","875AC362E072E2B99F5EF856A1521D4A6C60188F500BF150CF193B7C8C740CFA"
"results/stage_2b_kao","results/stage_2b_kao/tables/networkManifest.csv","2284","B65A1829C886825C485225D81BCD00DE036FC152303BE199AB585AA0071BFECA"
"results/stage_2b_kao","results/stage_2b_kao/tables/prStatistics.csv","423","529456B394D4761669511F713DC0A45BB0C800421F523F5519A6013C845D09DF"
"results/stage_2b_kao","results/stage_2b_kao/tables/sourceAlignment.csv","2096","92094F0D55B4DB460F1F237BE04AAF84290FACAD7F1F78DF2EB630362AF4BED9"
"results/stage_2b_kao","results/stage_2b_kao/tables/sourceAlignmentNull.csv","2588030","0FCFA58C6A192A4C99E7B88FCD38C6E119D2F7F546BCA6D6EDDCB2C3FF8A459E"
"results/stage_2b_kao","results/stage_2b_kao/tables/targetValidation.csv","9212","6BA6D114720225E57E7F8C146100A6ABBD5769F629324BE261AA577CCB9B303C"
"results/stage_2b_kao","results/stage_2b_kao/tables/thresholds.csv","12859","9C2333C65100DC59D93032A0A4F1CA24B1C8F20BB1E6E52F2C90F38DAC382491"
"results/stage_2b_cerebellum","results/stage_2b_cerebellum/alignment_architecture_revision_manifest_sha256.csv","2094","ACA19E04F5475134BB6A6C32E2C6C00AD2114F2029C0EA660B0338A7921B06A2"
"results/stage_2b_cerebellum","results/stage_2b_cerebellum/architecture_inventory.csv","422","340C0062826075368204BD1753A4FCEC305F940EA0E0F5F45A58A23D9B89991B"
"results/stage_2b_cerebellum","results/stage_2b_cerebellum/architecture/stage2b_cerebellum_architecture.png","349157","26440C38D58B06D4301F79CEFBC239E7DB1084A88053194AC67865A96551D11F"
"results/stage_2b_cerebellum","results/stage_2b_cerebellum/architecture/stage2b_cerebellum_architecture.svg","363605","5350A8E6B70C691C5DB89838C241EE60E86CECEF34C55730964AA2588141962E"
"results/stage_2b_cerebellum","results/stage_2b_cerebellum/control_effort.csv","1473","51A944B0D63884206989F6A65721D1E6DBF24CD4AA225D079C6BC8DC3D5A767B"
"results/stage_2b_cerebellum","results/stage_2b_cerebellum/controller_derivation_summary.csv","343","62217B24847F767B1D96A2320A76AC28096C51F44DFB821CB0128B5A38DDDB2E"
"results/stage_2b_cerebellum","results/stage_2b_cerebellum/controller_validation.csv","361","F5887646185AA5919D2CD43B612C111C9FA0D1F9EC9682ED54204B504807C044"
"results/stage_2b_cerebellum","results/stage_2b_cerebellum/final_artifact_manifest_sha256.csv","3585","56457C3CF9EB5F838AA3D3766E30BD30F81DD6A59074B4808F0F8D2D2E2A7518"
"results/stage_2b_cerebellum","results/stage_2b_cerebellum/finite_time_q_gain.csv","4689","27B45E56F1FD0778AAE64E9010047C65849F85757E729F834103489030E90BB1"
"results/stage_2b_cerebellum","results/stage_2b_cerebellum/flow_field_q1_q2.csv","129635","C635CDD6FDE6F7561751AF97DDBE269E601889CA6E657D297FC852A107021737"
"results/stage_2b_cerebellum","results/stage_2b_cerebellum/kao_elsayed_alignment_audit.csv","2354","4F46603837FAEC0ADE545BE1E9810A83CDAA5E8091B6D4A42F3F0C9BFFC8F340"
"results/stage_2b_cerebellum","results/stage_2b_cerebellum/kao_elsayed_alignment_bootstrap_medians.csv","464064","2D82095BF72537127CC87F2346C6853D6BE783C6ADC3A6EA6769099C2A0B497F"
"results/stage_2b_cerebellum","results/stage_2b_cerebellum/kao_elsayed_alignment_null_10000.csv","2333378","599023B9D073FA3E90BC479B2FCC37E7F61EA032BA933A7B6B862C822AD2E73D"
"results/stage_2b_cerebellum","results/stage_2b_cerebellum/kao_elsayed_alignment_replication_summary.json","6398","CE9BCC9BFE10382F2A8F82D35985684C2977B107F762858BE5C299FDB3D9294B"
"results/stage_2b_cerebellum","results/stage_2b_cerebellum/kao_elsayed_alignment_replication.mat","515941","BFAA01A2AFB4EE8BC07C43452AFC8019729312CA02998CCECD020EEABA7F4FA3"
"results/stage_2b_cerebellum","results/stage_2b_cerebellum/kao_elsayed_alignment_spectra.csv","69113","1DD24C64F9AF4387C7E9EE01CB71E55E098784E030FC6A72079F82A2818C41E8"
"results/stage_2b_cerebellum","results/stage_2b_cerebellum/local_stability.csv","2739","8C1ACE4E3665CD141F144C912ABA3866865C7EBD58A0D873C73FE0A81EE92683"
"results/stage_2b_cerebellum","results/stage_2b_cerebellum/midpreparation_perturbation_recovery.csv","34891","23490360B906B0278E8F861B3D107DCA547729F8CBCB3BB0B7D16260FA9DFDE7"
"results/stage_2b_cerebellum","results/stage_2b_cerebellum/movement_amplification.csv","856","43EB4A25A1F3C6CF80CD9B7A9AF48C9749CCE5544CBB9BE9C03E74EA1BB61D4E"
"results/stage_2b_cerebellum","results/stage_2b_cerebellum/movement_metrics_by_preparation_duration.csv","15760","79F8ED5623311E6F7CB2AFAF5D6AA8DE159FEAF5A4ABBE0DF668FA6F773BFFA1"
"results/stage_2b_cerebellum","results/stage_2b_cerebellum/nonlinear_cloud_summary.csv","1760","8E9E5098A22D7CEF2149429C1CB9B0127127C519EE264902B7526270C57DFC6E"
"results/stage_2b_cerebellum","results/stage_2b_cerebellum/nonlinear_cloud_trials.csv","709498","D38BA7B38FF59A3B516422768FB3A3D5E37CB0486532C5A0085C82319D2FB79E"
"results/stage_2b_cerebellum","results/stage_2b_cerebellum/plot_inventory.csv","4022","E2FAC4985C8EA929B675FF4C1178300B3E6E264228F8FF1076193B42D26D1919"
"results/stage_2b_cerebellum","results/stage_2b_cerebellum/potency_band_recovery.csv","26164","AF5EA671F0439AA867EB6C3FAF7680676FBE9E7549313202A130A5CD0309EDFB"
"results/stage_2b_cerebellum","results/stage_2b_cerebellum/prep_move_alignment_null_10000.csv","3123564","3DB7F37849A717A6029DC670396332BAAFD23B364CAF915AE84204705186B497"
"results/stage_2b_cerebellum","results/stage_2b_cerebellum/prep_move_alignment.csv","1730","9FB389CF97B50E2B362574F9E5C400D2E73110EE22372AC30DFB47A74ECFAFA1"
"results/stage_2b_cerebellum","results/stage_2b_cerebellum/prep_move_rotation.csv","1255","1D943B2861FAFBB522433878537A879F404B66662581658F4D24F05760ABBFE1"
"results/stage_2b_cerebellum","results/stage_2b_cerebellum/revised_alignment_null_10000.csv","1133370","7136F957EB6C677DC35B89FA6630A50D0EB55F133A32F60302DBAE3797EC7F63"
"results/stage_2b_cerebellum","results/stage_2b_cerebellum/revised_controller_input_cumulative_variance.csv","104916","1607D32809D72F301BCC05B6A40758D7654602C00D2F0C8F350523AFDAB98DC4"
"results/stage_2b_cerebellum","results/stage_2b_cerebellum/revised_controller_input_dimensionality_summary.csv","748","6557DD5466C4F9E7249873833920F822EE127D65DC67826660776D5272A8591A"
"results/stage_2b_cerebellum","results/stage_2b_cerebellum/revised_controller_input_time_course.csv","6934","54AA580C185B3B878127B96D816B572FD500281D3D339CDEAFA693881E3B5AAB"
"results/stage_2b_cerebellum","results/stage_2b_cerebellum/revised_flow_field_diagnostic_summary.csv","437","43D425391AB2CAC047447F2CA618B039739F9D8D84C254D8E3D8F604CCFD21BB"
"results/stage_2b_cerebellum","results/stage_2b_cerebellum/revised_flow_field_nonlinear_and_linearized.csv","344770","FE9B755335859736EB6C56B793B3CABFB9D2883B10E8E408595632DEA9E90706"
"results/stage_2b_cerebellum","results/stage_2b_cerebellum/revised_flow_representative_target_selection.csv","211","08AC73580D7739941D041D37ABE6FD4F3D8B0FD1DF507A64287E341F619F8AF6"
"results/stage_2b_cerebellum","results/stage_2b_cerebellum/revised_prep_move_cumulative_variance.csv","79341","79F4591104FDDC9C366D02B1C2D97374D3370B72D59A9F8C9841B959B4A96759"
"results/stage_2b_cerebellum","results/stage_2b_cerebellum/revised_prep_move_rotation.csv","300","666FA225B59B86FADF89F652E7C62A4DA25442230D3D25F6D45553F56CAF646C"
"results/stage_2b_cerebellum","results/stage_2b_cerebellum/revised_preparatory_dimensionality_and_alignment.csv","1120","8A23D3A82161DDA7056FDF50E49C0B831EC08B188899A9BCE7111208C91C0A2D"
"results/stage_2b_cerebellum","results/stage_2b_cerebellum/stage_2b_cerebellum_artifact_manifest.csv","5791","7E2B03B16405467A8216027D844266B9BFD4C3FA0C3F447C88C3DA5F3E715165"
"results/stage_2b_cerebellum","results/stage_2b_cerebellum/stage2b_cerebellum_complete_results.mat","896932223","C8E755499B669A9DAAEF09F5F6477FE284FAF12A8DE68570947ABEF62C5D9547"
"results/stage_2b_cerebellum","results/stage_2b_cerebellum/stage2b_comparative_summary.json","3924","DA958826BD805FCBB232608B1322994ED8C573C76ED7DB91C6A29D6437FB0F4F"
"results/stage_2b_cerebellum","results/stage_2b_cerebellum/stage2b_presentation_revision_results.mat","727668","AB6C9C258533600D7077550A2F23004E600831DD35327A241BD22B6C914BEA7E"
"results/stage_2b_cerebellum","results/stage_2b_cerebellum/stage2b_presentation_revision_summary.json","6510","D6A12789E1EDB4111D999B14E435321EBE2D00A506EFB047780D0D58DE10796D"
"plots/stage_1","plots/stage_1/diagnostics/active_set_gate2/fig/stage1_representative_active_set_raster_and_rate_heatmap.fig","71245","32DEF06D98A2FCED588723703B6E0E2054EEF3BE754C34E6FFC520691B4DB76E"
"plots/stage_1","plots/stage_1/diagnostics/active_set_gate2/fig/stage1_switching_overlap_and_frozen_regime_test.fig","53552","4AA23273AEA3B5CC7F860986B5C22EB4A9A204D7063AFEE6AE2789854C7C66E8"
"plots/stage_1","plots/stage_1/diagnostics/active_set_gate2/png/stage1_representative_active_set_raster_and_rate_heatmap.png","227448","BFEE9D0C0030E423577250BCB400D26C52264F847FDC668693F0B2265C8AECE1"
"plots/stage_1","plots/stage_1/diagnostics/active_set_gate2/png/stage1_switching_overlap_and_frozen_regime_test.png","159673","3FEF4671F3B673400051C38B5585A88C766B2D0827F000390693852BA620AA94"
"plots/stage_1","plots/stage_1/fig/01_target_vs_generated_reaches.fig","161001","380D2B3B481D3502DA4B9F63258720A9418F4C76713D23A0F9F906B632080EF4"
"plots/stage_1","plots/stage_1/fig/02_motor_output_profiles.fig","280273","E9362995A460868D615884ECF5B7C5F9337ED1230211A590B3220797FFFDF437"
"plots/stage_1","plots/stage_1/fig/03_cortical_population_trajectories.fig","133858","34DFBBA2033D866BA2819D1F0A116EB89D361C1233493BB8593EA3E0888597CC"
"plots/stage_1","plots/stage_1/fig/04_optimal_initial_state_geometry.fig","26750","E6B5EF5D9E8D5C3F69DD246527FE2AE88CD4786C336B832845D0E417E049FED3"
"plots/stage_1","plots/stage_1/fig/05_initial_state_to_movement_mapping.fig","13352","F99EF1BED55080FF708F2F2D7A8E80C086DA53BE2F59906AFE54C55D78639404"
"plots/stage_1","plots/stage_1/fig/06_prospective_potency_spectrum.fig","16565","59152FAC4AC0D898AAAAEA44E0FCBECF95EB1289AF70F4ECF3633982598BC429"
"plots/stage_1","plots/stage_1/fig/07_potent_vs_null_perturbations.fig","45057","79A0AAAAEB6EFDE9D91104C9BE7C063359BA109E91595BB92A217E52388A8C99"
"plots/stage_1","plots/stage_1/fig/08_firing_and_stability.fig","31694","05B4488572B2959845FD341E278097A818B01788E16E119DDDEF07BEA1B0A892"
"plots/stage_1","plots/stage_1/png/01_target_vs_generated_reaches.png","108169","9C32B58D1D70A557293F363805822BDB6A8B3345CAD6E502EF98C96AFB611EE4"
"plots/stage_1","plots/stage_1/png/02_motor_output_profiles.png","242119","32B9E2B146E40625C9328C0F2A62565C0BAD4236AD2DFB3AC8988381910EA4DE"
"plots/stage_1","plots/stage_1/png/03_cortical_population_trajectories.png","146768","5B62BA3F3C62E1B401D68E31CEE2A3D00D160E885E8AB002A4B5AE812DFBC04D"
"plots/stage_1","plots/stage_1/png/04_optimal_initial_state_geometry.png","97382","4DEF1D7A359884BAEE88DA894C23C9A6E8A9D44AF90DD0340B906F09418BB937"
"plots/stage_1","plots/stage_1/png/05_initial_state_to_movement_mapping.png","129287","2AB9BE790BFE6B1FBC482B49BA1A0AABE58119DD64F95E87D843B04E756E038B"
"plots/stage_1","plots/stage_1/png/06_prospective_potency_spectrum.png","115320","CD8231D02CA6C2A5993EE4B706E90D9343446E2E58BCB42356B9B8112363128B"
"plots/stage_1","plots/stage_1/png/07_potent_vs_null_perturbations.png","149930","8901C4B5B4852B5F3743A864F16D6C4DF2A218144F69F7A1CF3F75A8E3747BC7"
"plots/stage_1","plots/stage_1/png/08_firing_and_stability.png","163957","95F8B3E3BB09CE8C048F122071B12ABDE5031D3C81A693A137FF3632354F9D97"
"plots/stage_2a","plots/stage_2a/fig/01_tonic_input_and_fixed_point.fig","14575","0F3532D8250FABFE4FA5D0EC65DB263574F6EAF6FF93C445EC3A23AFF8C0E8F8"
"plots/stage_2a","plots/stage_2a/fig/02_cortical_preparation_and_movement.fig","707102","BCE5893C45703F5C3CBFA16C9BF017ECD023FE5EAB4BDA35F2E6C238B35B2F38"
"plots/stage_2a","plots/stage_2a/fig/03_prospective_error_during_preparation.fig","1001138","8D5FEB8806F11B43E12D1608076FB5687E14C9262EF0CC9971371EE40BABE150"
"plots/stage_2a","plots/stage_2a/fig/04_reaches_vs_preparation_duration.fig","1118063","0128EDCB86323A3A480A05550ACF5D40811845769D0C5FB3D991CDFB7994183D"
"plots/stage_2a","plots/stage_2a/fig/05_movement_error_vs_preparation_duration.fig","53386","DD6EE7066CD230668A615456B760CB1C37EB8AD4FEF9A8BFEBC269E6242B0CEE"
"plots/stage_2a","plots/stage_2a/png/01_tonic_input_and_fixed_point.png","147746","F1469962253D5956D80D39AA73F3774FAD337C8B1517291DBE28F061AB4EB01D"
"plots/stage_2a","plots/stage_2a/png/02_cortical_preparation_and_movement.png","436776","7FC1391968AFE60B3A707695FB720EA08A8BC7FB962CAD60C7010B997B0D4588"
"plots/stage_2a","plots/stage_2a/png/03_prospective_error_during_preparation.png","413528","02B7F424B44198E3D129CF9B0F4749E2F483B2A928F59E2AE6C4D9A167540649"
"plots/stage_2a","plots/stage_2a/png/04_reaches_vs_preparation_duration.png","233544","01F82F60EBC644A070E66AD3CB67766FC621B68B332B9B2BD114F301E11D3B1A"
"plots/stage_2a","plots/stage_2a/png/05_movement_error_vs_preparation_duration.png","427067","9E68F7799DE608B6BCEEFB36C5565BAFE6B919630E76E0D0C92406BE52A09F89"
"plots/stage_2b_kao","plots/stage_2b_kao/diagnostics/active_set_gate2/fig/stage2a_vs_stage2b_kao_active_set_sufficiency.fig","68623","136BA784F05EEA4CD7CCFB111DF6CD9713F12CC56BC568626B9107B8B33B1ED5"
"plots/stage_2b_kao","plots/stage_2b_kao/diagnostics/active_set_gate2/png/stage2a_vs_stage2b_kao_active_set_sufficiency.png","456664","6017E391FBC80339463A4B6D61E6735636428B77F4F74961D507FDBC1B18578C"
"plots/stage_2b_kao","plots/stage_2b_kao/diagnostics/lambda_sensitivity/fig/stage2b_kao_lambda_sensitivity_gain_speed_effort.fig","46639","FC9A81B46F112289BB1591B3D021C9BEC20B55EF650FB6F5F7670B6D1C42BD5E"
"plots/stage_2b_kao","plots/stage_2b_kao/diagnostics/lambda_sensitivity/png/stage2b_kao_lambda_sensitivity_gain_speed_effort.png","402787","79F07125C59CC9BE6B3CF444EC1DE136284806DB4F2DAB3C7830D5383E9F3538"
"plots/stage_2b_kao","plots/stage_2b_kao/fig/01_stage2b_controller_derivation_and_fixed_points.fig","402215","BE31A7C941B1D01F747FDACF11422CAEE56770E8C1D63E715AC81940C0E882FC"
"plots/stage_2b_kao","plots/stage_2b_kao/fig/02_stage2b_cortical_preparation_go_movement_trajectories.fig","59360","171D75394F6F9703A8044C6A025F95FC1501FB58C5039D0328EBFB57E63FF50F"
"plots/stage_2b_kao","plots/stage_2b_kao/fig/03_stage2b_preparatory_error_dynamics.fig","86911","25EE83172D4FCD3E022E40C525DC1FEF644D8C345F8EF9262D2D5597F6A4EB7C"
"plots/stage_2b_kao","plots/stage_2b_kao/fig/04_stage2b_reaches_by_preparation_duration.fig","1958767","9DA8A4C4CA471B013FE6F43C3C87B0D0F39A0F6B77E301E1E5B39A1CCB4829C2"
"plots/stage_2b_kao","plots/stage_2b_kao/fig/05_stage2b_movement_error_by_preparation_duration.fig","65611","AE04B1146EB3BE5ED19AE00D248E3A0EFC9D59D33ECC5264FF05F06E27FA38CF"
"plots/stage_2b_kao","plots/stage_2b_kao/fig/06_stage2b_cortical_and_controller_dimensionality.fig","54764","1FF642DE4BFC5B11DA14EC9E895FB51637B86D3D99FE92DACF528C054369F66E"
"plots/stage_2b_kao","plots/stage_2b_kao/fig/07_stage2b_local_stability_and_finite_time_control.fig","44576","80AA166AE31425BC6DB7CCF45B3AABD1B3AB0ED88006F7EA601886F3F8AA3102"
"plots/stage_2b_kao","plots/stage_2b_kao/fig/08_stage2b_prospective_potency_geometry.fig","268411","FD385DF3EDF6E5269EF2890B5B226AB05720589DF891B9AC409ECEC5E0CBDAE6"
"plots/stage_2b_kao","plots/stage_2b_kao/fig/09_stage2b_prep_move_alignment_and_amplification.fig","54843","B6DCCD418FFC2DE36BF16CBA148F135CFF8E8BBF9A81F4BB52FAB450E9A2735C"
"plots/stage_2b_kao","plots/stage_2b_kao/png/01_stage2b_controller_derivation_and_fixed_points.png","463476","1DF5E7B23BD58FCA069D71D48C10C9AAA97912ADDA9EF5CB4988487449CA7660"
"plots/stage_2b_kao","plots/stage_2b_kao/png/02_stage2b_cortical_preparation_go_movement_trajectories.png","327488","976FAB4D4C6985963A59F5074133277A3B81E0F8BFF06BDE69613F8576B90CE5"
"plots/stage_2b_kao","plots/stage_2b_kao/png/03_stage2b_preparatory_error_dynamics.png","258712","2557BD09D097AA2927A55C6799B83C75DC619BBDC932A70A35CB549873D0A228"
"plots/stage_2b_kao","plots/stage_2b_kao/png/04_stage2b_reaches_by_preparation_duration.png","231624","0C6505798A7ABD293B67681AA98968DFFC8D7DA6EFFB6ED78F2FB21E0BB5DD80"
"plots/stage_2b_kao","plots/stage_2b_kao/png/05_stage2b_movement_error_by_preparation_duration.png","423880","5D7884F39FC36A2BDD71D47F798E0763C34CF0D69EA72098FDAE3A5251B9541C"
"plots/stage_2b_kao","plots/stage_2b_kao/png/06_stage2b_cortical_and_controller_dimensionality.png","263535","870F17EDF7FAA654AB99ABDFA18B9F3CFE08BFD61A241A89BAFFBCF3049F92A2"
"plots/stage_2b_kao","plots/stage_2b_kao/png/07_stage2b_local_stability_and_finite_time_control.png","333706","5815BFD243A36245BCA62DC46F5D070A5BB682AC4F0728C5BFBC10C4F49F7672"
"plots/stage_2b_kao","plots/stage_2b_kao/png/08_stage2b_prospective_potency_geometry.png","607055","08C6462ECA37BDE7941C9A8546555445A66DD69E01135B6C0FEFC69DCDD2CA32"
"plots/stage_2b_kao","plots/stage_2b_kao/png/09_stage2b_prep_move_alignment_and_amplification.png","358196","5E16A6A430D6825767DE1F6866B1E1C8E3DFAD54AB5F4BD34013ED7E7DF21E7A"
"plots/stage_2b_cerebellum","plots/stage_2b_cerebellum/fig/01_stage2b_controller_derivation_and_fixed_points.fig","69957","7570C4CDEAEFFB5E6E546444E08F8C24953866622D0FF7990A1E17E4A80669D0"
"plots/stage_2b_cerebellum","plots/stage_2b_cerebellum/fig/02_stage2b_cortical_preparation_go_movement_trajectories.fig","263237","5682C565ECF5D65624AA8CE88C0031F50303711A88C4C0883B9768DC2F2E154D"
"plots/stage_2b_cerebellum","plots/stage_2b_cerebellum/fig/03_stage2b_preparatory_error_dynamics.fig","256368","EBCB4EDC4617217F77AD5768CA7FF84824D6FBAD3FF15B1BEA9237D53EFEA575"
"plots/stage_2b_cerebellum","plots/stage_2b_cerebellum/fig/04_stage2b_reaches_by_preparation_duration.fig","1347695","9A455CDBFA6180A10B61DB07E1DB207158B17B8D9DF7B75A0E2279E6EAFE3D61"
"plots/stage_2b_cerebellum","plots/stage_2b_cerebellum/fig/05_stage2b_movement_error_by_preparation_duration.fig","19167","7F9F54090E87A92DB24DFE5F702D330D1892895EFD2918E95DF8DCFEC554B5C2"
"plots/stage_2b_cerebellum","plots/stage_2b_cerebellum/fig/06_stage2b_control_input_dynamics_and_effort.fig","41437","F1E5D8188D7038DC4C61115651B2C620944830D429E8927CA24637D628244C6F"
"plots/stage_2b_cerebellum","plots/stage_2b_cerebellum/fig/07_stage2b_local_stability_and_finite_time_control.fig","19935","031AA2EBE58C4C747004EC79927DC77E2A58D273FA4B9F3AF4F96AB7E8F0BBA0"
"plots/stage_2b_cerebellum","plots/stage_2b_cerebellum/fig/08_stage2b_nonlinear_perturbation_recovery_and_flow.fig","354561","F47E69CBC5157896CDA65B8250D33437BEB4A812ED14792F9AD239415C0D73A1"
"plots/stage_2b_cerebellum","plots/stage_2b_cerebellum/fig/09_stage2b_prep_move_alignment_and_null_distribution.fig","107038","663F5DC4A2C3E3A87990D40636CD006FA6133E11E977ECB76A3D85ED2B5CB418"
"plots/stage_2b_cerebellum","plots/stage_2b_cerebellum/fig/10_stage2b_movement_amplification_and_prep_move_rotation.fig","19279","FDF4B2C3DD5CCA8BA6E54E442352996AAAF55820292E44BAC1B3C6B514220474"
"plots/stage_2b_cerebellum","plots/stage_2b_cerebellum/png/01_stage2b_controller_derivation_and_fixed_points.png","290215","D9765C798397006B6E4D9C7DFBDEF9574C2B097018544909B7492A96AACF36D5"
"plots/stage_2b_cerebellum","plots/stage_2b_cerebellum/png/02_stage2b_cortical_preparation_go_movement_trajectories.png","329311","8D4D534C5A2F86FF0655678E7D99E4EAB269F1FA9E618801E6427107C6353B7F"
"plots/stage_2b_cerebellum","plots/stage_2b_cerebellum/png/03_stage2b_preparatory_error_dynamics.png","161771","E56BCDDEF792C37D0889E65C98CBAFAADE0769388C31503969945C60B0B0386A"
"plots/stage_2b_cerebellum","plots/stage_2b_cerebellum/png/04_stage2b_reaches_by_preparation_duration.png","349597","F078B373D57E883CC94D194B4FF9191969CB470DDFCF0E18A5DE5A101C07EA7D"
"plots/stage_2b_cerebellum","plots/stage_2b_cerebellum/png/05_stage2b_movement_error_by_preparation_duration.png","180802","D611C9B409919DD16A8AA584735BEA85D773129C79B33EAA3FD062F353B8B0DE"
"plots/stage_2b_cerebellum","plots/stage_2b_cerebellum/png/06_stage2b_control_input_dynamics_and_effort.png","265619","967B4C4DFF75A432B450DA9663707F91D0BE2916CC6BC55C21BC1D12A58F9244"
"plots/stage_2b_cerebellum","plots/stage_2b_cerebellum/png/07_stage2b_local_stability_and_finite_time_control.png","138894","1D27A339967F6B770596D3C128E8C245BB35CE6C63EF1193D15E4C6D54BEB5D7"
"plots/stage_2b_cerebellum","plots/stage_2b_cerebellum/png/08_stage2b_nonlinear_perturbation_recovery_and_flow.png","480923","67E2AFC43834DB548301CF95480978CEDA154B236A84F4010E4479FA325C0D6B"
"plots/stage_2b_cerebellum","plots/stage_2b_cerebellum/png/09_stage2b_prep_move_alignment_and_null_distribution.png","369560","59E8FFC50941E27BEF271195DCB919D1910080B49BF7F0E0FF2F0843BB137A73"
"plots/stage_2b_cerebellum","plots/stage_2b_cerebellum/png/10_stage2b_movement_amplification_and_prep_move_rotation.png","183645","3A958399CC881828370876A2794E9E1A3A57B1BBED4A38E2A3277A77C892BFD6"
