Network,Lambda,PrepPR,MovePR,PrepCaptured15,MoveCaptured15,ObservedAlignment,ExpectedAlignment,AlignmentDeficit,MotorError200Percent,FeedbackEffort,GainFrobeniusNorm
1,0.1,3.10766292380113,3.37192077593986,0.999906599598411,0.998235536779927,1,0.825998660371111,-0.174001339628889,0.0223175548511694,28.884359515888,44.2735149742823
1,0.2,3.1250682364474,3.38513196813374,0.999888805688587,0.998242182552111,0.997783931834598,0.825998660371111,-0.171785271463487,0.0313745811040272,20.5248024191318,31.2061587170153
1,0.5,3.12893271098093,3.39016194417736,0.999869259183849,0.998260923183588,0.98491470189561,0.825998660371111,-0.1589160415245,0.0582827973335396,12.8135995159976,19.6130084439756
1,1,3.1115807093044,3.37977070566035,0.999853244137221,0.998293200041386,0.964869391965584,0.825998660371111,-0.138870731594474,0.108349827167713,8.67642349144669,13.7654702271758
1,2,3.07518361755649,3.3560433775612,0.999832543037237,0.998349712146008,0.935948077971721,0.825998660371111,-0.109949417600611,0.226340933839087,5.62002425145339,9.62206483790355
1,5,3.00513530460677,3.30875721770387,0.999802588849313,0.998450771342431,0.888316153534192,0.825998660371111,-0.0623174931630811,0.627196295298574,2.9208444860396,5.92901394929095
1,10,2.95622366627516,3.27213677195069,0.999774553789689,0.998523361647982,0.851750336939196,0.825998660371111,-0.0257516765680856,1.39715342485405,1.67977775515272,4.05609446337264
1,100,2.93327425457174,3.17878374673855,0.999647210892176,0.998594573667289,0.770793710543071,0.825998660371111,0.0552049498280394,13.8259839635208,0.169483309379988,0.975163122388558
2,0.1,3.24357477306895,3.496074031706,0.999931421246126,0.998549654098096,1,0.852625073234613,-0.147374926765387,0.0048801548709173,28.7853396597427,44.2160501817194
2,0.2,3.24727757147777,3.50939554383182,0.999926288910304,0.998560296549906,0.999033582188747,0.852625073234613,-0.146408508954134,0.00976698186895855,20.475412186325,31.1538156401274
2,0.5,3.25486770090291,3.52327106321683,0.999917863890527,0.998564837472026,0.99418911678622,0.852625073234613,-0.141564043551607,0.0273131260558491,12.8962413139054,19.5659734906526
2,1,3.25889612857719,3.53091544057455,0.999907867761128,0.998565829843342,0.986029030063998,0.852625073234613,-0.133403956829385,0.0637077768248732,8.87497784312962,13.7199555518647
2,2,3.25550567477437,3.53403304576389,0.999891656152572,0.998570951298171,0.971946046273155,0.852625073234613,-0.119320973038542,0.145185253632363,5.90319406143073,9.57557645106825
2,5,3.22870580853883,3.52497533619019,0.99985734160652,0.998591897576745,0.943688576576361,0.852625073234613,-0.0910635033417483,0.430963024909629,3.22038526007018,5.87971315424981
2,10,3.18921944914521,3.50419231749175,0.999828508135501,0.998617402021809,0.917258459923816,0.852625073234613,-0.0646333866892028,1.05844377118078,1.92425402651735,4.0065587585028
2,100,3.06417830769448,3.37072430279338,0.999747687357626,0.998595465709839,0.827596678627873,0.852625073234613,0.02502839460674,13.1633657661862,0.201924343653346,0.944964128809773
3,0.1,3.19855657786631,3.24993980479578,0.999932221928694,0.998509253806909,1,0.84069926861312,-0.15930073138688,0.0102996877329387,31.3510182605519,44.2901442413267
3,0.2,3.22556250286757,3.27614693896719,0.999919361241001,0.998506873371805,0.997967191304103,0.84069926861312,-0.157267922690983,0.0143905239494477,22.3146541328463,31.2235658661194
3,0.5,3.25502731989606,3.31756371427018,0.999895563731952,0.998510433881188,0.988841695470404,0.84069926861312,-0.148142426857284,0.0266693906485169,14.0346947901502,19.6304869333156
3,1,3.27129998683641,3.34848763444453,0.999870683212001,0.998517110355904,0.9766197309916,0.84069926861312,-0.13592046237848,0.0549860611783498,9.63569209385193,13.7818062362857
3,2,3.28295401325956,3.37433195206137,0.999840611760133,0.998526340810983,0.959053259057511,0.84069926861312,-0.118353990444391,0.135904523760845,6.39330312848872,9.63593709746835
3,5,3.29110223036547,3.3968962524845,0.99980672182564,0.998558863190076,0.928958036276676,0.84069926861312,-0.0882587676635558,0.472331981806791,3.47955578799217,5.93698668380083
3,10,3.29771698809374,3.40773874993661,0.999797193226104,0.998600126378114,0.903581311414784,0.84069926861312,-0.0628820428016641,1.16936027328366,2.07711396833043,4.05716605952811
3,100,3.39091544887626,3.47322792583783,0.999786625222014,0.998643235039403,0.821229373530567,0.84069926861312,0.019469895082553,13.3899678328705,0.225884854030094,0.949663672413151
4,0.1,2.7549970199867,3.30602277626651,0.999932934987723,0.998629455667555,1,0.866707192959725,-0.133292807040275,0.00741468604928436,23.5875942359489,44.2668782594461
4,0.2,2.72501208793195,3.28363669347111,0.999922221173042,0.998653736458678,0.997283921222118,0.866707192959725,-0.130576728262392,0.0173068462817822,16.6977218420826,31.1991514158376
4,0.5,2.66954551306117,3.24288616776657,0.999901565598642,0.998702650734017,0.981777063166751,0.866707192959725,-0.115069870207026,0.050683668660717,10.3823466883624,19.6067121067582
4,1,2.61168917695475,3.19981320209638,0.999879895372052,0.998746661447004,0.959222247320519,0.866707192959725,-0.0925150543607938,0.107723959518182,7.03773991812831,13.7606242265949
4,2,2.55484607619171,3.15411035580396,0.999855068636638,0.998801170739967,0.930365100699128,0.866707192959725,-0.0636579077394022,0.232454353024945,4.59398388429931,9.61918417401828
4,5,2.50992015403796,3.11205442015267,0.999831331371451,0.998861130549482,0.894085341033011,0.866707192959725,-0.027378148073286,0.646198600867318,2.43046300070508,5.92956559303681
4,10,2.50841393220695,3.10399136837939,0.999813072419724,0.998895553313124,0.869242315718199,0.866707192959725,-0.00253512275847334,1.33937500380261,1.41334834264274,4.06026639693117
4,100,2.62068914078167,3.16095454052005,0.999704159304937,0.998947548242288,0.802135777257975,0.866707192959725,0.0645714157017504,11.5574075594101,0.156154137397538,0.992836295214064
5,0.1,3.38194728916642,3.34624863377946,0.999918122987951,0.99832461479976,1,0.845906380440937,-0.154093619559063,0.00414703546218085,27.3364320010854,44.2817335322715
5,0.2,3.38102136599454,3.34735798610227,0.99990764517947,0.998326712690917,0.998644294303477,0.845906380440937,-0.15273791386254,0.00886600460606853,19.4059660353028,31.2152749159172
5,0.5,3.38204541222258,3.36062590176427,0.999883489776401,0.998318029000784,0.992267569836973,0.845906380440937,-0.146361189396036,0.0263705780315553,12.1023232133422,19.6195218989017
5,1,3.38770311344613,3.38744677143418,0.999854579055772,0.998305020257395,0.983589914264937,0.845906380440937,-0.137683533824,0.0639941481796058,8.2034707552071,13.7650951626336
5,2,3.39760394907439,3.42841040390594,0.99982421852074,0.998294506882316,0.97227772603404,0.845906380440937,-0.126371345593102,0.152605627410962,5.33350422349488,9.61067310013185
5,5,3.407733764691,3.4865237223402,0.99978191772659,0.998307827514886,0.951309721674657,0.845906380440937,-0.105403341233719,0.442135830339577,2.7910260343813,5.9015626589598
5,10,3.41011195943822,3.51891399156259,0.999752938444495,0.998343672746424,0.932064263575768,0.845906380440937,-0.0861578831348305,0.996672977779871,1.61148824371187,4.02085564072158
5,100,3.53180804228385,3.55199814676133,0.999637343775875,0.998426200050659,0.865681876698242,0.845906380440937,-0.0197754962573049,12.0765813908895,0.173856592333497,0.951042313721548
6,0.1,3.19306440734055,3.40025696625296,0.999931580691285,0.99827858737711,1,0.855798158760063,-0.144201841239937,0.0181200871143793,32.8139723989887,44.1823103459215
6,0.2,3.20468820592861,3.40408651882164,0.999921644146196,0.998284936527087,0.999115312177792,0.855798158760063,-0.143317153417729,0.0209144018728612,23.3241143246178,31.1193220235329
6,0.5,3.2316059603428,3.42269625760617,0.999906931955335,0.998287894587755,0.99515081744051,0.855798158760063,-0.139352658680447,0.0293587393401891,14.6981619822532,19.5321020591322
6,1,3.25621795324755,3.44656880194861,0.999891814399888,0.998285780714509,0.989565592152605,0.855798158760063,-0.133767433392542,0.0478575951523687,10.111823913305,13.687801494915
6,2,3.27665673323759,3.47322930208747,0.999872634280152,0.998284203274643,0.980792190503665,0.855798158760063,-0.124994031743602,0.101831830843159,6.70061504453979,9.54611637082754
6,5,3.28089855297949,3.49376624793206,0.999844858436457,0.998291087010683,0.961575817966646,0.855798158760063,-0.105777659206583,0.34363606875331,3.60849425999148,5.85448306795997
6,10,3.25932957987092,3.48491037093656,0.999818634550472,0.99831152929522,0.940089643573834,0.855798158760063,-0.0842914848137705,0.913203801416025,2.13079846397157,3.98421820896804
6,100,3.08648635417593,3.35264207197781,0.999723383073869,0.998393205949691,0.852761168353832,0.855798158760063,0.00303699040623107,12.8155094930141,0.232318226342376,0.929840937774998
7,0.1,3.19346402461397,3.4496819070916,0.999918766200573,0.99810917909407,1,0.843600752537567,-0.156399247462433,0.00314644082420914,31.6970209883449,44.236071004467
7,0.2,3.20177937796298,3.45323362205783,0.999903879667934,0.998110633072324,0.998592487841817,0.843600752537567,-0.15499173530425,0.00748964444974418,22.5544503360359,31.1741045249123
7,0.5,3.20889085292426,3.45545150974699,0.999881720648216,0.998119229362581,0.991697472026499,0.843600752537567,-0.148096719488932,0.0231126610571689,14.1954502035597,19.5864210537172
7,1,3.20639060765358,3.45219071827546,0.999861103268632,0.99814065726588,0.981348274819412,0.843600752537567,-0.137747522281845,0.0538355580004119,9.73967929999235,13.7397216135194
7,2,3.18932220882245,3.43929490367233,0.999838810360776,0.998184140277607,0.965818485891018,0.843600752537567,-0.122217733353451,0.125529771573938,6.43251769176224,9.59371634235974
7,5,3.13669092853405,3.39940997018635,0.999814536453447,0.998289645981537,0.937466797776751,0.843600752537567,-0.0938660452391841,0.391341963172145,3.4382290886452,5.89442919271591
7,10,3.09639832121562,3.35886543298198,0.9997949847785,0.998385137526425,0.911721353760881,0.843600752537567,-0.0681206012233135,1.013977018221,2.00620099892072,4.01778995781477
7,100,3.18412650786598,3.27019263188719,0.999734173820831,0.998575881065616,0.841546648295204,0.843600752537567,0.00205410424236341,12.982111623732,0.202456536699534,0.943320450535989
8,0.1,3.18758142535544,3.44410612625744,0.999944444851115,0.998200861297277,1,0.848458980592956,-0.151541019407044,0.00367374279359247,29.3688712392171,44.3004555362111
8,0.2,3.18853330061007,3.45942881214093,0.999932541182359,0.998219589673702,0.998581770369428,0.848458980592956,-0.150122789776472,0.00825361004020996,20.9228899148008,31.2311303559442
8,0.5,3.19119520214572,3.47874239981491,0.99990891208568,0.998248523160569,0.991272478236524,0.848458980592956,-0.142813497643568,0.0256631313930785,13.1230566200069,19.6344219911666
8,1,3.18921193191161,3.49094717541283,0.999882120196969,0.998281627068635,0.980143923592316,0.848458980592956,-0.13168494299936,0.0689512661459272,8.92684190476854,13.7831145372454
8,2,3.179442837226,3.49652579602879,0.999845877948193,0.998320437976434,0.96413118405223,0.848458980592956,-0.115672203459274,0.189315482838633,5.8191447765241,9.63503339222697
8,5,3.16185028388146,3.48898645795428,0.999797584563619,0.998367950249131,0.940331575993205,0.848458980592956,-0.0918725954002493,0.632637729608694,3.05884639820488,5.93558935381657
8,10,3.15578373747479,3.46783464615162,0.999776813891725,0.99840148818507,0.921367482993919,0.848458980592956,-0.0729085024009627,1.40709458451637,1.77384968974263,4.05901179417467
8,100,3.19444961702135,3.41072570843548,0.999710632165874,0.998513365270313,0.843851066231435,0.848458980592956,0.00460791436152075,13.2050599951792,0.188135030190128,0.97474447547255
9,0.1,2.8804285784017,3.16973106636108,0.999932744639685,0.998168748192267,1,0.845363436094976,-0.154636563905024,0.00240031252153334,31.635183758432,44.2537924923736
9,0.2,2.87711716801354,3.18529420952769,0.99991677772538,0.99819032832052,0.998743011029628,0.845363436094976,-0.153379574934652,0.00513117133619681,22.4970610952222,31.188236630965
9,0.5,2.87382656131855,3.21034953312176,0.999887289731426,0.998218740841625,0.992033913731513,0.845363436094976,-0.146670477636538,0.0175099283809931,14.0990500458614,19.5982706359117
9,1,2.87151631037843,3.23548677103438,0.999854993677275,0.998241573435923,0.980967451593381,0.845363436094976,-0.135604015498406,0.0485476994147265,9.59553910634436,13.7529748576674
9,2,2.86479455424886,3.26494226412147,0.999813337975443,0.998274876058906,0.962747294348569,0.845363436094976,-0.117383858253593,0.127376086896445,6.2532610043764,9.61152471987228
9,5,2.83978811444622,3.29967680393697,0.999753213095494,0.998340872313045,0.926830467606598,0.845363436094976,-0.0814670315116228,0.439653910277359,3.26956062468361,5.92167869530892
9,10,2.81450796779478,3.3145462556536,0.999726612220242,0.99839975745386,0.895685654661297,0.845363436094976,-0.0503222185663212,1.04802650212552,1.88367847533548,4.05254202186634
9,100,2.90804236285466,3.34784658829007,0.999648424402403,0.9984252329339,0.805854882753628,0.845363436094976,0.0395085533413475,11.7965621782914,0.212020435236285,0.984259999459694
10,0.1,3.15278237531029,3.69182123669225,0.999938731175087,0.998425032316062,1,0.865364273960937,-0.134635726039063,0.00466373934550295,26.9242241884818,44.1942694449569
10,0.2,3.15490326209304,3.7121958351693,0.999927972515333,0.998430010941408,0.998984607956328,0.865364273960937,-0.133620333995392,0.00964192760681614,19.1294659459496,31.1341439852616
10,0.5,3.15406599315818,3.73986340380698,0.999908326639265,0.998417679009503,0.994300892718096,0.865364273960937,-0.128936618757159,0.0250704880819336,12.0070294675387,19.5507614691288
10,1,3.15003538484909,3.75653889444211,0.999886655187063,0.998402169906993,0.987056127852702,0.865364273960937,-0.121691853891766,0.0547032446424127,8.20227648583499,13.7086900165768
10,2,3.14560773972835,3.76517492817309,0.999860662528552,0.998397560106918,0.975165781020084,0.865364273960937,-0.109801507059148,0.130336762671767,5.38004506307778,9.56801690411712
10,5,3.14043371665078,3.76317211675612,0.999847025366678,0.998382352121215,0.950387352972837,0.865364273960937,-0.085023079011901,0.415580613612044,2.85280488683152,5.87554871965674
10,10,3.13502018541072,3.75243293496372,0.999828338449714,0.998370566472153,0.92487752066111,0.865364273960937,-0.0595132467001735,0.990528933663582,1.66693393911684,4.00254165478212
10,100,3.12618855201217,3.66619633056427,0.999695094294008,0.99830597789875,0.844381634526671,0.865364273960937,0.0209826394342659,12.0483142109067,0.183423347016327,0.92704454732485
