"path","bytes","sha256"
".gitignore","1204","81AB273C25507EA21BDA941A19C6785A9F830C14E0EC105CC62372BBB50530C3"
"AGENTS.md","6887","B4089C8EF87503A28A18E4DFFF34C28338BFD9D20B55941DF1AFF37DD5A55D77"
"MODEL_SPEC.md","12147","57B58BFEC8FBE70E606E4A0315F055AF86432E3C740E637C840CB0CE6A58BB9E"
"README.md","10596","E9317924C7A426A0307F1F8FB7A099BCB1EA7B523D0209AD1581E8E9CD653741"
"run_all.m","879","F3F1F36F4AAE19E9572CEBA34B803FE59B44429A26D9A5B4F13BD6091A60C6EC"
"run_stage_1.m","412","49ECD0ACB33E9D2097774855B7078794F62BC413DAA5FA6D6B8A4D1FA4115A41"
"run_stage_2_kao_validation.m","2505","F13FE7C66879EB49DB0B7C3F82CA387F9E7350DCF8B0DC0136548C9D01A35483"
"run_stage_2.m","1036","3A97171BB92DEC05223FDACFE6D38517458510FB884CB17FEBCB1D6B85DAEB39"
"run_stage_3_finalize.m","2357","20B0D759C530957FA2ECE4FF2B54839441AFB95A154E2595685E5F2551AEC39A"
"run_stage_3_recovery.m","813","72CAC274028FEC98EE0712D3FE7C93D04859E67004FC91A847ABDE389274700A"
"run_stage_3.m","945","A844B6C28349D5F3EDED991018BF51246D9457CF5727BCDDF24684573FDA8E75"
"stage3_code_preflight.log","0","E3B0C44298FC1C149AFBF4C8996FB92427AE41E4649B934CA495991B7852B855"
"stage3_derivation_preflight.log","1393","F298A207E93E583E81D6C018C3DBCF7E05468C1488849F7C4A335BA6279C24EB"
"stage3_diagnostic2_headroom_review.log","0","E3B0C44298FC1C149AFBF4C8996FB92427AE41E4649B934CA495991B7852B855"
"stage3_evidence_recovery.log","1819","0871D33310EB0315484C835FE20B340059C058788564A74F76029282C5E1B05C"
"stage3_final_validation.log","491","62368C9561387CEF10024FA05EEF89A7E71F46172B58D99D0BD6099E6891A069"
"stage3_finalization_code_mask_fixed.log","0","E3B0C44298FC1C149AFBF4C8996FB92427AE41E4649B934CA495991B7852B855"
"stage3_finalization_code_mask_test.log","634","3B031732BB58802C8C079A8B2CE91852777704642D7F37606F29715E0F49C445"
"stage3_finalize_evidence.log","3450","35FAC70BFB068A5B13441C409EEFC88BE7F55A9AB715129529DB954CA7AE3808"
"stage3_independent_recovery_audit.log","506","77590A3A6E0F6B8917FA34E763D6B87FA1C7A4AD5BD5387FF167D611B483D9A8"
"stage3_output_code_review.log","505","ECFD3EA319C432F952BB7A61B597617140083665A4D0A415679103218B31098D"
"stage3_recovery_audit_code_fixed.log","0","E3B0C44298FC1C149AFBF4C8996FB92427AE41E4649B934CA495991B7852B855"
"stage3_recovery_audit_code.log","1085","A95B23357BDEE5AAE179342340C9AE03ADCD1AC17D2FA920E5F5EACD1F1AD2B3"
"stage3_recovery_figures_exports_fixed.log","8015","BE19635E9FC2A9602AE625B3162CDC1526386225B377DF1C3DA80175F8844738"
"stage3_recovery_figures_exports.log","896","0A98D709B4090D8B599F22A6C0BC4EB5BCFECCD81A0C7C8B988215ADB8B8D3F9"
"stage3_recovery_final_validation.log","1041","F3B9845C144BF574D9C11808A92CB91DA5F81DE5E8E2ED3729714E19F0BFC529"
"stage3_recovery_inventory.log","5267","CFBF59BF1B954E1BD4B528B0797A0CCC418F4656F1336132916BF3F18E0D271B"
"stage3_recovery_preflight.log","520","FD23BCD6C1FB11BD1964B0E93AA90D5D374221CEA112E946BF17C6EBEAA87211"
"stage3_reference.log","2272","851562362BA671FAF1985D8FAFEA3785EA61E74082E66E0EA3D2638ED5E7F059"
"stage3_sweep.log","1842","D8D11CC30F3F70071539E778964E0F3E74429F17074735CD1C391E21BD2392EA"
"THIRD_PARTY_PROVENANCE.md","2754","8C8FDEC9A95CE0586163244FA4328003A743856ECC00A06B071A5F8B8D6BA7DC"
"analysis\published_generator\analyze_published_generator.m","13189","F3550EA52EFD16D409226D14A7D34E918B3AFA898EEEB6C832F4083762603E17"
"analysis\published_generator\analyze_stage1_active_set_diagnostics.m","13658","EDF59C577D0FCA036462BC08E464E224536A3FA60807A0AA38596ED266602C35"
"analysis\published_generator\bootstrap_network_median.m","1070","402EF145A7D36C291C2D53452820FA85921F1ABA686C0C6B9FE1390C7082BD70"
"analysis\published_generator\compare_native_matlab.m","1927","DD9848EB0F2A730086C8CB3F4B3901BF63C79E2E57205E27BFD96784E59FA2D8"
"analysis\published_generator\evaluate_stage1_gate1_candidate.m","6124","7CE99878C761FF2E893966C7FE3155D5E1F1CB0013B71FAB98D5540329BD8952"
"analysis\published_generator\hash_tree.m","1061","8C5C4BF0060DEE2B1A8FEE7D1005AA754DDF02018CF262E39946AC77CAEFBBD1"
"analysis\published_generator\revalidate_stage1_accepted_ensemble.m","8313","1ED1CDEE60D5869AC022E3EF1E5C2F6FCBB14046BF9343F4D4505E7381627D19"
"analysis\published_generator\run_stage1_smoke_tests.m","1513","49B9A32829E8460C8F7D903CE19312960EA9E298C9AEE9059632BDD34EAD0E46"
"analysis\published_generator\sha256_file.m","393","7098A1265DF82D07F14A6EADC873846F0198DDD94AA117D18CC747F1B43792F6"
"analysis\published_generator\summarize_saved_potency_trials.m","1832","26D16049E984CE850CFD1DD3DB5AA5BB070F086D94C3F7E0465183309EE0844A"
"analysis\published_generator\summarize_target_torque_benchmark.m","4488","D8C46AA787A7FE4EDE0024F1D93BCBF0A4CABB6122B21037C6859D7E3D13C321"
"analysis\published_generator\verify_pinned_reference.m","1486","59AA2C0C7556EAAE88758B42149C759E1844A4C2B10F06DA8F0EB6127B1A7F2D"
"analysis\stage_2\analyze_stage2_geometry.m","7178","9AB7EDE147C0AD1873008625CAE6E12751E950636824456C8CFFCB550A033E25"
"analysis\stage_2\analyze_stage2_kao_validation.m","7371","F425123304FC8809E7A1CB7A8EFF9D0A6B017F5AC13FC4BEAA2BF608BB0892CD"
"analysis\stage_2\analyze_stage2.m","8686","A1B627EBCF7499630DFA950820A75912959717768D0B08E74CB0C060C5C0D84E"
"analysis\stage_2\preflight_stage2_geometry.m","3824","BF785DE4877D079CABF01199377FA76454DD284F2ABA059E78BB3CD6E7031A6C"
"analysis\stage_2\run_stage2_sweep.m","4819","07FDBFB323DF1F531D780A514B2AAB2DD9F7A51E6EB1B551A0807D03BCB11EC9"
"analysis\stage_2\stage2_bh.m","216","D631F1D3C80453250D9A8716DEBB0AAE043452831097B7E9B06418DCF9E2B9DC"
"analysis\stage_2\stage2_bootstrap.m","509","3FBA0B8C4B300B91D85C6B1E8BECEE680522431BBBADD74133744BA2014037FA"
"analysis\stage_2\stage2_geometry_population.m","5374","CA44A2F0AE84B26E15FCC161F0A7B4B2469A0BA950BB7FE31DB57069BC176CE4"
"analysis\stage_2\stage2_matrix.m","166","AC3EC853949D370B8C993E31CA4E2694A0826964393D9453652BCC48C15344BC"
"analysis\stage_2\stage2_null.m","655","2956093CCC3BA4C77C485FDF9BBD17ED929214A92737E8A80D7DB170C0F56675"
"analysis\stage_2\stage2_population.m","2534","B2F2FBD6896D763B64D7ACD4A80EED4983EE310842DDB40CA041D27423978171"
"analysis\stage_2\stage2_signflip.m","601","8CBB80A9391B9B0BE36AD035CB1B6570F594A38F83D07EA3281A8F5A345B7999"
"analysis\stage_2\test_stage2.m","1450","589D1B20400795810A8FCCDA44A59AF262000E598F387687D49A8B2AB08A3428"
"analysis\stage_2\validate_stage2_geometry.m","5632","47B8230CFBF0B456BE239D1A7BA3D31AE8CB9192E9DB35DE5231A65679503ABE"
"analysis\stage_2\validate_stage2_outputs.m","3853","F8CD300C747BFABFC8C5E306689603EF81C1EDF5F5382F8165A460F116296423"
"analysis\stage_3\stage3_audit_rendered.m","4045","943E1AD29DDA56DA2996C78212200F0635E374CE6CEEC726A006697AEDE09FA2"
"analysis\stage_3\stage3_completion_summaries.m","3970","90166F9FE5DCF0CB41A38D69ED5B74C5D67D267F81C1C768F0743A6D31747757"
"analysis\stage_3\stage3_consequences.m","9280","65466EB96D841D77F87147BFB774EB04E848DEBF85E8A59EAA653C48985148AC"
"analysis\stage_3\stage3_geometry.m","738","B4FF4528A9B825229C9C9F08EEC2B40944850224738D68C23E3AFC4C2808E5D0"
"analysis\stage_3\stage3_recover_evidence.m","12504","76B377A13890B11A173AAA46FB0AA573EA13AA71DFA2E713B9084C4529F8C354"
"analysis\stage_3\stage3_recovery_audit.m","22177","02BD8F30AA1257DE945AF55BFCC39A79924CA175C1D7E7C1B28BEFBDE2206FE5"
"analysis\stage_3\stage3_recovery_geometry.m","718","AFC50A55A682D68BB0C788EEE3D0396EF454FBC65347119DDB3F187CD595EE72"
"analysis\stage_3\stage3_recovery_null.m","500","3B4C9F108C82D3B150E4D0565DD8FEB5B5CA8DD970715E5C9AE3ACBBBBB594A7"
"analysis\stage_3\stage3_recovery_prepare.m","1376","391A725D81382C0BB8E7CC0A4355F14DF62EDE4C9CC998C0CC001554E4D86D94"
"analysis\stage_3\stage3_reference.m","5850","10A08B5B9F3208AC32248F9CFDA4BCC51F313AAC3ED29918BC24C0A3D7B2170A"
"analysis\stage_3\stage3_registry_receipt.m","1148","8B90BC6E35D0100C0E8BAD150C7802C9F8FC8423B4068F3D6FF052BE01AB077A"
"analysis\stage_3\stage3_report.m","3515","39F07C8E84CCC96CBBC88F31AE664F4CEABC50B7FBEF85EDE960003C06E8D91E"
"analysis\stage_3\stage3_statistics.m","636","47985F45B20E1E5FF86D228B731CCABB4E243291148613CD86F0A543AC7FE3F5"
"analysis\stage_3\stage3_sweep.m","11461","A97B7D4F5138217FDCA90664BFA834A8904F31DB9FC05FAB6E1419FB63EA56C2"
"analysis\stage_3\stage3_validate.m","10047","E2823DF22B103BCB73728139FFE3DB02C8C6A1047B6D29963FF7EBB43AB78BB1"
"analysis\stage_3\stage3_write_json.m","213","8174BBE1170FF1C86C24FD0C2E95AD9C764479AC5A194648FD75A51D5800254B"
"analysis\stage_3\test_stage3_derivation.m","3523","D0B1B9375A1D84015D5CDE114D0FAB2E977F78A520BE41FB41AFF302A568F301"
"analysis\stage_3\test_stage3_flag_ingestion.m","1062","E435424FF2AC41AA3FEE2E1C75FADFCECF907AA2D38BAC973CB5D392372997FF"
"artifacts\manifests\stage1_reset\DEPENDENCIES.md","6477","C594BD6978E96170666516706398D7736BD6972E8C92CF45CC86505DC78B61B4"
"artifacts\manifests\stage1_reset\diagnostic_extraction.json","835","BE6725125AA581828D4E06943B59D09C48B3D04EB58185F7730D46CF8760DEEF"
"artifacts\manifests\stage1_reset\forward_network_metrics.csv","2736","8FC3404CCD4508F8206D5211D1542100A6CC15CC9409CFF018AC1E1E9B381712"
"artifacts\manifests\stage1_reset\forward_regression.json","1158","85C5FE25E0BB3990BE03FFAC0233A22EF4374EE0FFFD4D34141EC1244AC707B5"
"artifacts\manifests\stage1_reset\forward_target_metrics.csv","14019","FB082E21984305709AF1096291099D18193A771D0467BDC3BC8471E6E036D526"
"artifacts\manifests\stage1_reset\matlab_checks_r1.json","7226","FAE90AE9C0F8BBC142B440C52DEE3F13C6807B9761538D4E8CB056F65EA4C5EB"
"artifacts\manifests\stage1_reset\move_manifest.csv","293224","DC03D58BF2A1B699554DC7693700486820457E839C2206D7635223FEF8B195B1"
"artifacts\manifests\stage1_reset\path_crosswalk.csv","1783","A1B0529B4DB77205856C1D068A1CE905F1C4288EF68C02490424595FD55466A9"
"artifacts\manifests\stage1_reset\preservation_summary.json","1373","2B5036AF94B4E4A2901511E18697F3193F22DA7703A9E0C24E0ABD6034F61AA1"
"artifacts\manifests\stage1_reset\protected_hash_verification.csv","97529","D3F3AE8F5789884270E54DC2C6650263FBE99E3808298DCD981C0FE3BD76D1BF"
"artifacts\manifests\stage1_reset\REPORT.md","9685","E65B494193518C214DAA43A4D43FD8857BD1BB0EF44F1D2C1E9F5E04E1793DFE"
"artifacts\manifests\stage1_reset\rewritten_files.csv","3505","114D8C89EC11E3D3B1F103F39A375D15ADA180F2EFDC2328452818E6C9F21F8F"
"artifacts\manifests\stage1_reset\sync_exceptions.csv","48","4AC3E065CDEC98F958DDC6A5864ACF4743B1EB9F3CD8FCDFB9B0E7122B5D7FD3"
"artifacts\manifests\stage2_lambda_sweep\analysis_validation.log","2258","33B92C3D1ACB29A9EDCA2936B0B7BEAA230EEC1B586C978938233828DEB7D20D"
"artifacts\manifests\stage2_lambda_sweep\figure_final.log","365","DCB21615615A7E1691ED0F28A868DCDBA03EF27B60FBDAB0910538FCEB7F0BDE"
"artifacts\manifests\stage2_lambda_sweep\figure_review.log","365","DCB21615615A7E1691ED0F28A868DCDBA03EF27B60FBDAB0910538FCEB7F0BDE"
"artifacts\manifests\stage2_lambda_sweep\kao_figure_review.log","26","68FC097B7BD73B119C1ABECFB1873162E8D265ED2FFFB8F68392309CEF8B1269"
"artifacts\manifests\stage2_lambda_sweep\KAO_FINAL_AUDIT.json","4625","7931D33B08074A5DEF85AC0A9FAC4BD36DBE1C63CF879301AB72A31589B46DF7"
"artifacts\manifests\stage2_lambda_sweep\KAO_NOTION_IMAGE_RECEIPT.json","759","3B28B48BFFCB8318F24B92962FA733D7EB818A2406488E7606F96343C5A6D981"
"artifacts\manifests\stage2_lambda_sweep\KAO_VALIDATION_PLAN.md","4417","346EB75AAE91691D81F3DE1EF541B81D86111C74765A3A1A8D2612064521920D"
"artifacts\manifests\stage2_lambda_sweep\KAO_VALIDATION_REPORT.md","4767","38DA03B9C3C286479C70A03AF59E424CED19072D6D1EFE8AE754689CFE45B93E"
"artifacts\manifests\stage2_lambda_sweep\kao_validation.log","3239","20519DB1A9AAB5D71F5CFFDFE153E15585BDB237C073522E47C712FCC919EC15"
"artifacts\manifests\stage2_lambda_sweep\NOTION_IMAGE_RECEIPTS.json","1021","023B2BB702395BFC10274C1D488D639BA9755FF5080CC9D69C549D6A8E2DFF10"
"artifacts\manifests\stage2_lambda_sweep\NOTION_PAGES.json","441","01AB0F38EE89483D594CE7C3A5A4F47AC052F7088A76345291C8504CA613027A"
"artifacts\manifests\stage2_lambda_sweep\PREREGISTRATION.md","11983","7447FB8AAE0CB19871DDE12D65F03AE1DEC6A9680FDE0CA9DD6A6319A4AB817B"
"artifacts\manifests\stage2_lambda_sweep\PRESENTATION_SUMMARY.md","3391","6940731A83B4503F815F5516F07BBFCD6D3FD5B6FCC8D1CED23FBC9973AEDF30"
"artifacts\manifests\stage2_lambda_sweep\r2_analysis_validation.log","1406","4EF9FBC6D6CD5268E02254F795C18A3BCE66CAF75C88D1A96717C5AFE2D9C2B7"
"artifacts\manifests\stage2_lambda_sweep\r2_cache_preflight.log","221","10306CD5422B46E2D22AAC3E04AE7CC80171F4E9F7EDF7843926A0839F4DF351"
"artifacts\manifests\stage2_lambda_sweep\R2_CHECKPOINT_STOP.md","2070","F7AE86F8AB6D169CD0524C57A0FA2CA6CB41E87B77FBEDBBE56611E884E9FAFD"
"artifacts\manifests\stage2_lambda_sweep\R2_FILE_MANIFEST.json","5548","5483F5BB0FC54EF13364222BD9AE4204D3CEFD23B9E2707F35B6B70FC4C29E74"
"artifacts\manifests\stage2_lambda_sweep\R2_NOTION_IMAGE_RECEIPTS.json","929","27CBA94B9300D52705EEDED21351DB9F6B7645D768C6B4AB544413648ABF4996"
"artifacts\manifests\stage2_lambda_sweep\R2_PLAN.md","3813","31F024331F90D5B2576C67B4A8742CA336ABADD78841E22E3E700611C3CA7B79"
"artifacts\manifests\stage2_lambda_sweep\R2_REPORT.md","14029","D70DF0C5D8E99CF81BFCB246AF36BA9D35568DE6B3FB597624AF14698C090BEC"
"artifacts\manifests\stage2_lambda_sweep\REPORT.md","10571","15C59F3B201F8CFA4D2319AFEE7F67FE0C294EE5B9B2AE71082AD6D4E9525C8B"
"artifacts\manifests\stage2_lambda_sweep\simulation_repair1.log","830","79B73EE2DE9E15572D4FE5D6F97EC3DA0CCA942654675FFEC5F4B89C3E53558E"
"artifacts\manifests\stage2_lambda_sweep\simulation.log","375","7D3497C33CEBFD3C4841E17B032941A253AADD08E5D495A9A9A1BBB1FF1DA0B5"
"artifacts\manifests\stage2_lambda_sweep\SOURCE_AUDIT.md","3898","063BB8DC24CBAC075B633EA5A101B87CEF22B982703CF3A9BC09BC53EE441BB2"
"artifacts\manifests\stage3_cortical_state_feasibility\DERIVATION.md","3073","4028B6A7B17F745668D726BC28B72005C37A35F4DFDE3E766232C6CED4DDB694"
"artifacts\manifests\stage3_cortical_state_feasibility\FINAL_AUDIT.json","2617","D6EE8B3D1A0D137C667D01C0750AF34180BFFDEE1D85074A91D25B0803D1671F"
"artifacts\manifests\stage3_cortical_state_feasibility\FINALIZE_EVIDENCE_STOP.json","2266","B5E606E695ADC7B9AA2EF9746ED0AA1045C09316A6881B0AAF530351E45154CC"
"artifacts\manifests\stage3_cortical_state_feasibility\FINALIZE_INPUTS_AFTER.csv","39525","9F6507E79A6565D837FB6A603A80C2D51441ECFA48FBE7B89AD09E0EC2132F24"
"artifacts\manifests\stage3_cortical_state_feasibility\FINALIZE_INPUTS_BEFORE.csv","39525","9F6507E79A6565D837FB6A603A80C2D51441ECFA48FBE7B89AD09E0EC2132F24"
"artifacts\manifests\stage3_cortical_state_feasibility\finalize_preservation_check.ps1","3295","E88046EC5BF48A373912142775EBE2BDC0D863A725A7A107EB82E30D1B3902A1"
"artifacts\manifests\stage3_cortical_state_feasibility\FINALIZE_PRESERVATION.json","409","F548B2A6C798E92C1EC5FC88523B200D4EFC75536D799F4D46CF9266D75FC6F2"
"artifacts\manifests\stage3_cortical_state_feasibility\FINALIZE_STOP_REPORT.md","8578","67398E04BC3AE11A3FDAD30433B76131983F5743777067D77DC9C9F183A5B60F"
"artifacts\manifests\stage3_cortical_state_feasibility\GAIN_TIME_GIT_REPAIR.md","3645","A09A6811A7B94425654CA061304ED3206202CFE8EEA86ADB0EE236A27B497F54"
"artifacts\manifests\stage3_cortical_state_feasibility\GAIN_TIME_PLAN.md","4748","A6AEE9ACA0877C65A35CD51F8004B430A986ED47BE9C5526BB570EC1185EDC61"
"artifacts\manifests\stage3_cortical_state_feasibility\gain_time_preservation.ps1","2672","272838D107F1BD34FBEF554F75B416963277E2A60680F6D0E77133E29A5CFEB8"
"artifacts\manifests\stage3_cortical_state_feasibility\MAP_COMPLETE.json","195","BF114C012E6DC9D4FCEE1AF867B7922CE4EBF04A276F79865BBEC777C960E88D"
"artifacts\manifests\stage3_cortical_state_feasibility\NOTION_PAGES.json","589","F187B5EE2EF2E9B33F979A3E5992B4EF1D6EB6441E87DF8BA0D9692E5D905E36"
"artifacts\manifests\stage3_cortical_state_feasibility\PLAN.md","11765","0D2AC95A6A11D208282242A868AEC8B25E0326B26C48B7F071F503C0D379C76E"
"artifacts\manifests\stage3_cortical_state_feasibility\PREDECLARED_CONFIG.json","6332","6898EA05179C276746D09DBA51395B91BDA2C016EEBEB458FF22281DDDFE1463"
"artifacts\manifests\stage3_cortical_state_feasibility\PROTECTED_AFTER.csv","30823","CCA98D3DC691D991EA29634A2312BB27A5A1811071F454066A5FC1BA04929FF7"
"artifacts\manifests\stage3_cortical_state_feasibility\PROTECTED_BEFORE.csv","30823","CCA98D3DC691D991EA29634A2312BB27A5A1811071F454066A5FC1BA04929FF7"
"artifacts\manifests\stage3_cortical_state_feasibility\RECOVERY_CASES.json","22631","4ABC3B3A0873A6E62B77F9135F9CABB4A10F3ED4C7E85EBCEEF3E315994459C8"
"artifacts\manifests\stage3_cortical_state_feasibility\RECOVERY_CASES.mat","2738897","960F503C710F4CB26AC581ACB1EFC296C34B442AA7B0B52A3C3CA71C2F80DEB9"
"artifacts\manifests\stage3_cortical_state_feasibility\RECOVERY_COMPARISONS.json","40900","EB2D61F263A28E111ACE378923166CB9918C45631036C1330806B709E57D0AD5"
"artifacts\manifests\stage3_cortical_state_feasibility\RECOVERY_INDEPENDENT_AUDIT.json","8025430","9683BA97FD81B4D5EB3494A635C7A357FA56005F65A81D0274C156B45D8C4CF6"
"artifacts\manifests\stage3_cortical_state_feasibility\RECOVERY_INPUTS_AFTER.csv","39525","D6BB8EEFA688E03B837FFB9D979662D0855BB177E36E092BD16F661EC22271E4"
"artifacts\manifests\stage3_cortical_state_feasibility\RECOVERY_INPUTS_BEFORE.csv","39525","9F6507E79A6565D837FB6A603A80C2D51441ECFA48FBE7B89AD09E0EC2132F24"
"artifacts\manifests\stage3_cortical_state_feasibility\RECOVERY_NOTION_PUBLICATION.json","6382","8D66EAE4137417EF175ACFBA0C86BCBC2F7FCCB66043815560305B68B2289CDE"
"artifacts\manifests\stage3_cortical_state_feasibility\RECOVERY_PLAN.md","4698","236D48F0ED8D92D7998229475FA1C67DF1D6AE8E41C815B5AEFF7AD606CF1BEA"
"artifacts\manifests\stage3_cortical_state_feasibility\recovery_preservation.ps1","1558","109C5E0D6699004DA3F9DF42E1C64658906321CBC70DF8FB82F4DFFD7B3F871B"
"artifacts\manifests\stage3_cortical_state_feasibility\RECOVERY_REPORT.md","9281","F666B313B083AF2FD4EE5ECB84899C43F5378BC482A22C74BD612DE88792B3F7"
"artifacts\manifests\stage3_cortical_state_feasibility\REFERENCE_FROZEN.json","10807","9B477BE549F7B1822748ECC7C7165A28071CCAE6525B0D845752D2994458F471"
"artifacts\manifests\stage3_cortical_state_feasibility\RENDERED_VALUE_AUDIT.json","69","18AC10763E16A566CDBB97FD275CE4A9FE4F378FD2FED3EABD74524667448918"
"artifacts\manifests\stage3_cortical_state_feasibility\STOP_PRESERVATION.json","617","C9AC22E0B5163E1EB48D40264F1ED1BF3915E686157938B440E5F35F9A37A870"
"artifacts\manifests\stage3_cortical_state_feasibility\STOP_REPORT.md","9175","09682910BEB638ACE1918590E2A57DA84FAA0079C6956E29586689D33200FBE8"
"config\published_generator_config.m","2042","43D5033477E4E4396C96AD62265217D0EC825000F3F2ED923C0527636B16A56D"
"config\require_kao_reference.m","698","A210729F45EE1B32AADAE4316A72AAB59FEC1646C0676E4992081023AD6F9832"
"config\stage_1_gate1_config.m","2929","D227615AEA378EF571143A49F9107892767823B3D5534DA19415918B5B5265CF"
"config\stage_2_config.m","2276","99273ABE2C69C61BFCA40D9EB7EDAD9400D5CB8646F374C1A2AA72E03D849C5A"
"config\stage_2_geometry_config.m","1352","6A7B62619F6D6E8D5F642A72134176BAC434C16239A61D44E7D6DDBB304B2C31"
"config\stage_3_config.m","3239","DA2554C5A96553A859D890DD4066D33441BE0BFE3BD82389D738428C17CB4BE4"
"figures\apply_plot_style.m","456","FF0890F133AF06F4FF987E7CD88D2FCA3C1B46042A4770E81C22F11CDFD72DC1"
"figures\save_figure_bundle.m","549","EEB25792FF3D719A9C5BCD697BDB7E624778BAFFE57BA2374A62A820A96A46E3"
"figures\published_generator\create_stage1_active_set_figures.m","7492","FF24C03DF2623F1B1E265808684440BD13E4CAC28C3BE6F35B77A579AE4A4445"
"figures\published_generator\create_stage1_figures.m","10810","9ED7ABCA6C6BD29821641EE2107CBC8EADAF467247D1C50D703C361CB9059695"
"figures\stage_2\create_stage2_figures.m","7848","06BFEA65A308BF5EB427E2168A38FD376058FB913F04275FD70AEF25106B7BE4"
"figures\stage_2\create_stage2_geometry_figures.m","4002","2B0E69DC6C767D828A66FE5542C19EA022709DBA9114C49D2483A4F712B0DD84"
"figures\stage_2\create_stage2_kao_figure.m","1265","398B3C52121F24F5AA05537F5C2335885B62D07E7DB7C1C4C875AB2DA80E0EA3"
"figures\stage_3\stage3_figures.m","11943","CC990019D06F71C09ECD894D5202423C59BCB63DC140C5ADE26578F4C71350B4"
"figures\stage_3\stage3_logical_flags.m","666","1C260F400D7D998787331ECA52AF20B557D2DC155583D8CF980188A19FB14E05"
"plots\stage_1\diagnostics\active_set_gate2\fig\stage1_representative_active_set_raster_and_rate_heatmap.fig","71245","32DEF06D98A2FCED588723703B6E0E2054EEF3BE754C34E6FFC520691B4DB76E"
"plots\stage_1\diagnostics\active_set_gate2\fig\stage1_switching_overlap_and_frozen_regime_test.fig","53552","4AA23273AEA3B5CC7F860986B5C22EB4A9A204D7063AFEE6AE2789854C7C66E8"
"plots\stage_1\diagnostics\active_set_gate2\png\stage1_representative_active_set_raster_and_rate_heatmap.png","227448","BFEE9D0C0030E423577250BCB400D26C52264F847FDC668693F0B2265C8AECE1"
"plots\stage_1\diagnostics\active_set_gate2\png\stage1_switching_overlap_and_frozen_regime_test.png","159673","3FEF4671F3B673400051C38B5585A88C766B2D0827F000390693852BA620AA94"
"plots\stage_1\fig\01_target_vs_generated_reaches.fig","161001","380D2B3B481D3502DA4B9F63258720A9418F4C76713D23A0F9F906B632080EF4"
"plots\stage_1\fig\02_motor_output_profiles.fig","280273","E9362995A460868D615884ECF5B7C5F9337ED1230211A590B3220797FFFDF437"
"plots\stage_1\fig\03_cortical_population_trajectories.fig","133858","34DFBBA2033D866BA2819D1F0A116EB89D361C1233493BB8593EA3E0888597CC"
"plots\stage_1\fig\04_optimal_initial_state_geometry.fig","26750","E6B5EF5D9E8D5C3F69DD246527FE2AE88CD4786C336B832845D0E417E049FED3"
"plots\stage_1\fig\05_initial_state_to_movement_mapping.fig","13352","F99EF1BED55080FF708F2F2D7A8E80C086DA53BE2F59906AFE54C55D78639404"
"plots\stage_1\fig\06_prospective_potency_spectrum.fig","16565","59152FAC4AC0D898AAAAEA44E0FCBECF95EB1289AF70F4ECF3633982598BC429"
"plots\stage_1\fig\07_potent_vs_null_perturbations.fig","45057","79A0AAAAEB6EFDE9D91104C9BE7C063359BA109E91595BB92A217E52388A8C99"
"plots\stage_1\fig\08_firing_and_stability.fig","31694","05B4488572B2959845FD341E278097A818B01788E16E119DDDEF07BEA1B0A892"
"plots\stage_1\png\01_target_vs_generated_reaches.png","108169","9C32B58D1D70A557293F363805822BDB6A8B3345CAD6E502EF98C96AFB611EE4"
"plots\stage_1\png\02_motor_output_profiles.png","242119","32B9E2B146E40625C9328C0F2A62565C0BAD4236AD2DFB3AC8988381910EA4DE"
"plots\stage_1\png\03_cortical_population_trajectories.png","146768","5B62BA3F3C62E1B401D68E31CEE2A3D00D160E885E8AB002A4B5AE812DFBC04D"
"plots\stage_1\png\04_optimal_initial_state_geometry.png","97382","4DEF1D7A359884BAEE88DA894C23C9A6E8A9D44AF90DD0340B906F09418BB937"
"plots\stage_1\png\05_initial_state_to_movement_mapping.png","129287","2AB9BE790BFE6B1FBC482B49BA1A0AABE58119DD64F95E87D843B04E756E038B"
"plots\stage_1\png\06_prospective_potency_spectrum.png","115320","CD8231D02CA6C2A5993EE4B706E90D9343446E2E58BCB42356B9B8112363128B"
"plots\stage_1\png\07_potent_vs_null_perturbations.png","149930","8901C4B5B4852B5F3743A864F16D6C4DF2A218144F69F7A1CF3F75A8E3747BC7"
"plots\stage_1\png\08_firing_and_stability.png","163957","95F8B3E3BB09CE8C048F122071B12ABDE5031D3C81A693A137FF3632354F9D97"
"plots\stage_2\fig\diagnostic_1_pr_lambda.fig","11308","89A3748D410AB97A5DB2834AAC8EE3921C6DF40EE147BB1EA514E965095BEA57"
"plots\stage_2\fig\diagnostic_2_alignment_lambda.fig","23648","0E66C206E9078C35AEA268AB01DD12DA6892543B24DC05ED852338B58C5BC4F8"
"plots\stage_2\fig\result_1_preparation_trajectories.fig","362739","B2D13482E16F0277A70DABDC22A01CA12693F4E72660F2B34E1695AFC658663C"
"plots\stage_2\fig\result_2_controller_operation.fig","393944","DA6CF6ADF9AA163754DEEE6B59927C855F404A42DE09FAD0B59572CA9AEF45E7"
"plots\stage_2\fig\result_3_prep_move_alignment.fig","9736","A70A46DD9F6DA37AD6AC7AC7210C4BEE7DA15DA0A27759D29785B6EE92C3B9BA"
"plots\stage_2\fig\result_4_kao_prep_move_alignment.fig","9879","8156B445A4FCF761AEA3C890CF54AD3F58DF63145AAF956D07CC230C54BEAFAB"
"plots\stage_2\png\diagnostic_1_pr_lambda.png","100620","EEB7C44CD1CC77A55D5C974A5C689EBB6074817D01758D6084DEEC674B1BB3A8"
"plots\stage_2\png\diagnostic_2_alignment_lambda.png","197027","992D51977A6E902FE15C02AF701F8B7410BCF0ACD9F0F7E67B72052F1FD5FCA6"
"plots\stage_2\png\result_1_preparation_trajectories.png","126070","111AC851A1E542B89F2E4898A0114443ACF12AED27CDBEEC1560BCC547208713"
"plots\stage_2\png\result_2_controller_operation.png","221000","2EF382053D5DC7D6EB55D4AB842C1DA2E7E51DF10858195815E62AFCF271E5C8"
"plots\stage_2\png\result_3_prep_move_alignment.png","95555","65B419546ED2C78DAF25EBF9B604486399DBD651851EFA260F5F450874134A06"
"plots\stage_2\png\result_4_kao_prep_move_alignment.png","105764","21EF00254CE9E294A6CEB2D45D7C478EE27C19C0A0DF506902358F3697918AB1"
"plots\stage_3\fig\diagnostic_1_feasible_solution_map.fig","439959","127D0F1E8DDC6862A0B3684104AC924AAAB2D4CD566A9B6D5AB581014A055CA3"
"plots\stage_3\fig\diagnostic_2_component_removal.fig","28408","E31ABAE1A3AAFF402CD850EFF3928A91473F76978EA8EF78A70576B59F181E0D"
"plots\stage_3\fig\result_1_preparation_and_movement.fig","262937","0A38D610024A1ACA3EB9D92EF1CBF353CF3292018FBBAA1E32A9C3ECF204B263"
"plots\stage_3\fig\result_2_preparatory_geometry.fig","26056","DEE35801571F9B60134D722E9A5E9DE3AB94CBAE72F358652BA2C973C310CA40"
"plots\stage_3\png\diagnostic_1_feasible_solution_map.png","240939","56AE0FB0C23B4827FCFF56B1C033ED6C44BB82E3E91F5F9BBB364364C7B37527"
"plots\stage_3\png\diagnostic_2_component_removal.png","206261","842AE3E5E63A04C78FFB0325CBA49EDBE81CE752B5C485ED2E85278EF6ADDE59"
"plots\stage_3\png\result_1_preparation_and_movement.png","182244","1CB03511AC68126C6D5FF4826C28D7752AFC98711544E31A8F7196F093A13618"
"plots\stage_3\png\result_2_preparatory_geometry.png","194603","C40162FC1E8F8871D60BD2F501F48A632C8B3C426DEFA012372F60DC7B7BE585"
"results\stage_1\audit_history\published_benchmark_replication_outputs\movement_metrics.csv","386","C4A4F9933EE9A80207018786FAA26CEAD591D1EFA71A5AE79FFBF817572CB756"
"results\stage_1\audit_history\published_benchmark_replication_outputs\native_vs_matlab_equivalence.csv","930","43D31755D680BF29C4ADB3ABE467235A0C50A58D2DDD766A8E2755D200DAB70D"
"results\stage_1\audit_history\published_benchmark_replication_outputs\nonlinear_potency_trials.csv","13793","28FCB04E3ED7B667ACB7EB5BD998987B05418791750621795F8F7066F93970C6"
"results\stage_1\audit_history\published_benchmark_replication_outputs\plot_inventory.csv","2167","DCF8B3BFCAFD3BC5C09321EB5219DAA66712D12BDC73822C058EF2399DE548F8"
"results\stage_1\audit_history\published_benchmark_replication_outputs\potency_band_summary.csv","250","B716E35B009EEE429C4F590B8526A34E4DDE82ED4127F20D17216A1F28654E57"
"results\stage_1\audit_history\published_benchmark_replication_outputs\potency_dimension_thresholds.csv","62","A3E8294E49AE1C9EB00F2A8E44EFA2E7E79ABC07DE79E43E6848C52EE72F0B36"
"results\stage_1\audit_history\published_benchmark_replication_outputs\potency_postrun_diagnostics.mat","1306","C0D318717F44FC190F5CC19B0C8838C0E1E833D92A89BA4EFC165B85C0E4A3E9"
"results\stage_1\audit_history\published_benchmark_replication_outputs\stage1_artifact_manifest.csv","3197","DD8EED88238D2C5897AF0508A5394549EE9AB71A1A45021DCB360C16AA7EFCAC"
"results\stage_1\audit_history\published_benchmark_replication_outputs\stage1_complete_results.mat","9037590","7B45B3ADF4003FE229610A0D709C88A427D300B39258812122980DC3579C83DB"
"results\stage_1\audit_history\published_benchmark_replication_outputs\stage1_summary.json","1233","EE6B0DFB1D87086C03D5ABDABE12FB713710131784E85FDA9E383011D0D7427D"
"results\stage_1\audit_history\rejection_sampling_run_20260831\stage1_gate1_complete_results.mat","9627426","2E4F995C768B96925C5704B5D35BEF8E4CFA8FA8B83FD5F84E4A7CFA6BA4FCE2"
"results\stage_1\audit_history\rejection_sampling_run_20260831\stage1_gate1_summary.json","1313","E8A258DB1AB8E0249A0618AA744FB9D25DEBA49F8D5F2F59D4B6EE102D73559C"
"results\stage_1\audit_history\rejection_sampling_run_20260831\accepted\network_01.mat","838950","37E19E98AF8CDC801ABEC8FF2EDB592F415F45AD403A749A7C28D33DDF27173C"
"results\stage_1\audit_history\rejection_sampling_run_20260831\accepted\network_02.mat","839427","D025E6903FDDBD05CAF000CB5F525439B0003C24459B926B9AC9E07412193CD8"
"results\stage_1\audit_history\rejection_sampling_run_20260831\accepted\network_03.mat","839912","A6B541A54DB9EC17B9A8991B00FD59EBE451843C8696F86DCF3A96A1E8DBF12D"
"results\stage_1\audit_history\rejection_sampling_run_20260831\accepted\network_04.mat","839855","9B37402026FC776A7305FE3DF565ED42714E36156F300FB19243B3197871F345"
"results\stage_1\audit_history\rejection_sampling_run_20260831\accepted\network_05.mat","838761","1A9AFB5FD3C06F59AC273BA174C567FF4F8043E57CBA4CB02DF7225DE3AFF0EF"
"results\stage_1\audit_history\rejection_sampling_run_20260831\accepted\network_06.mat","839353","3BA6E04F80F3A66F2A12835B26326E817DBA34032C793C0266E35EE817A8EFEE"
"results\stage_1\audit_history\rejection_sampling_run_20260831\accepted\network_07.mat","838837","6400DA2B7A299512DE8EF6745300A76F6EA306373EC27399180D7B45701065B6"
"results\stage_1\audit_history\rejection_sampling_run_20260831\accepted\network_08.mat","839153","D3F290099B6FEA5078BFB313A9ADCBBDF64C500F28E3356326B42BDD7D9C2E15"
"results\stage_1\audit_history\rejection_sampling_run_20260831\accepted\network_09.mat","838919","ECA2587F8957B75C72354787035C816DE17A2012E29ADCAFF88260F544F3EF39"
"results\stage_1\audit_history\rejection_sampling_run_20260831\accepted\network_10.mat","838985","2F8EBD9BCC64E2E4C117E1AF9BA7DE77E65236528B16BE1A6A7918119B81F56F"
"results\stage_1\audit_history\rejection_sampling_run_20260831\attempts\attempt_001.mat","838950","37E19E98AF8CDC801ABEC8FF2EDB592F415F45AD403A749A7C28D33DDF27173C"
"results\stage_1\audit_history\rejection_sampling_run_20260831\attempts\attempt_002.mat","839427","63FB06C06DB318F749A85CFAE38F020F2A8012C01A9FB86768190BB0BFCE3397"
"results\stage_1\audit_history\rejection_sampling_run_20260831\attempts\attempt_003.mat","839912","A6B541A54DB9EC17B9A8991B00FD59EBE451843C8696F86DCF3A96A1E8DBF12D"
"results\stage_1\audit_history\rejection_sampling_run_20260831\attempts\attempt_004.mat","839855","9B37402026FC776A7305FE3DF565ED42714E36156F300FB19243B3197871F345"
"results\stage_1\audit_history\rejection_sampling_run_20260831\attempts\attempt_005.mat","838761","1A9AFB5FD3C06F59AC273BA174C567FF4F8043E57CBA4CB02DF7225DE3AFF0EF"
"results\stage_1\audit_history\rejection_sampling_run_20260831\attempts\attempt_006.mat","839353","3BA6E04F80F3A66F2A12835B26326E817DBA34032C793C0266E35EE817A8EFEE"
"results\stage_1\audit_history\rejection_sampling_run_20260831\attempts\attempt_007.mat","838837","E7D15A586B64555216DB010EA03CC0DC90D9780E1C9EEACB82DFAB7B0DA705C3"
"results\stage_1\audit_history\rejection_sampling_run_20260831\attempts\attempt_008.mat","839153","D3F290099B6FEA5078BFB313A9ADCBBDF64C500F28E3356326B42BDD7D9C2E15"
"results\stage_1\audit_history\rejection_sampling_run_20260831\attempts\attempt_009.mat","838919","ECA2587F8957B75C72354787035C816DE17A2012E29ADCAFF88260F544F3EF39"
"results\stage_1\audit_history\rejection_sampling_run_20260831\attempts\attempt_010.mat","838985","2F8EBD9BCC64E2E4C117E1AF9BA7DE77E65236528B16BE1A6A7918119B81F56F"
"results\stage_1\audit_history\rejection_sampling_run_20260831\audit\accepted_ensemble_audit.csv","2736","8FC3404CCD4508F8206D5211D1542100A6CC15CC9409CFF018AC1E1E9B381712"
"results\stage_1\audit_history\rejection_sampling_run_20260831\audit\accepted_ensemble_revalidation.csv","2736","8FC3404CCD4508F8206D5211D1542100A6CC15CC9409CFF018AC1E1E9B381712"
"results\stage_1\audit_history\rejection_sampling_run_20260831\audit\accepted_ensemble_revalidation.json","280","23AC81B531B3B5263CE0D9ED43829301413DEADA80C4F6244C591B5C55ABB836"
"results\stage_1\audit_history\rejection_sampling_run_20260831\audit\accepted_ensemble_target_audit.csv","14019","FB082E21984305709AF1096291099D18193A771D0467BDC3BC8471E6E036D526"
"results\stage_1\audit_history\rejection_sampling_run_20260831\audit\accepted_ensemble_target_revalidation.csv","14019","FB082E21984305709AF1096291099D18193A771D0467BDC3BC8471E6E036D526"
"results\stage_1\audit_history\rejection_sampling_run_20260831\audit\attempted_realization_audit.csv","2736","8FC3404CCD4508F8206D5211D1542100A6CC15CC9409CFF018AC1E1E9B381712"
"results\stage_1\audit_history\rejection_sampling_run_20260831\audit\attempted_target_audit.csv","14019","FB082E21984305709AF1096291099D18193A771D0467BDC3BC8471E6E036D526"
"results\stage_1\audit_history\rejection_sampling_run_20260831\audit\rejection_sampling_manifest.csv","4317","E0FF62865CC8606C6E3056BE9F03C3E5E63C5AFA09E37E52904238DB392A7747"
"results\stage_1\current\plot_inventory.csv","2167","DCF8B3BFCAFD3BC5C09321EB5219DAA66712D12BDC73822C058EF2399DE548F8"
"results\stage_1\current\stage1_gate1_complete_results.mat","9627426","2E4F995C768B96925C5704B5D35BEF8E4CFA8FA8B83FD5F84E4A7CFA6BA4FCE2"
"results\stage_1\current\stage1_gate1_summary.json","1313","E8A258DB1AB8E0249A0618AA744FB9D25DEBA49F8D5F2F59D4B6EE102D73559C"
"results\stage_1\current\stage1_primary_analysis_summary.json","941","624BA5A0AE1BFD2CFC96CFD2C54C7E3228FF72465E186DE43BFB1F1979197948"
"results\stage_1\current\stage1_primary_analysis.mat","9237204","A39CE2972EC9453C561C84FF24D72A54F70CB7BFC3E4552CC5548710A1125285"
"results\stage_1\current\audit\accepted_ensemble_audit.csv","2736","8FC3404CCD4508F8206D5211D1542100A6CC15CC9409CFF018AC1E1E9B381712"
"results\stage_1\current\audit\accepted_ensemble_revalidation.csv","2736","8FC3404CCD4508F8206D5211D1542100A6CC15CC9409CFF018AC1E1E9B381712"
"results\stage_1\current\audit\accepted_ensemble_revalidation.json","280","23AC81B531B3B5263CE0D9ED43829301413DEADA80C4F6244C591B5C55ABB836"
"results\stage_1\current\audit\accepted_ensemble_target_audit.csv","14019","FB082E21984305709AF1096291099D18193A771D0467BDC3BC8471E6E036D526"
"results\stage_1\current\audit\accepted_ensemble_target_revalidation.csv","14019","FB082E21984305709AF1096291099D18193A771D0467BDC3BC8471E6E036D526"
"results\stage_1\current\audit\stage1_active_code_manifest.csv","5096","F18439A683A2A1D84E9F7058633AEB789C672B1E1DC47C60D672D76B5007AA61"
"results\stage_1\current\audit\stage1_current_artifact_manifest.csv","6091","AEBAEBED2C7DE8DF6FDDD96F5E35FF47F44C3CEA1D549F959B2A8CFAA9901862"
"results\stage_1\current\audit\stage1_final_acceptance_report.json","1216","9FC6EADCF4CB90988078A0F839863D329644E332B4E9631A363095188BCAFD49"
"results\stage_1\current\audit\stage1_manifest_verification.json","104","123709E935835D2F7E79DA55DE57EB4B76EFD28A769D2909C50185FD71CD7AF9"
"results\stage_1\current\ensemble\network_01.mat","838950","37E19E98AF8CDC801ABEC8FF2EDB592F415F45AD403A749A7C28D33DDF27173C"
"results\stage_1\current\ensemble\network_02.mat","839427","D025E6903FDDBD05CAF000CB5F525439B0003C24459B926B9AC9E07412193CD8"
"results\stage_1\current\ensemble\network_03.mat","839912","A6B541A54DB9EC17B9A8991B00FD59EBE451843C8696F86DCF3A96A1E8DBF12D"
"results\stage_1\current\ensemble\network_04.mat","839855","9B37402026FC776A7305FE3DF565ED42714E36156F300FB19243B3197871F345"
"results\stage_1\current\ensemble\network_05.mat","838761","1A9AFB5FD3C06F59AC273BA174C567FF4F8043E57CBA4CB02DF7225DE3AFF0EF"
"results\stage_1\current\ensemble\network_06.mat","839353","3BA6E04F80F3A66F2A12835B26326E817DBA34032C793C0266E35EE817A8EFEE"
"results\stage_1\current\ensemble\network_07.mat","838837","6400DA2B7A299512DE8EF6745300A76F6EA306373EC27399180D7B45701065B6"
"results\stage_1\current\ensemble\network_08.mat","839153","D3F290099B6FEA5078BFB313A9ADCBBDF64C500F28E3356326B42BDD7D9C2E15"
"results\stage_1\current\ensemble\network_09.mat","838919","ECA2587F8957B75C72354787035C816DE17A2012E29ADCAFF88260F544F3EF39"
"results\stage_1\current\ensemble\network_10.mat","838985","2F8EBD9BCC64E2E4C117E1AF9BA7DE77E65236528B16BE1A6A7918119B81F56F"
"results\stage_1\current\targets\stage1_gate1_targets.mat","339102","503EB29A29D9BDF87916DE244CC9AE009B292B8A34B87AB700B978260C332728"
"results\stage_1\current\targets\target_torque_audit_by_target.csv","3283","933DDAE9847258E28D669F8EDBB67EC867A410F337C660BD8C83EA688425D638"
"results\stage_1\current\targets\target_torque_validation_manifest.csv","549","AB1154B5E901C0CE1215C0C030C33E04C031076F69EA2A20BF3F93F6584FDDAF"
"results\stage_1\current\targets\target_torque_validation_summary.json","764","58E69FBCB8613E424CE0DA3A8033B33F831886D17B2BCFDE51193CC336C34F13"
"results\stage_1\diagnostics\active_set_gate2\frozenRegimeCurve.csv","1003089","B4359B445EBA1EF41136BCCA15974443816161245F096A0C6561E1A2771276E4"
"results\stage_1\diagnostics\active_set_gate2\frozenRegimeCurveNetwork.csv","65856","FA9835A1BD3B5AA25012ACA306780A16A49087995EAF4B6D67B4360163EAA300"
"results\stage_1\diagnostics\active_set_gate2\frozenRegimeNetwork.csv","667","0A2DDFFA6C3A214FF7E5F456FEDD2CEDE125E358F4FB46BA8A4655FD8B466E5A"
"results\stage_1\diagnostics\active_set_gate2\frozenRegimeTarget.csv","1671","817AA534F90B5DD6049BFE5C996D7D3CAAB4813E0E6D3C8E157EEF2E98AE0EB5"
"results\stage_1\diagnostics\active_set_gate2\stage1_active_set_figure_refinement.mat","72596","0144F49A3EB4BFD0EAB24CD6A7E52C104F589A839AFE1F55F49AC7B782D0DF5D"
"results\stage_1\diagnostics\active_set_gate2\stage1_active_set_saved.mat","518277","9077FC655C5C861284766CEBABE48F7CBBE9FE7C15156E6D8D4A31187B3F23C9"
"results\stage_1\diagnostics\active_set_gate2\stage1_target_metrics.csv","1653","4F43FE9F2371FEC094730AADA5D09EC6C5EB33F84454AABE20A61509F6F92F81"
"results\stage_1\diagnostics\active_set_gate2\stage1ActiveCurve.csv","624149","1780A8BF85682EDD6F19F6FCECFB22821797B2A225FAC403ECED721FB98D932E"
"results\stage_1\diagnostics\active_set_gate2\stage1ActiveCurveNetwork.csv","65847","12092A7F491657B9A8CF2B7C19E8B48516AA5A90D1F7D70B249C5E107A4E1EEB"
"results\stage_1\diagnostics\active_set_gate2\stage1Network.csv","694","06157AD78A2A6B73A959C934BD77DA0C0C60DE30434BBF600ABA3DAACCF6339C"
"results\stage_1\diagnostics\active_set_gate2\stage1Overlap.csv","4858","F0BEF18AD941AB18EFE083B17A6068611C2D8AE0C4B767D041875994D1D3160C"
"results\stage_2\current\analysis_audit.json","937","DF310FCFA61F4BA8BB399C5624923A169817B48B83889C143854008D8581112A"
"results\stage_2\current\analysis.mat","1649000","FB31842A9249AC158C0196FE11FC05C5F80A3FA63510CC9274BF81BC9870C1C1"
"results\stage_2\current\cache_manifest.csv","934","C41CC18114EC81C1B595A49AC96CC653DB1001EDC8A88F225A9425DADCA41C71"
"results\stage_2\current\code_figure_manifest.csv","3038","D6CB0521F535D3230A82C74599D5B1514B5BE93E751492DB86444546931656C6"
"results\stage_2\current\configuration.json","3567","C6D2DF05413C6A0D12CED2FC6BD0FBDB5203DC2779B74DAA6BC7C9AA59D0D41A"
"results\stage_2\current\final_validation.json","285","C670E9941E762F31D4EA11E6DC5C20B716258C1EEDD6B1E4817C5B33A2A0E149"
"results\stage_2\current\network_metrics.csv","14653","0F6295823B682E0E74C5C92081BF42147463B829E5FE348CF0A0CC34E00DCEEC"
"results\stage_2\current\network_paired_metrics.csv","835","07BD9A65904FC7B5FD20F2AAE403133E29977E8A30BF4D7EC176ED11A51C6900"
"results\stage_2\current\NEURAL_GEOMETRY_STATUS.md","1160","0E8A5A4FA4FE26D44DB9104A4CBDC72AE5787B7998CFDB42D3D0445673FAA19F"
"results\stage_2\current\perturbation_initial_checks.csv","216855","A2A34BB38413D0731DD5716F80990BE34C843DCC25A472DD62E254E60B0A15FE"
"results\stage_2\current\planned_tests.csv","2551","C3AAB59BB42537E1D7C40B7F2BDD95D32F419BFCF4E26D49F0CDB5C9FFCDCC44"
"results\stage_2\current\preflight_tests.json","243","A6CFD1634E32A0BCC944EA10D4ED8D7A23E75653A8FBF2277729D8EDFD9152C8"
"results\stage_2\current\protected_after.csv","18587","7F7476EB3D9A7D7A3EE8A76170A7B3E0A21996D5443AC08C5E1B60289BA620E8"
"results\stage_2\current\protected_before.csv","18587","7F7476EB3D9A7D7A3EE8A76170A7B3E0A21996D5443AC08C5E1B60289BA620E8"
"results\stage_2\current\simulation_audit.json","435","76934A6562A43B73CB7FDF88AA8EF488BD29E893782E85D84720B8A31E4FD336"
"results\stage_2\current\summary.json","7617","848EEB20D0D383ACBECAA2D933FFBC57EE51CC090FC3CAE69C35FAB08230A6FC"
"results\stage_2\current\cache\network_01.mat","115767375","62D979428F7C52B889DA854EF4446CDA48E2242516045F72BC073B56A476756B"
"results\stage_2\current\cache\network_02.mat","115081477","4D2EEDCDA36957731398360168FE422BEB34FCD3786957CCF2AE1F8FBF64F725"
"results\stage_2\current\cache\network_03.mat","115147746","2DDEC08464A44D17E2D906EC2FAF6773EF006CBC538F3C7280A62BC1BDC1427E"
"results\stage_2\current\cache\network_04.mat","115215147","FCE6A28BBE0444AB5FC2A7D225CA0783FFFAD1F98FAF48879B2C4E9376DF2D2F"
"results\stage_2\current\cache\network_05.mat","115012132","CA8E54B5168004998CFFB92E661829249F4BF3ADF1319F5A356707DB9BF49ED7"
"results\stage_2\current\cache\network_06.mat","114985456","2B053E413A6F650885D6911D80EB8C8D3DEF745BE304263BB259272CC9522D92"
"results\stage_2\current\cache\network_07.mat","115120766","188173CCCE3D0E2D3F60DA36383AE0C43ADF15A66A4CF3B1B20481DD69FAB670"
"results\stage_2\current\cache\network_08.mat","115126981","945F11AF6388E236EB473C60BE2A69489F4C624A2FC491085F05D9EBB41850E8"
"results\stage_2\current\cache\network_09.mat","115122544","03E12BEA204AC3C3AF0B55A2F8FBD9BDD831F436C8FDC5C487ECDE24F37300F3"
"results\stage_2\current\cache\network_10.mat","115025774","41F080FE7BDDEE27641D1C8B366196A1ACBC254D74CC1453AEAFDC67935B999E"
"results\stage_2\current\kao_alignment_validation\analysis.mat","823224","F1ACDA976569BEBF7169342AD33CA95F63DCBC2EDC3A808E389E56A636A80F7E"
"results\stage_2\current\kao_alignment_validation\network_metrics.csv","1671","03CE5A68B9252DF6F10770E4C14E50EAB8C6DB3276672ECF33CD1B5BF3485AC0"
"results\stage_2\current\kao_alignment_validation\summary.json","1487","02505A8B8301D557CE2D289C0483B741C92EE7C949BA557A174832315467105D"
"results\stage_2\current\kao_alignment_validation\validation.json","475","B1F6FB6AB7C6CBDBB155BD7C288A4FE87868363813E9490EABA71828F70A76A1"
"results\stage_2\current\neural_geometry_r2\analysis.mat","844726","922F5EA01548FA3ED70FD0E43C564A5CDB2CAC1D1D9B95606DC5FD1D66927034"
"results\stage_2\current\neural_geometry_r2\cache_preflight.json","189449","8FEA4BC9FC8870388CB4FEA09E4D61FE6E9D4F064284DA21E1D6FDDBECFE58A7"
"results\stage_2\current\neural_geometry_r2\configuration.json","4633","5BBDDF19291935E58698EE37EBC180EEDDA898B78D43654113843F96D6F22517"
"results\stage_2\current\neural_geometry_r2\final_validation.json","898","7F4E6CD6AC66F43164EC1B331D96959E7A09CC3D59DD72F9C5CF8B53002AA6CE"
"results\stage_2\current\neural_geometry_r2\network_metrics.csv","9572","9F3D5333B10A17A12F303A5A53AA00A278293833CE23835DE3E0D8E83702E545"
"results\stage_2\current\neural_geometry_r2\network_paired_metrics.csv","1302","2CDBAED1BB1389967580734A3D12DC01061AB2E3D21C52D15E2A3AC1DD4B7B47"
"results\stage_2\current\neural_geometry_r2\planned_tests.csv","1674","6D05C207FE9D3BC1C980B3A6A19CCDD0F58038848245BAFB9298C0B157501838"
"results\stage_2\current\neural_geometry_r2\summary.json","7453","646BA91F9846647A2D47B9ACA4087589808C899E3BB8DE5BA956B751F504087C"
"results\stage_3\current\additional_solution_movements.csv","8994","9438F084E81800835DC1E6D7ADCD2A9F37E9326D535D005CC2079FEF5969D438"
"results\stage_3\current\consequences.mat","17048758","5FDE803E602F1569B1A3173C6462CC5E86F9412F15EF1DBD0973435B77176606"
"results\stage_3\current\derivation_audit.mat","1393","FCF42182E169A55AEAD7FD61ABB854CCC5D21CB7E43921B0E349ABC96CD01AFD"
"results\stage_3\current\feasibility_map.csv","541930","25187A150C978A5B63E072247E61BA6F11429BBC36C566ACFBF6BEFBB10B2C9D"
"results\stage_3\current\generality_counts.csv","779","566ED1B49E2C07334A549A993E5601DEF96A3A9E33850CF29D8C658646849235"
"results\stage_3\current\nested_movement_summary.csv","278","47EF8337B6B59B52E3FE16213E909D46586BDFCD2AA474D906031FEBCF9192B8"
"results\stage_3\current\primary_metrics.csv","1186","763E58CEEEE3FCF5823D97A7C2DAA066A89A5501B566D46226281936E2567176"
"results\stage_3\current\reference_summary.csv","1553","4226B9BFDF06ACE741E5FCAD0E37D137838B9B2F1B761CD3090AA63AA45BB09F"
"results\stage_3\current\REPORT.json","4774","4EE094005CA77C10479DC0159DDB1B965783E083663FE093EB127F72405CCA57"
"results\stage_3\current\sampled_solution_summary.csv","1558","14FBC2BF07524795A171999D6704B83F15DE1B06D1C2003C5D5548F168D8C8BA"
"results\stage_3\current\selected_solution_registry.json","10527646","2DC8514182C53F92019FE38F2AEC9067C9D5F0E549B217D4BC90293955370352"
"results\stage_3\current\selected_solution_registry.mat","3268567","7C5FB20E9A2E5B0C8BC7A6A3D99B954E1F88AB54B7E20A6A9AAB0317CF57C722"
"results\stage_3\current\statistics.json","1233","53BE0FF95C3A2C446F3EF1C057C7EED6CF26736BE77630764E9041DA7620A5D6"
"results\stage_3\current\cache\grid_01.mat","42760997","E918B67BBF59159F7DB2C63EE7AE3BACB7BC729ACEB37CCDB59F0BBDCC804FFB"
"results\stage_3\current\cache\grid_02.mat","43744257","200C77835D53F32047B6CB0C126244D55A88FE1581856FDE9C2DBF74C92AB463"
"results\stage_3\current\cache\grid_03.mat","39896148","E76EAD9133F16AF220AE8CE90E587D518F8F6B55E0D8D273F44BBAFE0BA8E21E"
"results\stage_3\current\cache\grid_04.mat","44316341","A2C724938DD42B7F8F67BC24A8B26714B010CF38A86CC574E9E5B5473E5F8BAD"
"results\stage_3\current\cache\grid_05.mat","43747662","05FEFC476488D18252C84E92289A5961C86FD463F0C293B1D415FB8C4B740E7A"
"results\stage_3\current\cache\grid_06.mat","38341976","6E3ED36C892A253E3A7245589E74D46B00379E3967A523420AB683C400F0C345"
"results\stage_3\current\cache\grid_07.mat","45219125","447A820934BE4BED3CC5493BBDDA7B2022E58BF538112FF0199FF6E6F5EEDE9A"
"results\stage_3\current\cache\grid_08.mat","45709239","C67B4229CCFDA243F880367DAA93B862550BEF57AB697E09428396909D9559A1"
"results\stage_3\current\cache\grid_09.mat","44729122","9356EEF207F833CACE0090B220CB114F30C8C0BB6980E63C9C9988894565F127"
"results\stage_3\current\cache\grid_10.mat","42346479","A22746C706C434161F27DF76D83EF5DB49A0C0780A88FCF511EF3A338B560D86"
"results\stage_3\current\cache\reference_01.mat","20673844","EE097EC9BA66FDDB668496CB9B16F55B7C2A0CF64729FD115481C862251147E9"
"results\stage_3\current\cache\reference_02.mat","20648418","C7303A7EC2B90EC2E0F5CF1018C412A50C42E4589071357223E363A409DBE286"
"results\stage_3\current\cache\reference_03.mat","20679872","5AE2CAF6D5DA5CBFF256FE731674E7FC5B2565A948C813779ACBF02F6BB319B1"
"results\stage_3\current\cache\reference_04.mat","20692978","70A04E23133B58F03BA6D7A3D74CC1514051E81032630B229EA587ACB53DCD8F"
"results\stage_3\current\cache\reference_05.mat","20674786","65D8CA31E355B3A76BC51A1F06B3ABFDCCAAA4E5619DF814EECCF5DBB4C81DA9"
"results\stage_3\current\cache\reference_06.mat","20667111","9CEF70719A1032A4C14948EA9BA85543565035DF44AA591E5F5CF93ADD4BC196"
"results\stage_3\current\cache\reference_07.mat","20679440","FC18C22DBF028BD0655732D2E1D3E856C44665865ECFC90C3E1B01BE2DD548ED"
"results\stage_3\current\cache\reference_08.mat","20698403","82EED11D67B9EDC20DB8DA11A41DECDF1FD70CD75D1731FC58377E70DFE3AD9E"
"results\stage_3\current\cache\reference_09.mat","20656217","6EF6EC9C7C9B8EAAF4319AFAC955AC1C384A237C39255603BB506CB9A1C78B2B"
"results\stage_3\current\cache\reference_10.mat","20650828","5285AF90EC903F2E4FAA86E3D04E574CC4724EE5CEC041CCF3D329456ECCD50E"
"results\stage_3\current\cache\evidence_recovery\fine_n01_d1_g05.mat","22476553","18684EB6825B2A3A135195C8E4D568437F0B8E2E0B232D55B6CEAAC80DCAD556"
"results\stage_3\current\cache\evidence_recovery\movement_n01_d2_g24.mat","7684093","A697BF40696A47F6942AFB7ABB195476F11A4B8B6A84719B99EC43DF3CF22827"
"results\stage_3\current\cache\evidence_recovery\movement_n01_d3_g16.mat","7639150","0BA6DBB40E076A1B3CF74BACF65A6BC28C48CC0DF7AEC3FEF1D81986B6A7947D"
"results\stage_3\current\cache\evidence_recovery\movement_n02_d2_g24.mat","7682201","A0E89E3082B664189F7C6ACEEE3EF39370FC0607C22770492C33EA87187E5D30"
"results\stage_3\current\cache\evidence_recovery\movement_n02_d3_g16.mat","7635158","1A00BFCF84C3F6978E5F0B78A53343ABAE7262B4276BB0B6D3285622ED335347"
"results\stage_3\current\cache\evidence_recovery\movement_n03_d2_g24.mat","7678712","A108C02EA586B9125D80110BB6679B8F60CE62667F4FF151AB42B862A11D6861"
"results\stage_3\current\cache\evidence_recovery\movement_n03_d3_g16.mat","7638823","EB83CF5F5CCF513998A4FA084B55DF66F5E68366E5F3AA6A3C40E5E3C65DF44E"
"results\stage_3\current\cache\evidence_recovery\movement_n04_d2_g24.mat","7692646","427CFB3E5108EB581C06230693D3FEFEA59A50CEDB191B074D7B1909344425EA"
"results\stage_3\current\cache\evidence_recovery\movement_n04_d3_g16.mat","7642184","D351AA5FAE0D6D1D4E5F25AFB33163D8A0DBA6C85E87E0E05ABF5E284A8B910F"
"results\stage_3\current\cache\evidence_recovery\movement_n05_d2_g24.mat","7674304","DDA16021F3F0BF63C2588CEA778767E8C80E389CD12F8F0D9BCC37B818EF3D6A"
"results\stage_3\current\cache\evidence_recovery\movement_n05_d3_g16.mat","7628189","7C925FB48C9CE28A2F945F92FA910E30648BBCF7FA4337B5E406C85749BA2F88"
"results\stage_3\current\cache\evidence_recovery\movement_n06_d2_g24.mat","7679415","F86477B526A2D4989C92A899A2B353781C2A5653D84C488D2A2168F097FA3B13"
"results\stage_3\current\cache\evidence_recovery\movement_n06_d3_g16.mat","7625167","FB46D5EF64CDB5FD630C3996AE91C795B5A514C393EB0D45A08DA97E6260F099"
"results\stage_3\current\cache\evidence_recovery\movement_n07_d2_g24.mat","7682502","233291FB4578C0363E6CC31AFCE24C43AC2E96EB802DAC2B127349868D2FE40D"
"results\stage_3\current\cache\evidence_recovery\movement_n07_d3_g16.mat","7634322","6D595E57608E2763855C944DFF72A1172599380BE913CA2CA67C002222FCDA69"
"results\stage_3\current\cache\evidence_recovery\movement_n08_d2_g24.mat","7683913","D5406B1EDE91303E3BE666CB738C0FF5D520FB523027557642705CC98C81909D"
"results\stage_3\current\cache\evidence_recovery\movement_n08_d3_g16.mat","7642359","67F954B75E24B25D9D47BC30AE68E193D719AAB2AB104B54D801E3A7A9571125"
"results\stage_3\current\cache\evidence_recovery\movement_n09_d2_g24.mat","7685857","A7074B76962318B3D8A755400C0676EDB19BF824A3B9E7638AF05A706FB0F483"
"results\stage_3\current\cache\evidence_recovery\movement_n09_d3_g16.mat","7631913","41DF3C475D042EF8F4A92AECA38E1F8F05302A6A2681572DF1B8B8F676F22876"
"results\stage_3\current\cache\evidence_recovery\movement_n10_d2_g15.mat","7618638","4E5966FFE86B413EE5EDA897AF0B6ADBDF06979630F90C3471E0367BF8D819A0"
"results\stage_3\current\cache\evidence_recovery\movement_n10_d3_g24.mat","7681591","139871F516FEA17896932878053E8B94C946B1F9458393E5445C93F805E6EAD7"
"results\stage_3\current\cache\evidence_recovery\policy_n01_p2.mat","12645572","0BA500668516FB18AD03A62FEB63B8F65B325DBEED6BB505E09CDED9FE0A28D3"
"results\stage_3\current\cache\evidence_recovery\policy_n01_p3.mat","13000406","F7739321949EA158E305208C9FA6472857548DD8694F47F7E1082B77E2A99638"
"results\stage_3\current\cache\evidence_recovery\policy_n02_p2.mat","12634768","14E5475C5449023DE41FCD19DE57DD3658F3400FC3D083E2714F36B80FE3994F"
"results\stage_3\current\cache\evidence_recovery\policy_n02_p3.mat","12987357","43C96EE4C4470051014A42794EE03E45111B6265F2F66BA825445AEC2D9D89EA"
"results\stage_3\current\cache\evidence_recovery\policy_n03_p2.mat","12630806","EBA9739CFF5CB530CE28FFD220CC464469114D760750513A98453735C810F604"
"results\stage_3\current\cache\evidence_recovery\policy_n03_p3.mat","13025748","BA0BB1DB66EC5DBC2876FE9635693DAE4E131236841DE1B3C57A0957B54C0703"
"results\stage_3\current\cache\evidence_recovery\policy_n04_p2.mat","12647497","88569257EF05F8F4ED053D1F2F47C3F1DD00F7FD2302BC7C5352CBF439678B9D"
"results\stage_3\current\cache\evidence_recovery\policy_n04_p3.mat","13039932","05FAFAFDFCFAB4520FB93F0F4E0B8F76A6A82E5AB741F10FBD3B651C5C14FA00"
"results\stage_3\current\cache\evidence_recovery\policy_n05_p2.mat","12670500","3F6C21BA6B1749E73D31B3EAD563CD9B6168DB320B8EE6D9A4FEF32F1B5BA665"
"results\stage_3\current\cache\evidence_recovery\policy_n05_p3.mat","13045845","B0A003268FA978FA1ADA4C9167B106906C43417294E46AC787AEE02F134FCE35"
"results\stage_3\current\cache\evidence_recovery\policy_n06_p2.mat","12651084","9F6741BB35A38B164A3FACD570B754E4886E6F7E36346A9A9D959A84F52F5C10"
"results\stage_3\current\cache\evidence_recovery\policy_n06_p3.mat","13036305","3D318A53E2C8BBF96B1A715B78E535CD42301EC2CC2C03353CA946FECD1729A0"
"results\stage_3\current\cache\evidence_recovery\policy_n07_p2.mat","12650825","7A6DC59E064C9A7E394B4E1693A32780DBF4F9FC90A7407A230AD15E1EEFDD77"
"results\stage_3\current\cache\evidence_recovery\policy_n07_p3.mat","13035783","1A880CD5BD5367BA9E11CC994FB541E70116EF9C34DC7FCD78A659622B6850FC"
"results\stage_3\current\cache\evidence_recovery\policy_n08_p2.mat","12655809","695E295F89F2F510C87C2E8E04EDA75F26CBAFD67682439731574644D6A2CB7A"
"results\stage_3\current\cache\evidence_recovery\policy_n08_p3.mat","13047693","C86D19D1B44941AA35FA127B2EB5E2BBF24F02E3FF516872331ED9F4701B93E8"
"results\stage_3\current\cache\evidence_recovery\policy_n09_p2.mat","12632596","666092067891D0EF905ACCC61F89069D1F74DD7F40A4AE0D460DB9FB37A8776B"
"results\stage_3\current\cache\evidence_recovery\policy_n09_p3.mat","13009640","2FBCDF05308D3B11807BA2B6AD3484A9B4DAB51F369C3008553FFB2DDE79A9FB"
"results\stage_3\current\cache\evidence_recovery\policy_n10_p2.mat","12626859","6C37AC436235925BED8917470FED9B98539B3EFC6EFAB311A63487F6871ED82E"
"results\stage_3\current\cache\evidence_recovery\policy_n10_p3.mat","12988584","F5E76631B745B18D483B84D500A88723C047441A780D31DB9B2983AEEC79247F"
"results\stage_3\current\cache\evidence_recovery\sensitivity_1.mat","35143575","C8E681A2248F3A8365B025226E34E64430A1343A5D2EDEC837B9FB47DA232A20"
"results\stage_3\current\cache\evidence_recovery\sensitivity_2.mat","35144348","E3D3B2D94E81D22E58251BD4EFC59F2B2FC2752B7077CF9A84A8997EC867C609"
"results\stage_3\current\cache\evidence_recovery\sensitivity_3.mat","35204197","0458950BD9ECCF47D2B2D4835F4929D458945C2A7185E559F5FF1655463D5303"
"results\stage_3\current\cache\evidence_recovery\sensitivity_4.mat","35091685","BE0E4DD9FEC3216C00E021FFB481AE9BE545D9B42230D15B5F215B12A6F30397"
"results\stage_3\current\recovery_audit\policies.csv","7122","0A642E177F4F19E00238531733B91AFE7756ED7141EA849FA3E891D0DAAA0F8D"
"results\stage_3\current\recovery_audit\sampled_solutions.csv","3267","F72EE8EB9EB1242232F51B35E4AA1D6585D5B2A08FF8DA5FA28F634E55653BD4"
"results\stage_3\current\recovery_audit\sensitivities.csv","817","081651DEB1E5039A02BA582480D3B7C95D6B329D2531B2E3481E35290CC248FA"
"results\stage_3\current\recovery_audit\summary.json","10519","7FA2B3D8F4E774E2BD7E653F9DB652424964A252052F2C396CC268FFF1260CB4"
"src\published_generator\calibrate_source_faithful_generator.m","3793","802C2FDE188932A99D57076F72BB88AD20357C81702876991D6C63072127DD4F"
"src\published_generator\generate_source_faithful_recurrent.m","2567","1CEF5C3034C6A180F3061C5A5D7C4F9539D6D496B942AD17BEF5A624E1A307F7"
"src\published_generator\load_published_generator.m","3213","1C9D0C3A1F2891378DFE5618DBF58E862419C1DFC3BEDB27487F51BDCB0031F6"
"src\published_generator\optimize_source_target_torques.m","2807","93F10DABFC4D629C9BE3B994E53EFAB871448A757F8760340C02D5762E8FEE74"
"src\published_generator\published_movement_input.m","297","7E990BFC6CF5B88FD7B353E3061101E0DEE45607BD60B0F01E9CE35526E95B29"
"src\published_generator\simulate_published_arm.m","2028","353F3FDF3745FD668E223DA0A7DF5E92B4EAB94C2BECC0683772F85E12211E80"
"src\published_generator\simulate_published_cortex.m","1088","43CB2C0FB83BEC4461F39FA35665C2186D65F788DBC3D9A502D89C9154600967"
"src\published_generator\source_calibration_objective_adjoint.m","2552","4C5604CD94B274EE488AF554B0EDE4DFF4409A5F6E8085387866236C6044990B"
"src\published_generator\source_calibration_parameter_objective.m","597","7DEF1EC91C172C129CDE172728D626F4EFC7EB9179CB291284BF83EAD9548EBF"
"src\published_generator\source_calibration_unpack_vjp.m","1112","3792042D0F86A89D12259659B1B10BA7F37205A0FA9517A903AE2B73C7ED655C"
"src\published_generator\source_calibration_unpack.m","749","8CF97550CF7E571D183A803AA4AF4D20CCF46A3A01FDEDB193A30FD16556FED2"
"src\published_generator\source_target_hand_trajectories.m","2686","C539C3B547EC02307908A7B8B9FB2AF228E439D8A42AD6A6125DA05EA6D2DEDD"
"src\published_generator\source_target_torque_objective_adjoint.m","5152","E9A6870F706872CCB71FD3900B81603E298147E3990A978DE1D85A761C8299DC"
"src\published_generator\source_target_torque_objective.m","2281","7CC6EE4E776C0C48DD0BE10BFB81A18D8DD5EEC85F568BBF705BCC60725D9860"
"src\stage_2\stage2_controller.m","1313","5E0B4A67894934359F831CA4E8886AD5113F6953D476FBDE465740504D6176C1"
"src\stage_2\stage2_perturb.m","1360","D1829168C3E525016A9FB325B49AC50E28AEA7BCCEF4C1AE61E102C13DE7E35D"
"src\stage_2\stage2_prepare.m","1219","5D1360ADC7C9A4A28DF005107DA5E19B53BDA17AC254898063E6708FAEF28ADD"
"src\stage_3\stage3_prepare.m","2175","1854F13CB043CB710140EE059F62C9D7862990CEEDB072124452A4795FB600CD"
"workflows\README.md","1306","0BF08485D3634ABB2F25359DC9EE2B8397677869126582C8FF0C079FBB3B6616"
"workflows\diagnostics\stage_1\run_gate3a_stage1_validation.m","362","DC873F7A570AB867129F48D17ECBAB86E0138A7C984C45F8BC7C94D30B4CE4A4"
"workflows\stage_1\construction\run_stage_1_gate1_rejection_sampling.m","7765","7F0DB80C09BC428DCDFE7DD3B4A22F6B93E72DE87D8F9F26D26773DB1C03FB23"
"workflows\stage_1\construction\run_stage_1_gate1_target_validation.m","4126","D75A96062547BEFB8C567DC280AD59DA9592493C10AC34DDBE7893BA8BAD5C04"
