"relative_path","bytes","sha256"
".gitignore","1204","81ab273c25507ea21bda941a19c6785a9f830c14e0ec105cc62372bbb50530c3"
"AGENTS.md","6887","b4089c8ef87503a28a18e4dfff34c28338bfd9d20b55941df1aff37dd5a55d77"
"analysis\published_generator\analyze_published_generator.m","13189","f3550ea52efd16d409226d14a7d34e918b3afa898eeeb6c832f4083762603e17"
"analysis\published_generator\analyze_stage1_active_set_diagnostics.m","13658","edf59c577d0fca036462bc08e464e224536a3fa60807a0aa38596ed266602c35"
"analysis\published_generator\bootstrap_network_median.m","1070","402ef145a7d36c291c2d53452820fa85921f1aba686c0c6b9fe1390c7082bd70"
"analysis\published_generator\compare_native_matlab.m","1927","dd9848eb0f2a730086c8cb3f4b3901bf63c79e2e57205e27bfd96784e59fa2d8"
"analysis\published_generator\evaluate_stage1_gate1_candidate.m","6124","7ce99878c761ff2e893966c7fe3155d5e1f1cb0013b71fab98d5540329bd8952"
"analysis\published_generator\hash_tree.m","1061","8c5c4bf0060dee2b1a8fee7d1005aa754ddf02018cf262e39946ac77caefbbd1"
"analysis\published_generator\revalidate_stage1_accepted_ensemble.m","8313","1ed1cdee60d5869ac022e3ef1e5c2f6fcbb14046bf9343f4d4505e7381627d19"
"analysis\published_generator\run_stage1_smoke_tests.m","1513","49b9a32829e8460c8f7d903ce19312960ea9e298c9aee9059632bdd34ead0e46"
"analysis\published_generator\sha256_file.m","393","7098a1265df82d07f14a6eadc873846f0198ddd94aa117d18cc747f1b43792f6"
"analysis\published_generator\summarize_saved_potency_trials.m","1832","26d16049e984ce850cfd1dd3db5aa5bb070f086d94c3f7e0465183309ee0844a"
"analysis\published_generator\summarize_target_torque_benchmark.m","4488","d8c46aa787a7fe4ede0024f1d93bcbf0a4cabb6122b21037c6859d7e3d13c321"
"analysis\published_generator\verify_pinned_reference.m","1486","59aa2c0c7556eaae88758b42149c759e1844a4c2b10f06da8f0eb6127b1a7f2d"
"analysis\stage_2\analyze_stage2_geometry.m","7178","9ab7ede147c0ad1873008625cae6e12751e950636824456c8cffcb550a033e25"
"analysis\stage_2\analyze_stage2_kao_validation.m","7371","f425123304fc8809e7a1cb7a8eff9d0a6b017f5ac13fc4beaa2bf608bb0892cd"
"analysis\stage_2\analyze_stage2.m","8686","a1b627ebcf7499630dfa950820a75912959717768d0b08e74cb0c060c5c0d84e"
"analysis\stage_2\preflight_stage2_geometry.m","3824","bf785de4877d079cabf01199377fa76454dd284f2aba059e78bb3cd6e7031a6c"
"analysis\stage_2\run_stage2_sweep.m","4819","07fdbfb323df1f531d780a514b2aab2dd9f7a51e6eb1b551a0807d03bcb11ec9"
"analysis\stage_2\stage2_bh.m","216","d631f1d3c80453250d9a8716debb0aae043452831097b7e9b06418dcf9e2b9dc"
"analysis\stage_2\stage2_bootstrap.m","509","3fba0b8c4b300b91d85c6b1e8becee680522431bbbadd74133744ba2014037fa"
"analysis\stage_2\stage2_geometry_population.m","5374","ca44a2f0ae84b26e15fcc161f0a7b4b2469a0ba950bb7fe31db57069bc176ce4"
"analysis\stage_2\stage2_matrix.m","166","ac3ec853949d370b8c993e31ca4e2694a0826964393d9453652bcc48c15344bc"
"analysis\stage_2\stage2_null.m","655","2956093ccc3ba4c77c485fdf9bbd17ed929214a92737e8a80d7db170c0f56675"
"analysis\stage_2\stage2_population.m","2534","b2f2fbd6896d763b64d7acd4a80eed4983ee310842ddb40ca041d27423978171"
"analysis\stage_2\stage2_signflip.m","601","8cbb80a9391b9b0be36ad035cb1b6570f594a38f83d07ea3281a8f5a345b7999"
"analysis\stage_2\test_stage2.m","1450","589d1b20400795810a8fccda44a59af262000e598f387687d49a8b2ab08a3428"
"analysis\stage_2\validate_stage2_geometry.m","5632","47b8230cfbf0b456be239d1a7ba3d31ae8cb9192e9db35de5231a65679503abe"
"analysis\stage_2\validate_stage2_outputs.m","3853","f8cd300c747bfabfc8c5e306689603ef81c1edf5f5382f8165a460f116296423"
"analysis\stage_3\stage3_consequences.m","9280","65466eb96d841d77f87147bfb774eb04e848debf85e8a59eaa653c48985148ac"
"analysis\stage_3\stage3_geometry.m","738","b4ff4528a9b825229c9c9f08eec2b40944850224738d68c23e3afc4c2808e5d0"
"analysis\stage_3\stage3_reference.m","5850","10a08b5b9f3208ac32248f9cfda4bcc51f313aac3ed29918bc24c0a3d7b2170a"
"analysis\stage_3\stage3_registry_receipt.m","1148","8b90bc6e35d0100c0e8bad150c7802c9f8fc8423b4068f3d6ff052be01ab077a"
"analysis\stage_3\stage3_report.m","3515","39f07c8e84ccc96cbbc88f31ae664f4ceabc50b7fbef85ede960003c06e8d91e"
"analysis\stage_3\stage3_statistics.m","636","47985f45b20e1e5ff86d228b731ccabb4e243291148613cd86f0a543ac7fe3f5"
"analysis\stage_3\stage3_sweep.m","11461","a97b7d4f5138217fdca90664bfa834a8904f31db9fc05fab6e1419fb63ea56c2"
"analysis\stage_3\stage3_validate.m","10047","e2823df22b103bcb73728139ffe3db02c8c6a1047b6d29963ff7ebb43ab78bb1"
"analysis\stage_3\stage3_write_json.m","213","8174bbe1170ff1c86c24fd0c2e95ad9c764479ac5a194648fd75a51d5800254b"
"analysis\stage_3\test_stage3_derivation.m","3523","d0b1b9375a1d84015d5cde114d0fab2e977f78a520be41fb41aff302a568f301"
"artifacts\manifests\stage2_lambda_sweep\analysis_validation.log","2258","33b92c3d1acb29a9edca2936b0b7beaa230eec1b586c978938233828deb7d20d"
"artifacts\manifests\stage2_lambda_sweep\figure_final.log","365","dcb21615615a7e1691ed0f28a868dcdba03ef27b60fbdab0910538fceb7f0bde"
"artifacts\manifests\stage2_lambda_sweep\figure_review.log","365","dcb21615615a7e1691ed0f28a868dcdba03ef27b60fbdab0910538fceb7f0bde"
"artifacts\manifests\stage2_lambda_sweep\kao_figure_review.log","26","68fc097b7bd73b119c1abecfb1873162e8d265ed2fffb8f68392309cef8b1269"
"artifacts\manifests\stage2_lambda_sweep\KAO_FINAL_AUDIT.json","4625","7931d33b08074a5def85ac0a9fac4bd36dbe1c63cf879301ab72a31589b46df7"
"artifacts\manifests\stage2_lambda_sweep\KAO_NOTION_IMAGE_RECEIPT.json","759","3b28b48bffcb8318f24b92962fa733d7eb818a2406488e7606f96343c5a6d981"
"artifacts\manifests\stage2_lambda_sweep\KAO_VALIDATION_PLAN.md","4417","346eb75aae91691d81f3de1ef541b81d86111c74765a3a1a8d2612064521920d"
"artifacts\manifests\stage2_lambda_sweep\KAO_VALIDATION_REPORT.md","4767","38da03b9c3c286479c70a03af59e424ced19072d6d1efe8ae754689cfe45b93e"
"artifacts\manifests\stage2_lambda_sweep\kao_validation.log","3239","20519db1a9aab5d71f5cffdfe153e15585bdb237c073522e47c712fcc919ec15"
"artifacts\manifests\stage2_lambda_sweep\NOTION_IMAGE_RECEIPTS.json","1021","023b2bb702395bfc10274c1d488d639ba9755ff5080cc9d69c549d6a8e2dff10"
"artifacts\manifests\stage2_lambda_sweep\NOTION_PAGES.json","441","01ab0f38ee89483d594ce7c3a5a4f47ac052f7088a76345291c8504ca613027a"
"artifacts\manifests\stage2_lambda_sweep\PREREGISTRATION.md","11983","7447fb8aae0cb19871dde12d65f03ae1dec6a9680fde0ca9dd6a6319a4ab817b"
"artifacts\manifests\stage2_lambda_sweep\PRESENTATION_SUMMARY.md","3391","6940731a83b4503f815f5516f07bbfcd6d3fd5b6fcc8d1ced23fbc9973aedf30"
"artifacts\manifests\stage2_lambda_sweep\r2_analysis_validation.log","1406","4ef9fbc6d6cd5268e02254f795c18a3bce66caf75c88d1a96717c5afe2d9c2b7"
"artifacts\manifests\stage2_lambda_sweep\r2_cache_preflight.log","221","10306cd5422b46e2d22aac3e04ae7cc80171f4e9f7edf7843926a0839f4df351"
"artifacts\manifests\stage2_lambda_sweep\R2_CHECKPOINT_STOP.md","2070","f7ae86f8ab6d169cd0524c57a0fa2ca6cb41e87b77fbedbbe56611e884e9fafd"
"artifacts\manifests\stage2_lambda_sweep\R2_FILE_MANIFEST.json","5548","5483f5bb0fc54ef13364222bd9ae4204d3cefd23b9e2707f35b6b70fc4c29e74"
"artifacts\manifests\stage2_lambda_sweep\R2_NOTION_IMAGE_RECEIPTS.json","929","27cba94b9300d52705eeded21351db9f6b7645d768c6b4ab544413648abf4996"
"artifacts\manifests\stage2_lambda_sweep\R2_PLAN.md","3813","31f024331f90d5b2576c67b4a8742ca336abadd78841e22e3e700611c3ca7b79"
"artifacts\manifests\stage2_lambda_sweep\R2_REPORT.md","14029","d70df0c5d8e99cf81bfcb246af36ba9d35568de6b3fb597624af14698c090bec"
"artifacts\manifests\stage2_lambda_sweep\REPORT.md","10571","15c59f3b201f8cfa4d2319afee7f67fe0c294ee5b9b2ae71082ad6d4e9525c8b"
"artifacts\manifests\stage2_lambda_sweep\simulation_repair1.log","830","79b73ee2de9e15572d4fe5d6f97ec3da0cca942654675ffec5f4b89c3e53558e"
"artifacts\manifests\stage2_lambda_sweep\simulation.log","375","7d3497c33cebfd3c4841e17b032941a253aadd08e5d495a9a9a1bbb1ff1da0b5"
"artifacts\manifests\stage2_lambda_sweep\SOURCE_AUDIT.md","3898","063bb8dc24cbac075b633ea5a101b87cef22b982703cf3a9bc09bc53ee441bb2"
"artifacts\manifests\stage3_cortical_state_feasibility\DERIVATION.md","3073","4028b6a7b17f745668d726bc28b72005c37a35f4dfde3e766232c6ced4ddb694"
"artifacts\manifests\stage3_cortical_state_feasibility\MAP_COMPLETE.json","195","bf114c012e6dc9d4fcee1af867b7922ce4ebf04a276f79865bbec777c960e88d"
"artifacts\manifests\stage3_cortical_state_feasibility\NOTION_PAGES.json","589","f187b5ee2ef2e9b33f979a3e5992b4ef1d6eb6441e87df8ba0d9692e5d905e36"
"artifacts\manifests\stage3_cortical_state_feasibility\PLAN.md","11765","0d2ac95a6a11d208282242a868aec8b25e0326b26c48b7f071f503c0d379c76e"
"artifacts\manifests\stage3_cortical_state_feasibility\PREDECLARED_CONFIG.json","6332","6898ea05179c276746d09dba51395b91bda2c016eebeb458ff22281dddfe1463"
"artifacts\manifests\stage3_cortical_state_feasibility\PROTECTED_BEFORE.csv","30823","cca98d3dc691d991ea29634a2312bb27a5a1811071f454066a5fc1ba04929ff7"
"artifacts\manifests\stage3_cortical_state_feasibility\REFERENCE_FROZEN.json","10807","9b477be549f7b1822748ecc7c7165a28071ccae6525b0d845752d2994458f471"
"artifacts\manifests\stage3_cortical_state_feasibility\STOP_PRESERVATION.json","617","c9ac22e0b5163e1eb48d40264f1ed1bf3915e686157938b440e5f35f9a37a870"
"artifacts\manifests\stage3_cortical_state_feasibility\STOP_REPORT.md","9175","09682910beb638ace1918590e2a57da84faa0079c6956e29586689d33200fbe8"
"config\published_generator_config.m","2042","43d5033477e4e4396c96ad62265217d0ec825000f3f2ed923c0527636b16a56d"
"config\stage_1_gate1_config.m","2929","d227615aea378ef571143a49f9107892767823b3d5534da19415918b5b5265cf"
"config\stage_2_config.m","2276","99273abe2c69c61bfca40d9eb7edad9400d5cb8646f374c1a2aa72e03d849c5a"
"config\stage_2_geometry_config.m","1352","6a7b62619f6d6e8d5f642a72134176bac434c16239a61d44e7d6ddbb304b2c31"
"config\stage_3_config.m","3239","da2554c5a96553a859d890dd4066d33441be0bfe3bd82389d738428c17cb4be4"
"figures\apply_plot_style.m","456","ff0890f133af06f4ff987e7cd88d2fca3c1b46042a4770e81c22f11cdfd72dc1"
"figures\published_generator\create_stage1_active_set_figures.m","7492","ff24c03df2623f1b1e265808684440bd13e4cac28c3be6f35b77a579ae4a4445"
"figures\published_generator\create_stage1_figures.m","10810","9ed7abca6c6bd29821641ee2107cbc8eadaf467247d1c50d703c361cb9059695"
"figures\save_figure_bundle.m","549","eeb25792ff3d719a9c5bcd697bdb7e624778baffe57ba2374a62a820a96a46e3"
"figures\stage_2\create_stage2_figures.m","7848","06bfea65a308bf5eb427e2168a38fd376058fb913f04275fd70aef25106b7be4"
"figures\stage_2\create_stage2_geometry_figures.m","4002","2b0e69dc6c767d828a66fe5542c19ea022709dba9114c49d2483a4f712b0dd84"
"figures\stage_2\create_stage2_kao_figure.m","1265","398b3c52121f24f5aa05537f5c2335885b62d07e7db7c1c4c875ab2da80e0ea3"
"figures\stage_3\stage3_figures.m","11943","cc990019d06f71c09ecd894d5202423c59bcb63dc140c5ade26578f4c71350b4"
"MODEL_SPEC.md","12147","57b58bfec8fbe70e606e4a0315f055af86432e3c740e637c840cb0ce6a58bb9e"
"plots\stage_1\diagnostics\active_set_gate2\fig\stage1_representative_active_set_raster_and_rate_heatmap.fig","71245","32def06d98a2fced588723703b6e0e2054eef3be754c34e6ffc520691b4db76e"
"plots\stage_1\diagnostics\active_set_gate2\fig\stage1_switching_overlap_and_frozen_regime_test.fig","53552","4aa23273aea3b5cc7f860986b5c22eb4a9a204d7063afee6ae2789854c7c66e8"
"plots\stage_1\diagnostics\active_set_gate2\png\stage1_representative_active_set_raster_and_rate_heatmap.png","227448","bfee9d0c0030e423577250bcb400d26c52264f847fdc668693f0b2265c8aece1"
"plots\stage_1\diagnostics\active_set_gate2\png\stage1_switching_overlap_and_frozen_regime_test.png","159673","3fef4671f3b673400051c38b5585a88c766b2d0827f000390693852ba620aa94"
"plots\stage_1\fig\01_target_vs_generated_reaches.fig","161001","380d2b3b481d3502da4b9f63258720a9418f4c76713d23a0f9f906b632080ef4"
"plots\stage_1\fig\02_motor_output_profiles.fig","280273","e9362995a460868d615884ecf5b7c5f9337ed1230211a590b3220797fffdf437"
"plots\stage_1\fig\03_cortical_population_trajectories.fig","133858","34dfbba2033d866ba2819d1f0a116eb89d361c1233493bb8593ea3e0888597cc"
"plots\stage_1\fig\04_optimal_initial_state_geometry.fig","26750","e6b5ef5d9e8d5c3f69dd246527fe2ae88cd4786c336b832845d0e417e049fed3"
"plots\stage_1\fig\05_initial_state_to_movement_mapping.fig","13352","f99ef1bed55080ff708f2f2d7a8e80c086da53be2f59906afe54c55d78639404"
"plots\stage_1\fig\06_prospective_potency_spectrum.fig","16565","59152fac4ac0d898aaaaea44e0fcbecf95eb1289af70f4ecf3633982598bc429"
"plots\stage_1\fig\07_potent_vs_null_perturbations.fig","45057","79a0aaaaeb6efde9d91104c9be7c063359ba109e91595bb92a217e52388a8c99"
"plots\stage_1\fig\08_firing_and_stability.fig","31694","05b4488572b2959845fd341e278097a818b01788e16e119dddef07bea1b0a892"
"plots\stage_1\png\01_target_vs_generated_reaches.png","108169","9c32b58d1d70a557293f363805822bdb6a8b3345cad6e502ef98c96afb611ee4"
"plots\stage_1\png\02_motor_output_profiles.png","242119","32b9e2b146e40625c9328c0f2a62565c0bad4236ad2dfb3ac8988381910ea4de"
"plots\stage_1\png\03_cortical_population_trajectories.png","146768","5b62ba3f3c62e1b401d68e31cee2a3d00d160e885e8ab002a4b5ae812dfbc04d"
"plots\stage_1\png\04_optimal_initial_state_geometry.png","97382","4def1d7a359884baee88da894c23c9a6e8a9d44af90dd0340b906f09418bb937"
"plots\stage_1\png\05_initial_state_to_movement_mapping.png","129287","2ab9be790bfe6b1fbc482b49ba1a0aabe58119dd64f95e87d843b04e756e038b"
"plots\stage_1\png\06_prospective_potency_spectrum.png","115320","cd8231d02ca6c2a5993ee4b706e90d9343446e2e58bcb42356b9b8112363128b"
"plots\stage_1\png\07_potent_vs_null_perturbations.png","149930","8901c4b5b4852b5f3743a864f16d6c4df2a218144f69f7a1cf3f75a8e3747bc7"
"plots\stage_1\png\08_firing_and_stability.png","163957","95f8b3e3bb09ce8c048f122071b12abde5031d3c81a693a137ff3632354f9d97"
"plots\stage_2\fig\diagnostic_1_pr_lambda.fig","11308","89a3748d410ab97a5db2834aac8ee3921c6df40ee147bb1ea514e965095bea57"
"plots\stage_2\fig\diagnostic_2_alignment_lambda.fig","23648","0e66c206e9078c35aea268ab01dd12da6892543b24dc05ed852338b58c5bc4f8"
"plots\stage_2\fig\result_1_preparation_trajectories.fig","362739","b2d13482e16f0277a70dabdc22a01ca12693f4e72660f2b34e1695afc658663c"
"plots\stage_2\fig\result_2_controller_operation.fig","393944","da6cf6adf9aa163754deee6b59927c855f404a42de09fad0b59572ca9aef45e7"
"plots\stage_2\fig\result_3_prep_move_alignment.fig","9736","a70a46dd9f6da37ad6ac7ac7210c4bee7da15da0a27759d29785b6ee92c3b9ba"
"plots\stage_2\fig\result_4_kao_prep_move_alignment.fig","9879","8156b445a4fcf761aea3c890cf54ad3f58df63145aaf956d07cc230c54beafab"
"plots\stage_2\png\diagnostic_1_pr_lambda.png","100620","eeb7c44cd1cc77a55d5c974a5c689ebb6074817d01758d6084deec674b1bb3a8"
"plots\stage_2\png\diagnostic_2_alignment_lambda.png","197027","992d51977a6e902fe15c02af701f8b7410bcf0acd9f0f7e67b72052f1fd5fca6"
"plots\stage_2\png\result_1_preparation_trajectories.png","126070","111ac851a1e542b89f2e4898a0114443acf12aed27cdbeec1560bcc547208713"
"plots\stage_2\png\result_2_controller_operation.png","221000","2ef382053d5dc7d6eb55d4ab842c1da2e7e51df10858195815e62afcf271e5c8"
"plots\stage_2\png\result_3_prep_move_alignment.png","95555","65b419546ed2c78daf25ebf9b604486399dbd651851efa260f5f450874134a06"
"plots\stage_2\png\result_4_kao_prep_move_alignment.png","105764","21ef00254ce9e294a6ceb2d45d7c478ee27c19c0a0df506902358f3697918ab1"
"plots\stage_3\fig\result_1_preparation_and_movement.fig","262937","0a38d610024a1aca3eb9d92ef1cbf353cf3292018fbbaa1e32a9c3ecf204b263"
"plots\stage_3\fig\result_2_preparatory_geometry.fig","26056","dee35801571f9b60134d722e9a5e9de3ab94cbae72f358652ba2c973c310ca40"
"plots\stage_3\png\result_1_preparation_and_movement.png","182244","1cb03511ac68126c6d5ff4826c28d7752afc98711544e31a8f7196f093a13618"
"plots\stage_3\png\result_2_preparatory_geometry.png","194603","c40162fc1e8f8871d60bd2f501f48a632c8b3c426defa012372f60dc7b7be585"
"README.md","10596","e9317924c7a426a0307f1f8fb7a099bcb1ea7b523d0209ad1581e8e9cd653741"
"results\stage_1\audit_history\published_benchmark_replication_outputs\movement_metrics.csv","386","c4a4f9933ee9a80207018786faa26cead591d1efa71a5ae79ffbf817572cb756"
"results\stage_1\audit_history\published_benchmark_replication_outputs\native_vs_matlab_equivalence.csv","930","43d31755d680bf29c4adb3abe467235a0c50a58d2ddd766a8e2755d200dab70d"
"results\stage_1\audit_history\published_benchmark_replication_outputs\nonlinear_potency_trials.csv","13793","28fcb04e3ed7b667acb7eb5bd998987b05418791750621795f8f7066f93970c6"
"results\stage_1\audit_history\published_benchmark_replication_outputs\plot_inventory.csv","2167","dcf8b3bfcafd3bc5c09321eb5219daa66712d12bdc73822c058ef2399de548f8"
"results\stage_1\audit_history\published_benchmark_replication_outputs\potency_band_summary.csv","250","b716e35b009eee429c4f590b8526a34e4dde82ed4127f20d17216a1f28654e57"
"results\stage_1\audit_history\published_benchmark_replication_outputs\potency_dimension_thresholds.csv","62","a3e8294e49ae1c9eb00f2a8e44efa2e7e79abc07de79e43e6848c52ee72f0b36"
"results\stage_1\audit_history\published_benchmark_replication_outputs\potency_postrun_diagnostics.mat","1306","c0d318717f44fc190f5cc19b0c8838c0e1e833d92a89ba4efc165b85c0e4a3e9"
"results\stage_1\audit_history\published_benchmark_replication_outputs\stage1_artifact_manifest.csv","3197","dd8eed88238d2c5897af0508a5394549ee9ab71a1a45021dcb360c16aa7efcac"
"results\stage_1\audit_history\published_benchmark_replication_outputs\stage1_complete_results.mat","9037590","7b45b3adf4003fe229610a0d709c88a427d300b39258812122980dc3579c83db"
"results\stage_1\audit_history\published_benchmark_replication_outputs\stage1_summary.json","1233","ee6b0dfb1d87086c03d5abdabe12fb713710131784e85fda9e383011d0d7427d"
"results\stage_1\audit_history\rejection_sampling_run_20260831\accepted\network_01.mat","838950","37e19e98af8cdc801abec8ff2edb592f415f45ad403a749a7c28d33ddf27173c"
"results\stage_1\audit_history\rejection_sampling_run_20260831\accepted\network_02.mat","839427","d025e6903fddbd05caf000cb5f525439b0003c24459b926b9ac9e07412193cd8"
"results\stage_1\audit_history\rejection_sampling_run_20260831\accepted\network_03.mat","839912","a6b541a54db9ec17b9a8991b00fd59ebe451843c8696f86dcf3a96a1e8dbf12d"
"results\stage_1\audit_history\rejection_sampling_run_20260831\accepted\network_04.mat","839855","9b37402026fc776a7305fe3df565ed42714e36156f300fb19243b3197871f345"
"results\stage_1\audit_history\rejection_sampling_run_20260831\accepted\network_05.mat","838761","1a9afb5fd3c06f59ac273ba174c567ff4f8043e57cba4cb02df7225de3aff0ef"
"results\stage_1\audit_history\rejection_sampling_run_20260831\accepted\network_06.mat","839353","3ba6e04f80f3a66f2a12835b26326e817dba34032c793c0266e35ee817a8efee"
"results\stage_1\audit_history\rejection_sampling_run_20260831\accepted\network_07.mat","838837","6400da2b7a299512de8ef6745300a76f6ea306373ec27399180d7b45701065b6"
"results\stage_1\audit_history\rejection_sampling_run_20260831\accepted\network_08.mat","839153","d3f290099b6fea5078bfb313a9adcbbdf64c500f28e3356326b42bdd7d9c2e15"
"results\stage_1\audit_history\rejection_sampling_run_20260831\accepted\network_09.mat","838919","eca2587f8957b75c72354787035c816de17a2012e29adcaff88260f544f3ef39"
"results\stage_1\audit_history\rejection_sampling_run_20260831\accepted\network_10.mat","838985","2f8ebd9bcc64e2e4c117e1af9ba7de77e65236528b16be1a6a7918119b81f56f"
"results\stage_1\audit_history\rejection_sampling_run_20260831\attempts\attempt_001.mat","838950","37e19e98af8cdc801abec8ff2edb592f415f45ad403a749a7c28d33ddf27173c"
"results\stage_1\audit_history\rejection_sampling_run_20260831\attempts\attempt_002.mat","839427","63fb06c06db318f749a85cfae38f020f2a8012c01a9fb86768190bb0bfce3397"
"results\stage_1\audit_history\rejection_sampling_run_20260831\attempts\attempt_003.mat","839912","a6b541a54db9ec17b9a8991b00fd59ebe451843c8696f86dcf3a96a1e8dbf12d"
"results\stage_1\audit_history\rejection_sampling_run_20260831\attempts\attempt_004.mat","839855","9b37402026fc776a7305fe3df565ed42714e36156f300fb19243b3197871f345"
"results\stage_1\audit_history\rejection_sampling_run_20260831\attempts\attempt_005.mat","838761","1a9afb5fd3c06f59ac273ba174c567ff4f8043e57cba4cb02df7225de3aff0ef"
"results\stage_1\audit_history\rejection_sampling_run_20260831\attempts\attempt_006.mat","839353","3ba6e04f80f3a66f2a12835b26326e817dba34032c793c0266e35ee817a8efee"
"results\stage_1\audit_history\rejection_sampling_run_20260831\attempts\attempt_007.mat","838837","e7d15a586b64555216db010ea03cc0dc90d9780e1c9eeacb82dfab7b0da705c3"
"results\stage_1\audit_history\rejection_sampling_run_20260831\attempts\attempt_008.mat","839153","d3f290099b6fea5078bfb313a9adcbbdf64c500f28e3356326b42bdd7d9c2e15"
"results\stage_1\audit_history\rejection_sampling_run_20260831\attempts\attempt_009.mat","838919","eca2587f8957b75c72354787035c816de17a2012e29adcaff88260f544f3ef39"
"results\stage_1\audit_history\rejection_sampling_run_20260831\attempts\attempt_010.mat","838985","2f8ebd9bcc64e2e4c117e1af9ba7de77e65236528b16be1a6a7918119b81f56f"
"results\stage_1\audit_history\rejection_sampling_run_20260831\audit\accepted_ensemble_audit.csv","2736","8fc3404ccd4508f8206d5211d1542100a6cc15cc9409cff018ac1e1e9b381712"
"results\stage_1\audit_history\rejection_sampling_run_20260831\audit\accepted_ensemble_revalidation.csv","2736","8fc3404ccd4508f8206d5211d1542100a6cc15cc9409cff018ac1e1e9b381712"
"results\stage_1\audit_history\rejection_sampling_run_20260831\audit\accepted_ensemble_revalidation.json","280","23ac81b531b3b5263ce0d9ed43829301413deada80c4f6244c591b5c55abb836"
"results\stage_1\audit_history\rejection_sampling_run_20260831\audit\accepted_ensemble_target_audit.csv","14019","fb082e21984305709af1096291099d18193a771d0467bdc3bc8471e6e036d526"
"results\stage_1\audit_history\rejection_sampling_run_20260831\audit\accepted_ensemble_target_revalidation.csv","14019","fb082e21984305709af1096291099d18193a771d0467bdc3bc8471e6e036d526"
"results\stage_1\audit_history\rejection_sampling_run_20260831\audit\attempted_realization_audit.csv","2736","8fc3404ccd4508f8206d5211d1542100a6cc15cc9409cff018ac1e1e9b381712"
"results\stage_1\audit_history\rejection_sampling_run_20260831\audit\attempted_target_audit.csv","14019","fb082e21984305709af1096291099d18193a771d0467bdc3bc8471e6e036d526"
"results\stage_1\audit_history\rejection_sampling_run_20260831\audit\rejection_sampling_manifest.csv","4317","e0ff62865cc8606c6e3056be9f03c3e5e63c5afa09e37e52904238db392a7747"
"results\stage_1\audit_history\rejection_sampling_run_20260831\stage1_gate1_complete_results.mat","9627426","2e4f995c768b96925c5704b5d35bef8e4cfa8fa8b83fd5f84e4a7cfa6ba4fce2"
"results\stage_1\audit_history\rejection_sampling_run_20260831\stage1_gate1_summary.json","1313","e8a258db1ab8e0249a0618aa744fb9d25deba49f8d5f2f59d4b6ee102d73559c"
"results\stage_1\current\audit\accepted_ensemble_audit.csv","2736","8fc3404ccd4508f8206d5211d1542100a6cc15cc9409cff018ac1e1e9b381712"
"results\stage_1\current\audit\accepted_ensemble_revalidation.csv","2736","8fc3404ccd4508f8206d5211d1542100a6cc15cc9409cff018ac1e1e9b381712"
"results\stage_1\current\audit\accepted_ensemble_revalidation.json","280","23ac81b531b3b5263ce0d9ed43829301413deada80c4f6244c591b5c55abb836"
"results\stage_1\current\audit\accepted_ensemble_target_audit.csv","14019","fb082e21984305709af1096291099d18193a771d0467bdc3bc8471e6e036d526"
"results\stage_1\current\audit\accepted_ensemble_target_revalidation.csv","14019","fb082e21984305709af1096291099d18193a771d0467bdc3bc8471e6e036d526"
"results\stage_1\current\audit\stage1_active_code_manifest.csv","5096","f18439a683a2a1d84e9f7058633aeb789c672b1e1dc47c60d672d76b5007aa61"
"results\stage_1\current\audit\stage1_current_artifact_manifest.csv","6091","aebaebed2c7de8df6fddd96f5e35ff47f44c3cea1d549f959b2a8cfaa9901862"
"results\stage_1\current\audit\stage1_final_acceptance_report.json","1216","9fc6eadcf4cb90988078a0f839863d329644e332b4e9631a363095188bcafd49"
"results\stage_1\current\audit\stage1_manifest_verification.json","104","123709e935835d2f7e79da55de57eb4b76efd28a769d2909c50185fd71cd7af9"
"results\stage_1\current\ensemble\network_01.mat","838950","37e19e98af8cdc801abec8ff2edb592f415f45ad403a749a7c28d33ddf27173c"
"results\stage_1\current\ensemble\network_02.mat","839427","d025e6903fddbd05caf000cb5f525439b0003c24459b926b9ac9e07412193cd8"
"results\stage_1\current\ensemble\network_03.mat","839912","a6b541a54db9ec17b9a8991b00fd59ebe451843c8696f86dcf3a96a1e8dbf12d"
"results\stage_1\current\ensemble\network_04.mat","839855","9b37402026fc776a7305fe3df565ed42714e36156f300fb19243b3197871f345"
"results\stage_1\current\ensemble\network_05.mat","838761","1a9afb5fd3c06f59ac273ba174c567ff4f8043e57cba4cb02df7225de3aff0ef"
"results\stage_1\current\ensemble\network_06.mat","839353","3ba6e04f80f3a66f2a12835b26326e817dba34032c793c0266e35ee817a8efee"
"results\stage_1\current\ensemble\network_07.mat","838837","6400da2b7a299512de8ef6745300a76f6ea306373ec27399180d7b45701065b6"
"results\stage_1\current\ensemble\network_08.mat","839153","d3f290099b6fea5078bfb313a9adcbbdf64c500f28e3356326b42bdd7d9c2e15"
"results\stage_1\current\ensemble\network_09.mat","838919","eca2587f8957b75c72354787035c816de17a2012e29adcaff88260f544f3ef39"
"results\stage_1\current\ensemble\network_10.mat","838985","2f8ebd9bcc64e2e4c117e1af9ba7de77e65236528b16be1a6a7918119b81f56f"
"results\stage_1\current\plot_inventory.csv","2167","dcf8b3bfcafd3bc5c09321eb5219daa66712d12bdc73822c058ef2399de548f8"
"results\stage_1\current\stage1_gate1_complete_results.mat","9627426","2e4f995c768b96925c5704b5d35bef8e4cfa8fa8b83fd5f84e4a7cfa6ba4fce2"
"results\stage_1\current\stage1_gate1_summary.json","1313","e8a258db1ab8e0249a0618aa744fb9d25deba49f8d5f2f59d4b6ee102d73559c"
"results\stage_1\current\stage1_primary_analysis_summary.json","941","624ba5a0ae1bfd2cfc96cfd2c54c7e3228ff72465e186de43bfb1f1979197948"
"results\stage_1\current\stage1_primary_analysis.mat","9237204","a39ce2972ec9453c561c84ff24d72a54f70cb7bfc3e4552cc5548710a1125285"
"results\stage_1\current\targets\stage1_gate1_targets.mat","339102","503eb29a29d9bdf87916de244cc9ae009b292b8a34b87ab700b978260c332728"
"results\stage_1\current\targets\target_torque_audit_by_target.csv","3283","933ddae9847258e28d669f8edbb67ec867a410f337c660bd8c83ea688425d638"
"results\stage_1\current\targets\target_torque_validation_manifest.csv","549","ab1154b5e901c0ce1215c0c030c33e04c031076f69ea2a20bf3f93f6584fddaf"
"results\stage_1\current\targets\target_torque_validation_summary.json","764","58e69fbcb8613e424ce0da3a8033b33f831886d17b2bcfde51193cc336c34f13"
"results\stage_1\diagnostics\active_set_gate2\frozenRegimeCurve.csv","1003089","b4359b445eba1ef41136bcca15974443816161245f096a0c6561e1a2771276e4"
"results\stage_1\diagnostics\active_set_gate2\frozenRegimeCurveNetwork.csv","65856","fa9835a1bd3b5aa25012aca306780a16a49087995eaf4b6d67b4360163eaa300"
"results\stage_1\diagnostics\active_set_gate2\frozenRegimeNetwork.csv","667","0a2ddffa6c3a214ff7e5f456fedd2cede125e358f4fb46ba8a4655fd8b466e5a"
"results\stage_1\diagnostics\active_set_gate2\frozenRegimeTarget.csv","1671","817aa534f90b5dd6049bfe5c996d7d3caab4813e0e6d3c8e157eef2e98ae0eb5"
"results\stage_1\diagnostics\active_set_gate2\stage1_active_set_figure_refinement.mat","72596","0144f49a3eb4bfd0eab24cd6a7e52c104f589a839afe1f55f49ac7b782d0df5d"
"results\stage_1\diagnostics\active_set_gate2\stage1_active_set_saved.mat","518277","9077fc655c5c861284766cebabe48f7cbbe9fe7c15156e6d8d4a31187b3f23c9"
"results\stage_1\diagnostics\active_set_gate2\stage1_target_metrics.csv","1653","4f43fe9f2371fec094730aada5d09ec6c5eb33f84454aabe20a61509f6f92f81"
"results\stage_1\diagnostics\active_set_gate2\stage1ActiveCurve.csv","624149","1780a8bf85682edd6f19f6fcecfb22821797b2a225fac403eced721fb98d932e"
"results\stage_1\diagnostics\active_set_gate2\stage1ActiveCurveNetwork.csv","65847","12092a7f491657b9a8cf2b7c19e8b48516aa5a90d1f7d70b249c5e107a4e1eeb"
"results\stage_1\diagnostics\active_set_gate2\stage1Network.csv","694","06157ad78a2a6b73a959c934bd77da0c0c60de30434bbf600aba3daaccf6339c"
"results\stage_1\diagnostics\active_set_gate2\stage1Overlap.csv","4858","f0bef18ad941ab18efe083b17a6068611c2d8ae0c4b767d041875994d1d3160c"
"results\stage_2\current\analysis_audit.json","937","df310fcfa61f4ba8bb399c5624923a169817b48b83889c143854008d8581112a"
"results\stage_2\current\analysis.mat","1649000","fb31842a9249ac158c0196fe11fc05c5f80a3fa63510cc9274bf81bc9870c1c1"
"results\stage_2\current\cache_manifest.csv","934","c41cc18114ec81c1b595a49ac96cc653db1001edc8a88f225a9425dadca41c71"
"results\stage_2\current\cache\network_01.mat","115767375","62d979428f7c52b889da854ef4446cda48e2242516045f72bc073b56a476756b"
"results\stage_2\current\cache\network_02.mat","115081477","4d2eedcda36957731398360168fe422beb34fcd3786957ccf2ae1f8fbf64f725"
"results\stage_2\current\cache\network_03.mat","115147746","2ddec08464a44d17e2d906ec2faf6773ef006cbc538f3c7280a62bc1bdc1427e"
"results\stage_2\current\cache\network_04.mat","115215147","fce6a28bbe0444ab5fc2a7d225ca0783fffad1f98faf48879b2c4e9376df2d2f"
"results\stage_2\current\cache\network_05.mat","115012132","ca8e54b5168004998cffb92e661829249f4bf3adf1319f5a356707db9bf49ed7"
"results\stage_2\current\cache\network_06.mat","114985456","2b053e413a6f650885d6911d80eb8c8d3def745be304263bb259272cc9522d92"
"results\stage_2\current\cache\network_07.mat","115120766","188173ccce3d0e2d3f60da36383ae0c43adf15a66a4cf3b1b20481dd69fab670"
"results\stage_2\current\cache\network_08.mat","115126981","945f11af6388e236eb473c60be2a69489f4c624a2fc491085f05d9ebb41850e8"
"results\stage_2\current\cache\network_09.mat","115122544","03e12bea204ac3c3af0b55a2f8fbd9bdd831f436c8fdc5c487ecde24f37300f3"
"results\stage_2\current\cache\network_10.mat","115025774","41f080fe7bddee27641d1c8b366196a1acbc254d74cc1453aeafdc67935b999e"
"results\stage_2\current\code_figure_manifest.csv","3038","d6cb0521f535d3230a82c74599d5b1514b5be93e751492db86444546931656c6"
"results\stage_2\current\configuration.json","3567","c6d2df05413c6a0d12ced2fc6bd0fbdb5203dc2779b74daa6bc7c9aa59d0d41a"
"results\stage_2\current\final_validation.json","285","c670e9941e762f31d4ea11e6dc5c20b716258c1eedd6b1e4817c5b33a2a0e149"
"results\stage_2\current\kao_alignment_validation\analysis.mat","823224","f1acda976569bebf7169342ad33ca95f63dcbc2edc3a808e389e56a636a80f7e"
"results\stage_2\current\kao_alignment_validation\network_metrics.csv","1671","03ce5a68b9252df6f10770e4c14e50eab8c6db3276672ecf33cd1b5bf3485ac0"
"results\stage_2\current\kao_alignment_validation\summary.json","1487","02505a8b8301d557ce2d289c0483b741c92ee7c949ba557a174832315467105d"
"results\stage_2\current\kao_alignment_validation\validation.json","475","b1f6fb6ab7c6cbdbb155bd7c288a4fe87868363813e9490eaba71828f70a76a1"
"results\stage_2\current\network_metrics.csv","14653","0f6295823b682e0e74c5c92081bf42147463b829e5fe348cf0a0cc34e00dceec"
"results\stage_2\current\network_paired_metrics.csv","835","07bd9a65904fc7b5fd20f2aae403133e29977e8a30bf4d7ec176ed11a51c6900"
"results\stage_2\current\neural_geometry_r2\analysis.mat","844726","922f5ea01548fa3ed70fd0e43c564a5cdb2cac1d1d9b95606dc5fd1d66927034"
"results\stage_2\current\neural_geometry_r2\cache_preflight.json","189449","8fea4bc9fc8870388cb4fea09e4d61fe6e9d4f064284da21e1d6fddbecfe58a7"
"results\stage_2\current\neural_geometry_r2\configuration.json","4633","5bbddf19291935e58698ee37ebc180eedda898b78d43654113843f96d6f22517"
"results\stage_2\current\neural_geometry_r2\final_validation.json","898","7f4e6cd6ac66f43164ec1b331d96959e7a09cc3d59dd72f9c5cf8b53002aa6ce"
"results\stage_2\current\neural_geometry_r2\network_metrics.csv","9572","9f3d5333b10a17a12f303a5a53aa00a278293833ce23835de3e0d8e83702e545"
"results\stage_2\current\neural_geometry_r2\network_paired_metrics.csv","1302","2cdbaed1bb1389967580734a3d12dc01061ab2e3d21c52d15e2a3ac1dd4b7b47"
"results\stage_2\current\neural_geometry_r2\planned_tests.csv","1674","6d05c207fe9d3bc1c980b3a6a19ccdd0f58038848245bafb9298c0b157501838"
"results\stage_2\current\neural_geometry_r2\summary.json","7453","646ba91f9846647a2d47b9aca4087589808c899e3bb8de5ba956b751f504087c"
"results\stage_2\current\NEURAL_GEOMETRY_STATUS.md","1160","0e8a5a4fa4fe26d44db9104a4cbdc72ae5787b7998cfdb42d3d0445673faa19f"
"results\stage_2\current\perturbation_initial_checks.csv","216855","a2a34bb38413d0731dd5716f80990be34c843dcc25a472dd62e254e60b0a15fe"
"results\stage_2\current\planned_tests.csv","2551","c3aab59bb42537e1d7c40b7f2bdd95d32f419bfcf4e26d49f0cdb5c9ffcdcc44"
"results\stage_2\current\preflight_tests.json","243","a6cfd1634e32a0bcc944ea10d4ed8d7a23e75653a8fbf2277729d8edfd9152c8"
"results\stage_2\current\protected_after.csv","18587","7f7476eb3d9a7d7a3ee8a76170a7b3e0a21996d5443ac08c5e1b60289ba620e8"
"results\stage_2\current\protected_before.csv","18587","7f7476eb3d9a7d7a3ee8a76170a7b3e0a21996d5443ac08c5e1b60289ba620e8"
"results\stage_2\current\simulation_audit.json","435","76934a6562a43b73cb7fdf88aa8ef488bd29e893782e85d84720b8a31e4fd336"
"results\stage_2\current\summary.json","7617","848eeb20d0d383acbecaa2d933ffbc57ee51cc090fc3cae69c35fab08230a6fc"
"results\stage_3\current\additional_solution_movements.csv","8994","9438f084e81800835dc1e6d7adcd2a9f37e9326d535d005cc2079fef5969d438"
"results\stage_3\current\cache\grid_01.mat","42760997","e918b67bbf59159f7db2c63ee7ae3bacb7bc729aceb37ccdb59f0bbdcc804ffb"
"results\stage_3\current\cache\grid_02.mat","43744257","200c77835d53f32047b6cb0c126244d55a88fe1581856fde9c2dbf74c92ab463"
"results\stage_3\current\cache\grid_03.mat","39896148","e76ead9133f16af220ae8ce90e587d518f8f6b55e0d8d273f44bbafe0ba8e21e"
"results\stage_3\current\cache\grid_04.mat","44316341","a2c724938dd42b7f8f67bc24a8b26714b010cf38a86cc574e9e5b5473e5f8bad"
"results\stage_3\current\cache\grid_05.mat","43747662","05fefc476488d18252c84e92289a5961c86fd463f0c293b1d415fb8c4b740e7a"
"results\stage_3\current\cache\grid_06.mat","38341976","6e3ed36c892a253e3a7245589e74d46b00379e3967a523420ab683c400f0c345"
"results\stage_3\current\cache\grid_07.mat","45219125","447a820934be4bed3cc5493bbdda7b2022e58bf538112ff0199ff6e6f5eede9a"
"results\stage_3\current\cache\grid_08.mat","45709239","c67b4229ccfda243f880367daa93b862550bef57ab697e09428396909d9559a1"
"results\stage_3\current\cache\grid_09.mat","44729122","9356eef207f833cace0090b220cb114f30c8c0bb6980e63c9c9988894565f127"
"results\stage_3\current\cache\grid_10.mat","42346479","a22746c706c434161f27df76d83ef5db49a0c0780a88fcf511ef3a338b560d86"
"results\stage_3\current\cache\reference_01.mat","20673844","ee097ec9ba66fddb668496cb9b16f55b7c2a0cf64729fd115481c862251147e9"
"results\stage_3\current\cache\reference_02.mat","20648418","c7303a7ec2b90ec2e0f5cf1018c412a50c42e4589071357223e363a409dbe286"
"results\stage_3\current\cache\reference_03.mat","20679872","5ae2caf6d5da5cbff256fe731674e7fc5b2565a948c813779acbf02f6bb319b1"
"results\stage_3\current\cache\reference_04.mat","20692978","70a04e23133b58f03ba6d7a3d74cc1514051e81032630b229ea587acb53dcd8f"
"results\stage_3\current\cache\reference_05.mat","20674786","65d8ca31e355b3a76bc51a1f06b3abfdccaaa4e5619df814eeccf5dbb4c81da9"
"results\stage_3\current\cache\reference_06.mat","20667111","9cef70719a1032a4c14948ea9ba85543565035df44aa591e5f5cf93add4bc196"
"results\stage_3\current\cache\reference_07.mat","20679440","fc18c22dbf028bd0655732d2e1d3e856c44665865ecfc90c3e1b01be2dd548ed"
"results\stage_3\current\cache\reference_08.mat","20698403","82eed11d67b9edc20db8da11a41decdf1fd70cd75d1731fc58377e70dfe3ad9e"
"results\stage_3\current\cache\reference_09.mat","20656217","6ef6ec9c7c9b8eaaf4319afac955ac1c384a237c39255603bb506cb9a1c78b2b"
"results\stage_3\current\cache\reference_10.mat","20650828","5285af90ec903f2e4faa86e3d04e574cc4724ee5cec041ccf3d329456eccd50e"
"results\stage_3\current\consequences.mat","17048758","5fde803e602f1569b1a3173c6462cc5e86f9412f15ef1dbd0973435b77176606"
"results\stage_3\current\derivation_audit.mat","1393","fcf42182e169a55aead7fd61abb854ccc5d21cb7e43921b0e349abc96cd01afd"
"results\stage_3\current\feasibility_map.csv","541930","25187a150c978a5b63e072247e61ba6f11429bbc36c566acfbf6befbb10b2c9d"
"results\stage_3\current\reference_summary.csv","1553","4226b9bfdf06ace741e5fcad0e37d137838b9b2f1b761cd3090aa63aa45bb09f"
"results\stage_3\current\selected_solution_registry.json","10527646","2dc8514182c53f92019fe38f2aec9067c9d5f0e549b217d4bc90293955370352"
"results\stage_3\current\selected_solution_registry.mat","3268567","7c5fb20e9a2e5b0c8bc7a6a3d99b954e1f88ab54b7e20a6a9aab0317cf57c722"
"results\stage_3\current\statistics.json","1233","53be0ff95c3a2c446f3ef1c057c7eed6cf26736be77630764e9041da7620a5d6"
"run_all.m","879","f3f1f36f4aae19e9572ceba34b803fe59b44429a26d9a5b4f13bd6091a60c6ec"
"run_stage_1.m","412","49ecd0acb33e9d2097774855b7078794f62bc413daa5fa6d6b8a4d1fa4115a41"
"run_stage_2.m","1036","3a97171bb92dec05223fdacfe6d38517458510fb884cb17febcb1d6b85daeb39"
"run_stage_3.m","945","a844b6c28349d5f3eded991018bf51246d9457cf5727bcddf24684573fda8e75"
"src\published_generator\calibrate_source_faithful_generator.m","3793","802c2fde188932a99d57076f72bb88ad20357c81702876991d6c63072127dd4f"
"src\published_generator\generate_source_faithful_recurrent.m","2567","1cef5c3034c6a180f3061c5a5d7c4f9539d6d496b942ad17bef5a624e1a307f7"
"src\published_generator\load_published_generator.m","3213","1c9d0c3a1f2891378dfe5618dbf58e862419c1dfc3bedb27487f51bdcb0031f6"
"src\published_generator\optimize_source_target_torques.m","2807","93f10dabfc4d629c9be3b994e53efab871448a757f8760340c02d5762e8fee74"
"src\published_generator\published_movement_input.m","297","7e990bfc6cf5b88fd7b353e3061101e0dee45607bd60b0f01e9ce35526e95b29"
"src\published_generator\simulate_published_arm.m","2028","353f3fdf3745fd668e223da0a7df5e92b4eab94c2becc0683772f85e12211e80"
"src\published_generator\simulate_published_cortex.m","1088","43cb2c0fb83bec4461f39fa35665c2186d65f788dbc3d9a502d89c9154600967"
"src\published_generator\source_calibration_objective_adjoint.m","2552","4c5604cd94b274ee488af554b0ede4dff4409a5f6e8085387866236c6044990b"
"src\published_generator\source_calibration_parameter_objective.m","597","7def1ec91c172c129cde172728d626f4efc7eb9179cb291284bf83ead9548ebf"
"src\published_generator\source_calibration_unpack_vjp.m","1112","3792042d0f86a89d12259659b1b10ba7f37205a0fa9517a903ae2b73c7ed655c"
"src\published_generator\source_calibration_unpack.m","749","8cf97550cf7e571d183a803aa4af4d20ccf46a3a01fdedb193a30fd16556fed2"
"src\published_generator\source_target_hand_trajectories.m","2686","c539c3b547ec02307908a7b8b9fb2af228e439d8a42ad6a6125da05ea6d2dedd"
"src\published_generator\source_target_torque_objective_adjoint.m","5152","e9a6870f706872ccb71fd3900b81603e298147e3990a978de1d85a761c8299dc"
"src\published_generator\source_target_torque_objective.m","2281","7cc6ee4e776c0c48dd0be10bfb81a18d8dd5eec85f568bbf705bcc60725d9860"
"src\stage_2\stage2_controller.m","1313","5e0b4a67894934359f831ca4e8886ad5113f6953d476fbde465740504d6176c1"
"src\stage_2\stage2_perturb.m","1360","d1829168c3e525016a9fb325b49ac50e28aea7bccef4c1ae61e102c13de7e35d"
"src\stage_2\stage2_prepare.m","1219","5d1360adc7c9a4a28df005107da5e19b53bda17ac254898063e6708faef28add"
"src\stage_3\stage3_prepare.m","2175","1854f13cb043cb710140ee059f62c9d7862990ceedb072124452a4795fb600cd"
"workflows\stage_1\construction\run_stage_1_gate1_rejection_sampling.m","7765","7f0db80c09bc428dcdfe7dd3b4a22f6b93e72de87d8f9f26d26773db1c03fb23"
"workflows\stage_1\construction\run_stage_1_gate1_target_validation.m","4126","d75a96062547befb8c567dc280ad59da9592493c10ac34ddbe7893ba8bad5c04"
