"Path","GitAtStart","Bytes","BeforeSHA256","AfterSHA256","Status"
"analysis/published_generator/analyze_published_generator.m","TRACKED","13189","F3550EA52EFD16D409226D14A7D34E918B3AFA898EEEB6C832F4083762603E17","F3550EA52EFD16D409226D14A7D34E918B3AFA898EEEB6C832F4083762603E17","UNCHANGED_R1_VALIDATED"
"analysis/published_generator/compare_native_matlab.m","TRACKED","1927","DD9848EB0F2A730086C8CB3F4B3901BF63C79E2E57205E27BFD96784E59FA2D8","DD9848EB0F2A730086C8CB3F4B3901BF63C79E2E57205E27BFD96784E59FA2D8","UNCHANGED_R1_VALIDATED"
"analysis/published_generator/evaluate_stage1_gate1_candidate.m","TRACKED","6124","7CE99878C761FF2E893966C7FE3155D5E1F1CB0013B71FAB98D5540329BD8952","7CE99878C761FF2E893966C7FE3155D5E1F1CB0013B71FAB98D5540329BD8952","UNCHANGED_R1_VALIDATED"
"analysis/published_generator/hash_tree.m","TRACKED","1061","8C5C4BF0060DEE2B1A8FEE7D1005AA754DDF02018CF262E39946AC77CAEFBBD1","8C5C4BF0060DEE2B1A8FEE7D1005AA754DDF02018CF262E39946AC77CAEFBBD1","UNCHANGED_R1_VALIDATED"
"analysis/published_generator/run_stage1_smoke_tests.m","TRACKED","1513","49B9A32829E8460C8F7D903CE19312960EA9E298C9AEE9059632BDD34EAD0E46","49B9A32829E8460C8F7D903CE19312960EA9E298C9AEE9059632BDD34EAD0E46","UNCHANGED_R1_VALIDATED"
"analysis/published_generator/sha256_file.m","TRACKED","393","7098A1265DF82D07F14A6EADC873846F0198DDD94AA117D18CC747F1B43792F6","7098A1265DF82D07F14A6EADC873846F0198DDD94AA117D18CC747F1B43792F6","UNCHANGED_R1_VALIDATED"
"analysis/published_generator/summarize_saved_potency_trials.m","TRACKED","1832","26D16049E984CE850CFD1DD3DB5AA5BB070F086D94C3F7E0465183309EE0844A","26D16049E984CE850CFD1DD3DB5AA5BB070F086D94C3F7E0465183309EE0844A","UNCHANGED_R1_VALIDATED"
"analysis/published_generator/summarize_target_torque_benchmark.m","TRACKED","4488","D8C46AA787A7FE4EDE0024F1D93BCBF0A4CABB6122B21037C6859D7E3D13C321","D8C46AA787A7FE4EDE0024F1D93BCBF0A4CABB6122B21037C6859D7E3D13C321","UNCHANGED_R1_VALIDATED"
"analysis/published_generator/verify_pinned_reference.m","TRACKED","1486","59AA2C0C7556EAAE88758B42149C759E1844A4C2B10F06DA8F0EB6127B1A7F2D","59AA2C0C7556EAAE88758B42149C759E1844A4C2B10F06DA8F0EB6127B1A7F2D","UNCHANGED_R1_VALIDATED"
"config/published_generator_config.m","TRACKED","2042","43D5033477E4E4396C96AD62265217D0EC825000F3F2ED923C0527636B16A56D","43D5033477E4E4396C96AD62265217D0EC825000F3F2ED923C0527636B16A56D","UNCHANGED_R1_VALIDATED"
"config/require_kao_reference.m","TRACKED","698","A210729F45EE1B32AADAE4316A72AAB59FEC1646C0676E4992081023AD6F9832","A210729F45EE1B32AADAE4316A72AAB59FEC1646C0676E4992081023AD6F9832","UNCHANGED_R1_VALIDATED"
"figures/apply_plot_style.m","TRACKED","456","FF0890F133AF06F4FF987E7CD88D2FCA3C1B46042A4770E81C22F11CDFD72DC1","FF0890F133AF06F4FF987E7CD88D2FCA3C1B46042A4770E81C22F11CDFD72DC1","UNCHANGED_R1_VALIDATED"
"figures/published_generator/create_stage1_figures.m","TRACKED","10810","9ED7ABCA6C6BD29821641EE2107CBC8EADAF467247D1C50D703C361CB9059695","9ED7ABCA6C6BD29821641EE2107CBC8EADAF467247D1C50D703C361CB9059695","UNCHANGED_R1_VALIDATED"
"figures/save_figure_bundle.m","TRACKED","549","EEB25792FF3D719A9C5BCD697BDB7E624778BAFFE57BA2374A62A820A96A46E3","EEB25792FF3D719A9C5BCD697BDB7E624778BAFFE57BA2374A62A820A96A46E3","UNCHANGED_R1_VALIDATED"
"plots/stage_1/diagnostics/active_set_gate2/fig/stage1_representative_active_set_raster_and_rate_heatmap.fig","TRACKED","71245","32DEF06D98A2FCED588723703B6E0E2054EEF3BE754C34E6FFC520691B4DB76E","32DEF06D98A2FCED588723703B6E0E2054EEF3BE754C34E6FFC520691B4DB76E","UNCHANGED_R1_VALIDATED"
"plots/stage_1/diagnostics/active_set_gate2/fig/stage1_switching_overlap_and_frozen_regime_test.fig","TRACKED","53552","4AA23273AEA3B5CC7F860986B5C22EB4A9A204D7063AFEE6AE2789854C7C66E8","4AA23273AEA3B5CC7F860986B5C22EB4A9A204D7063AFEE6AE2789854C7C66E8","UNCHANGED_R1_VALIDATED"
"plots/stage_1/diagnostics/active_set_gate2/png/stage1_representative_active_set_raster_and_rate_heatmap.png","TRACKED","227448","BFEE9D0C0030E423577250BCB400D26C52264F847FDC668693F0B2265C8AECE1","BFEE9D0C0030E423577250BCB400D26C52264F847FDC668693F0B2265C8AECE1","UNCHANGED_R1_VALIDATED"
"plots/stage_1/diagnostics/active_set_gate2/png/stage1_switching_overlap_and_frozen_regime_test.png","TRACKED","159673","3FEF4671F3B673400051C38B5585A88C766B2D0827F000390693852BA620AA94","3FEF4671F3B673400051C38B5585A88C766B2D0827F000390693852BA620AA94","UNCHANGED_R1_VALIDATED"
"plots/stage_1/fig/01_target_vs_generated_reaches.fig","TRACKED","161001","380D2B3B481D3502DA4B9F63258720A9418F4C76713D23A0F9F906B632080EF4","380D2B3B481D3502DA4B9F63258720A9418F4C76713D23A0F9F906B632080EF4","UNCHANGED_R1_VALIDATED"
"plots/stage_1/fig/02_motor_output_profiles.fig","TRACKED","280273","E9362995A460868D615884ECF5B7C5F9337ED1230211A590B3220797FFFDF437","E9362995A460868D615884ECF5B7C5F9337ED1230211A590B3220797FFFDF437","UNCHANGED_R1_VALIDATED"
"plots/stage_1/fig/03_cortical_population_trajectories.fig","TRACKED","133858","34DFBBA2033D866BA2819D1F0A116EB89D361C1233493BB8593EA3E0888597CC","34DFBBA2033D866BA2819D1F0A116EB89D361C1233493BB8593EA3E0888597CC","UNCHANGED_R1_VALIDATED"
"plots/stage_1/fig/04_optimal_initial_state_geometry.fig","TRACKED","26750","E6B5EF5D9E8D5C3F69DD246527FE2AE88CD4786C336B832845D0E417E049FED3","E6B5EF5D9E8D5C3F69DD246527FE2AE88CD4786C336B832845D0E417E049FED3","UNCHANGED_R1_VALIDATED"
"plots/stage_1/fig/05_initial_state_to_movement_mapping.fig","TRACKED","13352","F99EF1BED55080FF708F2F2D7A8E80C086DA53BE2F59906AFE54C55D78639404","F99EF1BED55080FF708F2F2D7A8E80C086DA53BE2F59906AFE54C55D78639404","UNCHANGED_R1_VALIDATED"
"plots/stage_1/fig/06_prospective_potency_spectrum.fig","TRACKED","16565","59152FAC4AC0D898AAAAEA44E0FCBECF95EB1289AF70F4ECF3633982598BC429","59152FAC4AC0D898AAAAEA44E0FCBECF95EB1289AF70F4ECF3633982598BC429","UNCHANGED_R1_VALIDATED"
"plots/stage_1/fig/07_potent_vs_null_perturbations.fig","TRACKED","45057","79A0AAAAEB6EFDE9D91104C9BE7C063359BA109E91595BB92A217E52388A8C99","79A0AAAAEB6EFDE9D91104C9BE7C063359BA109E91595BB92A217E52388A8C99","UNCHANGED_R1_VALIDATED"
"plots/stage_1/fig/08_firing_and_stability.fig","TRACKED","31694","05B4488572B2959845FD341E278097A818B01788E16E119DDDEF07BEA1B0A892","05B4488572B2959845FD341E278097A818B01788E16E119DDDEF07BEA1B0A892","UNCHANGED_R1_VALIDATED"
"plots/stage_1/png/01_target_vs_generated_reaches.png","TRACKED","108169","9C32B58D1D70A557293F363805822BDB6A8B3345CAD6E502EF98C96AFB611EE4","9C32B58D1D70A557293F363805822BDB6A8B3345CAD6E502EF98C96AFB611EE4","UNCHANGED_R1_VALIDATED"
"plots/stage_1/png/02_motor_output_profiles.png","TRACKED","242119","32B9E2B146E40625C9328C0F2A62565C0BAD4236AD2DFB3AC8988381910EA4DE","32B9E2B146E40625C9328C0F2A62565C0BAD4236AD2DFB3AC8988381910EA4DE","UNCHANGED_R1_VALIDATED"
"plots/stage_1/png/03_cortical_population_trajectories.png","TRACKED","146768","5B62BA3F3C62E1B401D68E31CEE2A3D00D160E885E8AB002A4B5AE812DFBC04D","5B62BA3F3C62E1B401D68E31CEE2A3D00D160E885E8AB002A4B5AE812DFBC04D","UNCHANGED_R1_VALIDATED"
"plots/stage_1/png/04_optimal_initial_state_geometry.png","TRACKED","97382","4DEF1D7A359884BAEE88DA894C23C9A6E8A9D44AF90DD0340B906F09418BB937","4DEF1D7A359884BAEE88DA894C23C9A6E8A9D44AF90DD0340B906F09418BB937","UNCHANGED_R1_VALIDATED"
"plots/stage_1/png/05_initial_state_to_movement_mapping.png","TRACKED","129287","2AB9BE790BFE6B1FBC482B49BA1A0AABE58119DD64F95E87D843B04E756E038B","2AB9BE790BFE6B1FBC482B49BA1A0AABE58119DD64F95E87D843B04E756E038B","UNCHANGED_R1_VALIDATED"
"plots/stage_1/png/06_prospective_potency_spectrum.png","TRACKED","115320","CD8231D02CA6C2A5993EE4B706E90D9343446E2E58BCB42356B9B8112363128B","CD8231D02CA6C2A5993EE4B706E90D9343446E2E58BCB42356B9B8112363128B","UNCHANGED_R1_VALIDATED"
"plots/stage_1/png/07_potent_vs_null_perturbations.png","TRACKED","149930","8901C4B5B4852B5F3743A864F16D6C4DF2A218144F69F7A1CF3F75A8E3747BC7","8901C4B5B4852B5F3743A864F16D6C4DF2A218144F69F7A1CF3F75A8E3747BC7","UNCHANGED_R1_VALIDATED"
"plots/stage_1/png/08_firing_and_stability.png","TRACKED","163957","95F8B3E3BB09CE8C048F122071B12ABDE5031D3C81A693A137FF3632354F9D97","95F8B3E3BB09CE8C048F122071B12ABDE5031D3C81A693A137FF3632354F9D97","UNCHANGED_R1_VALIDATED"
"results/stage_1/audit_history/published_benchmark_replication_outputs/movement_metrics.csv","IGNORED","386","C4A4F9933EE9A80207018786FAA26CEAD591D1EFA71A5AE79FFBF817572CB756","C4A4F9933EE9A80207018786FAA26CEAD591D1EFA71A5AE79FFBF817572CB756","UNCHANGED_R1_VALIDATED"
"results/stage_1/audit_history/published_benchmark_replication_outputs/native_vs_matlab_equivalence.csv","IGNORED","930","43D31755D680BF29C4ADB3ABE467235A0C50A58D2DDD766A8E2755D200DAB70D","43D31755D680BF29C4ADB3ABE467235A0C50A58D2DDD766A8E2755D200DAB70D","UNCHANGED_R1_VALIDATED"
"results/stage_1/audit_history/published_benchmark_replication_outputs/nonlinear_potency_trials.csv","IGNORED","13793","28FCB04E3ED7B667ACB7EB5BD998987B05418791750621795F8F7066F93970C6","28FCB04E3ED7B667ACB7EB5BD998987B05418791750621795F8F7066F93970C6","UNCHANGED_R1_VALIDATED"
"results/stage_1/audit_history/published_benchmark_replication_outputs/plot_inventory.csv","IGNORED","2167","DCF8B3BFCAFD3BC5C09321EB5219DAA66712D12BDC73822C058EF2399DE548F8","DCF8B3BFCAFD3BC5C09321EB5219DAA66712D12BDC73822C058EF2399DE548F8","UNCHANGED_R1_VALIDATED"
"results/stage_1/audit_history/published_benchmark_replication_outputs/potency_band_summary.csv","IGNORED","250","B716E35B009EEE429C4F590B8526A34E4DDE82ED4127F20D17216A1F28654E57","B716E35B009EEE429C4F590B8526A34E4DDE82ED4127F20D17216A1F28654E57","UNCHANGED_R1_VALIDATED"
"results/stage_1/audit_history/published_benchmark_replication_outputs/potency_dimension_thresholds.csv","IGNORED","62","A3E8294E49AE1C9EB00F2A8E44EFA2E7E79ABC07DE79E43E6848C52EE72F0B36","A3E8294E49AE1C9EB00F2A8E44EFA2E7E79ABC07DE79E43E6848C52EE72F0B36","UNCHANGED_R1_VALIDATED"
"results/stage_1/audit_history/published_benchmark_replication_outputs/potency_postrun_diagnostics.mat","IGNORED","1306","C0D318717F44FC190F5CC19B0C8838C0E1E833D92A89BA4EFC165B85C0E4A3E9","C0D318717F44FC190F5CC19B0C8838C0E1E833D92A89BA4EFC165B85C0E4A3E9","UNCHANGED_R1_VALIDATED"
"results/stage_1/audit_history/published_benchmark_replication_outputs/stage1_artifact_manifest.csv","IGNORED","3197","DD8EED88238D2C5897AF0508A5394549EE9AB71A1A45021DCB360C16AA7EFCAC","DD8EED88238D2C5897AF0508A5394549EE9AB71A1A45021DCB360C16AA7EFCAC","UNCHANGED_R1_VALIDATED"
"results/stage_1/audit_history/published_benchmark_replication_outputs/stage1_complete_results.mat","IGNORED","9037590","7B45B3ADF4003FE229610A0D709C88A427D300B39258812122980DC3579C83DB","7B45B3ADF4003FE229610A0D709C88A427D300B39258812122980DC3579C83DB","UNCHANGED_R1_VALIDATED"
"results/stage_1/audit_history/published_benchmark_replication_outputs/stage1_summary.json","IGNORED","1233","EE6B0DFB1D87086C03D5ABDABE12FB713710131784E85FDA9E383011D0D7427D","EE6B0DFB1D87086C03D5ABDABE12FB713710131784E85FDA9E383011D0D7427D","UNCHANGED_R1_VALIDATED"
"results/stage_1/audit_history/rejection_sampling_run_20260831/accepted/network_01.mat","IGNORED","838950","37E19E98AF8CDC801ABEC8FF2EDB592F415F45AD403A749A7C28D33DDF27173C","37E19E98AF8CDC801ABEC8FF2EDB592F415F45AD403A749A7C28D33DDF27173C","UNCHANGED_R1_VALIDATED"
"results/stage_1/audit_history/rejection_sampling_run_20260831/accepted/network_02.mat","IGNORED","839427","D025E6903FDDBD05CAF000CB5F525439B0003C24459B926B9AC9E07412193CD8","D025E6903FDDBD05CAF000CB5F525439B0003C24459B926B9AC9E07412193CD8","UNCHANGED_R1_VALIDATED"
"results/stage_1/audit_history/rejection_sampling_run_20260831/accepted/network_03.mat","IGNORED","839912","A6B541A54DB9EC17B9A8991B00FD59EBE451843C8696F86DCF3A96A1E8DBF12D","A6B541A54DB9EC17B9A8991B00FD59EBE451843C8696F86DCF3A96A1E8DBF12D","UNCHANGED_R1_VALIDATED"
"results/stage_1/audit_history/rejection_sampling_run_20260831/accepted/network_04.mat","IGNORED","839855","9B37402026FC776A7305FE3DF565ED42714E36156F300FB19243B3197871F345","9B37402026FC776A7305FE3DF565ED42714E36156F300FB19243B3197871F345","UNCHANGED_R1_VALIDATED"
"results/stage_1/audit_history/rejection_sampling_run_20260831/accepted/network_05.mat","IGNORED","838761","1A9AFB5FD3C06F59AC273BA174C567FF4F8043E57CBA4CB02DF7225DE3AFF0EF","1A9AFB5FD3C06F59AC273BA174C567FF4F8043E57CBA4CB02DF7225DE3AFF0EF","UNCHANGED_R1_VALIDATED"
"results/stage_1/audit_history/rejection_sampling_run_20260831/accepted/network_06.mat","IGNORED","839353","3BA6E04F80F3A66F2A12835B26326E817DBA34032C793C0266E35EE817A8EFEE","3BA6E04F80F3A66F2A12835B26326E817DBA34032C793C0266E35EE817A8EFEE","UNCHANGED_R1_VALIDATED"
"results/stage_1/audit_history/rejection_sampling_run_20260831/accepted/network_07.mat","IGNORED","838837","6400DA2B7A299512DE8EF6745300A76F6EA306373EC27399180D7B45701065B6","6400DA2B7A299512DE8EF6745300A76F6EA306373EC27399180D7B45701065B6","UNCHANGED_R1_VALIDATED"
"results/stage_1/audit_history/rejection_sampling_run_20260831/accepted/network_08.mat","IGNORED","839153","D3F290099B6FEA5078BFB313A9ADCBBDF64C500F28E3356326B42BDD7D9C2E15","D3F290099B6FEA5078BFB313A9ADCBBDF64C500F28E3356326B42BDD7D9C2E15","UNCHANGED_R1_VALIDATED"
"results/stage_1/audit_history/rejection_sampling_run_20260831/accepted/network_09.mat","IGNORED","838919","ECA2587F8957B75C72354787035C816DE17A2012E29ADCAFF88260F544F3EF39","ECA2587F8957B75C72354787035C816DE17A2012E29ADCAFF88260F544F3EF39","UNCHANGED_R1_VALIDATED"
"results/stage_1/audit_history/rejection_sampling_run_20260831/accepted/network_10.mat","IGNORED","838985","2F8EBD9BCC64E2E4C117E1AF9BA7DE77E65236528B16BE1A6A7918119B81F56F","2F8EBD9BCC64E2E4C117E1AF9BA7DE77E65236528B16BE1A6A7918119B81F56F","UNCHANGED_R1_VALIDATED"
"results/stage_1/audit_history/rejection_sampling_run_20260831/attempts/attempt_001.mat","IGNORED","838950","37E19E98AF8CDC801ABEC8FF2EDB592F415F45AD403A749A7C28D33DDF27173C","37E19E98AF8CDC801ABEC8FF2EDB592F415F45AD403A749A7C28D33DDF27173C","UNCHANGED_R1_VALIDATED"
"results/stage_1/audit_history/rejection_sampling_run_20260831/attempts/attempt_002.mat","IGNORED","839427","63FB06C06DB318F749A85CFAE38F020F2A8012C01A9FB86768190BB0BFCE3397","63FB06C06DB318F749A85CFAE38F020F2A8012C01A9FB86768190BB0BFCE3397","UNCHANGED_R1_VALIDATED"
"results/stage_1/audit_history/rejection_sampling_run_20260831/attempts/attempt_003.mat","IGNORED","839912","A6B541A54DB9EC17B9A8991B00FD59EBE451843C8696F86DCF3A96A1E8DBF12D","A6B541A54DB9EC17B9A8991B00FD59EBE451843C8696F86DCF3A96A1E8DBF12D","UNCHANGED_R1_VALIDATED"
"results/stage_1/audit_history/rejection_sampling_run_20260831/attempts/attempt_004.mat","IGNORED","839855","9B37402026FC776A7305FE3DF565ED42714E36156F300FB19243B3197871F345","9B37402026FC776A7305FE3DF565ED42714E36156F300FB19243B3197871F345","UNCHANGED_R1_VALIDATED"
"results/stage_1/audit_history/rejection_sampling_run_20260831/attempts/attempt_005.mat","IGNORED","838761","1A9AFB5FD3C06F59AC273BA174C567FF4F8043E57CBA4CB02DF7225DE3AFF0EF","1A9AFB5FD3C06F59AC273BA174C567FF4F8043E57CBA4CB02DF7225DE3AFF0EF","UNCHANGED_R1_VALIDATED"
"results/stage_1/audit_history/rejection_sampling_run_20260831/attempts/attempt_006.mat","IGNORED","839353","3BA6E04F80F3A66F2A12835B26326E817DBA34032C793C0266E35EE817A8EFEE","3BA6E04F80F3A66F2A12835B26326E817DBA34032C793C0266E35EE817A8EFEE","UNCHANGED_R1_VALIDATED"
"results/stage_1/audit_history/rejection_sampling_run_20260831/attempts/attempt_007.mat","IGNORED","838837","E7D15A586B64555216DB010EA03CC0DC90D9780E1C9EEACB82DFAB7B0DA705C3","E7D15A586B64555216DB010EA03CC0DC90D9780E1C9EEACB82DFAB7B0DA705C3","UNCHANGED_R1_VALIDATED"
"results/stage_1/audit_history/rejection_sampling_run_20260831/attempts/attempt_008.mat","IGNORED","839153","D3F290099B6FEA5078BFB313A9ADCBBDF64C500F28E3356326B42BDD7D9C2E15","D3F290099B6FEA5078BFB313A9ADCBBDF64C500F28E3356326B42BDD7D9C2E15","UNCHANGED_R1_VALIDATED"
"results/stage_1/audit_history/rejection_sampling_run_20260831/attempts/attempt_009.mat","IGNORED","838919","ECA2587F8957B75C72354787035C816DE17A2012E29ADCAFF88260F544F3EF39","ECA2587F8957B75C72354787035C816DE17A2012E29ADCAFF88260F544F3EF39","UNCHANGED_R1_VALIDATED"
"results/stage_1/audit_history/rejection_sampling_run_20260831/attempts/attempt_010.mat","IGNORED","838985","2F8EBD9BCC64E2E4C117E1AF9BA7DE77E65236528B16BE1A6A7918119B81F56F","2F8EBD9BCC64E2E4C117E1AF9BA7DE77E65236528B16BE1A6A7918119B81F56F","UNCHANGED_R1_VALIDATED"
"results/stage_1/audit_history/rejection_sampling_run_20260831/audit/accepted_ensemble_audit.csv","IGNORED","2736","8FC3404CCD4508F8206D5211D1542100A6CC15CC9409CFF018AC1E1E9B381712","8FC3404CCD4508F8206D5211D1542100A6CC15CC9409CFF018AC1E1E9B381712","UNCHANGED_R1_VALIDATED"
"results/stage_1/audit_history/rejection_sampling_run_20260831/audit/accepted_ensemble_revalidation.csv","IGNORED","2736","8FC3404CCD4508F8206D5211D1542100A6CC15CC9409CFF018AC1E1E9B381712","8FC3404CCD4508F8206D5211D1542100A6CC15CC9409CFF018AC1E1E9B381712","UNCHANGED_R1_VALIDATED"
"results/stage_1/audit_history/rejection_sampling_run_20260831/audit/accepted_ensemble_revalidation.json","IGNORED","280","23AC81B531B3B5263CE0D9ED43829301413DEADA80C4F6244C591B5C55ABB836","23AC81B531B3B5263CE0D9ED43829301413DEADA80C4F6244C591B5C55ABB836","UNCHANGED_R1_VALIDATED"
"results/stage_1/audit_history/rejection_sampling_run_20260831/audit/accepted_ensemble_target_audit.csv","IGNORED","14019","FB082E21984305709AF1096291099D18193A771D0467BDC3BC8471E6E036D526","FB082E21984305709AF1096291099D18193A771D0467BDC3BC8471E6E036D526","UNCHANGED_R1_VALIDATED"
"results/stage_1/audit_history/rejection_sampling_run_20260831/audit/accepted_ensemble_target_revalidation.csv","IGNORED","14019","FB082E21984305709AF1096291099D18193A771D0467BDC3BC8471E6E036D526","FB082E21984305709AF1096291099D18193A771D0467BDC3BC8471E6E036D526","UNCHANGED_R1_VALIDATED"
"results/stage_1/audit_history/rejection_sampling_run_20260831/audit/attempted_realization_audit.csv","IGNORED","2736","8FC3404CCD4508F8206D5211D1542100A6CC15CC9409CFF018AC1E1E9B381712","8FC3404CCD4508F8206D5211D1542100A6CC15CC9409CFF018AC1E1E9B381712","UNCHANGED_R1_VALIDATED"
"results/stage_1/audit_history/rejection_sampling_run_20260831/audit/attempted_target_audit.csv","IGNORED","14019","FB082E21984305709AF1096291099D18193A771D0467BDC3BC8471E6E036D526","FB082E21984305709AF1096291099D18193A771D0467BDC3BC8471E6E036D526","UNCHANGED_R1_VALIDATED"
"results/stage_1/audit_history/rejection_sampling_run_20260831/audit/rejection_sampling_manifest.csv","IGNORED","4317","E0FF62865CC8606C6E3056BE9F03C3E5E63C5AFA09E37E52904238DB392A7747","E0FF62865CC8606C6E3056BE9F03C3E5E63C5AFA09E37E52904238DB392A7747","UNCHANGED_R1_VALIDATED"
"results/stage_1/audit_history/rejection_sampling_run_20260831/stage1_gate1_complete_results.mat","IGNORED","9627426","2E4F995C768B96925C5704B5D35BEF8E4CFA8FA8B83FD5F84E4A7CFA6BA4FCE2","2E4F995C768B96925C5704B5D35BEF8E4CFA8FA8B83FD5F84E4A7CFA6BA4FCE2","UNCHANGED_R1_VALIDATED"
"results/stage_1/audit_history/rejection_sampling_run_20260831/stage1_gate1_summary.json","IGNORED","1313","E8A258DB1AB8E0249A0618AA744FB9D25DEBA49F8D5F2F59D4B6EE102D73559C","E8A258DB1AB8E0249A0618AA744FB9D25DEBA49F8D5F2F59D4B6EE102D73559C","UNCHANGED_R1_VALIDATED"
"results/stage_1/current/audit/accepted_ensemble_audit.csv","IGNORED","2736","8FC3404CCD4508F8206D5211D1542100A6CC15CC9409CFF018AC1E1E9B381712","8FC3404CCD4508F8206D5211D1542100A6CC15CC9409CFF018AC1E1E9B381712","UNCHANGED_R1_VALIDATED"
"results/stage_1/current/audit/accepted_ensemble_revalidation.csv","IGNORED","2736","8FC3404CCD4508F8206D5211D1542100A6CC15CC9409CFF018AC1E1E9B381712","8FC3404CCD4508F8206D5211D1542100A6CC15CC9409CFF018AC1E1E9B381712","UNCHANGED_R1_VALIDATED"
"results/stage_1/current/audit/accepted_ensemble_revalidation.json","IGNORED","280","23AC81B531B3B5263CE0D9ED43829301413DEADA80C4F6244C591B5C55ABB836","23AC81B531B3B5263CE0D9ED43829301413DEADA80C4F6244C591B5C55ABB836","UNCHANGED_R1_VALIDATED"
"results/stage_1/current/audit/accepted_ensemble_target_audit.csv","IGNORED","14019","FB082E21984305709AF1096291099D18193A771D0467BDC3BC8471E6E036D526","FB082E21984305709AF1096291099D18193A771D0467BDC3BC8471E6E036D526","UNCHANGED_R1_VALIDATED"
"results/stage_1/current/audit/accepted_ensemble_target_revalidation.csv","IGNORED","14019","FB082E21984305709AF1096291099D18193A771D0467BDC3BC8471E6E036D526","FB082E21984305709AF1096291099D18193A771D0467BDC3BC8471E6E036D526","UNCHANGED_R1_VALIDATED"
"results/stage_1/current/audit/stage1_active_code_manifest.csv","IGNORED","5096","F18439A683A2A1D84E9F7058633AEB789C672B1E1DC47C60D672D76B5007AA61","F18439A683A2A1D84E9F7058633AEB789C672B1E1DC47C60D672D76B5007AA61","UNCHANGED_R1_VALIDATED"
"results/stage_1/current/audit/stage1_current_artifact_manifest.csv","IGNORED","6091","AEBAEBED2C7DE8DF6FDDD96F5E35FF47F44C3CEA1D549F959B2A8CFAA9901862","AEBAEBED2C7DE8DF6FDDD96F5E35FF47F44C3CEA1D549F959B2A8CFAA9901862","UNCHANGED_R1_VALIDATED"
"results/stage_1/current/audit/stage1_final_acceptance_report.json","IGNORED","1216","9FC6EADCF4CB90988078A0F839863D329644E332B4E9631A363095188BCAFD49","9FC6EADCF4CB90988078A0F839863D329644E332B4E9631A363095188BCAFD49","UNCHANGED_R1_VALIDATED"
"results/stage_1/current/audit/stage1_manifest_verification.json","IGNORED","104","123709E935835D2F7E79DA55DE57EB4B76EFD28A769D2909C50185FD71CD7AF9","123709E935835D2F7E79DA55DE57EB4B76EFD28A769D2909C50185FD71CD7AF9","UNCHANGED_R1_VALIDATED"
"results/stage_1/current/ensemble/network_01.mat","IGNORED","838950","37E19E98AF8CDC801ABEC8FF2EDB592F415F45AD403A749A7C28D33DDF27173C","37E19E98AF8CDC801ABEC8FF2EDB592F415F45AD403A749A7C28D33DDF27173C","UNCHANGED_R1_VALIDATED"
"results/stage_1/current/ensemble/network_02.mat","IGNORED","839427","D025E6903FDDBD05CAF000CB5F525439B0003C24459B926B9AC9E07412193CD8","D025E6903FDDBD05CAF000CB5F525439B0003C24459B926B9AC9E07412193CD8","UNCHANGED_R1_VALIDATED"
"results/stage_1/current/ensemble/network_03.mat","IGNORED","839912","A6B541A54DB9EC17B9A8991B00FD59EBE451843C8696F86DCF3A96A1E8DBF12D","A6B541A54DB9EC17B9A8991B00FD59EBE451843C8696F86DCF3A96A1E8DBF12D","UNCHANGED_R1_VALIDATED"
"results/stage_1/current/ensemble/network_04.mat","IGNORED","839855","9B37402026FC776A7305FE3DF565ED42714E36156F300FB19243B3197871F345","9B37402026FC776A7305FE3DF565ED42714E36156F300FB19243B3197871F345","UNCHANGED_R1_VALIDATED"
"results/stage_1/current/ensemble/network_05.mat","IGNORED","838761","1A9AFB5FD3C06F59AC273BA174C567FF4F8043E57CBA4CB02DF7225DE3AFF0EF","1A9AFB5FD3C06F59AC273BA174C567FF4F8043E57CBA4CB02DF7225DE3AFF0EF","UNCHANGED_R1_VALIDATED"
"results/stage_1/current/ensemble/network_06.mat","IGNORED","839353","3BA6E04F80F3A66F2A12835B26326E817DBA34032C793C0266E35EE817A8EFEE","3BA6E04F80F3A66F2A12835B26326E817DBA34032C793C0266E35EE817A8EFEE","UNCHANGED_R1_VALIDATED"
"results/stage_1/current/ensemble/network_07.mat","IGNORED","838837","6400DA2B7A299512DE8EF6745300A76F6EA306373EC27399180D7B45701065B6","6400DA2B7A299512DE8EF6745300A76F6EA306373EC27399180D7B45701065B6","UNCHANGED_R1_VALIDATED"
"results/stage_1/current/ensemble/network_08.mat","IGNORED","839153","D3F290099B6FEA5078BFB313A9ADCBBDF64C500F28E3356326B42BDD7D9C2E15","D3F290099B6FEA5078BFB313A9ADCBBDF64C500F28E3356326B42BDD7D9C2E15","UNCHANGED_R1_VALIDATED"
"results/stage_1/current/ensemble/network_09.mat","IGNORED","838919","ECA2587F8957B75C72354787035C816DE17A2012E29ADCAFF88260F544F3EF39","ECA2587F8957B75C72354787035C816DE17A2012E29ADCAFF88260F544F3EF39","UNCHANGED_R1_VALIDATED"
"results/stage_1/current/ensemble/network_10.mat","IGNORED","838985","2F8EBD9BCC64E2E4C117E1AF9BA7DE77E65236528B16BE1A6A7918119B81F56F","2F8EBD9BCC64E2E4C117E1AF9BA7DE77E65236528B16BE1A6A7918119B81F56F","UNCHANGED_R1_VALIDATED"
"results/stage_1/current/plot_inventory.csv","IGNORED","2167","DCF8B3BFCAFD3BC5C09321EB5219DAA66712D12BDC73822C058EF2399DE548F8","DCF8B3BFCAFD3BC5C09321EB5219DAA66712D12BDC73822C058EF2399DE548F8","UNCHANGED_R1_VALIDATED"
"results/stage_1/current/stage1_gate1_complete_results.mat","IGNORED","9627426","2E4F995C768B96925C5704B5D35BEF8E4CFA8FA8B83FD5F84E4A7CFA6BA4FCE2","2E4F995C768B96925C5704B5D35BEF8E4CFA8FA8B83FD5F84E4A7CFA6BA4FCE2","UNCHANGED_R1_VALIDATED"
"results/stage_1/current/stage1_gate1_summary.json","IGNORED","1313","E8A258DB1AB8E0249A0618AA744FB9D25DEBA49F8D5F2F59D4B6EE102D73559C","E8A258DB1AB8E0249A0618AA744FB9D25DEBA49F8D5F2F59D4B6EE102D73559C","UNCHANGED_R1_VALIDATED"
"results/stage_1/current/stage1_primary_analysis_summary.json","IGNORED","941","624BA5A0AE1BFD2CFC96CFD2C54C7E3228FF72465E186DE43BFB1F1979197948","624BA5A0AE1BFD2CFC96CFD2C54C7E3228FF72465E186DE43BFB1F1979197948","UNCHANGED_R1_VALIDATED"
"results/stage_1/current/stage1_primary_analysis.mat","IGNORED","9237204","A39CE2972EC9453C561C84FF24D72A54F70CB7BFC3E4552CC5548710A1125285","A39CE2972EC9453C561C84FF24D72A54F70CB7BFC3E4552CC5548710A1125285","UNCHANGED_R1_VALIDATED"
"results/stage_1/current/targets/stage1_gate1_targets.mat","IGNORED","339102","503EB29A29D9BDF87916DE244CC9AE009B292B8A34B87AB700B978260C332728","503EB29A29D9BDF87916DE244CC9AE009B292B8A34B87AB700B978260C332728","UNCHANGED_R1_VALIDATED"
"results/stage_1/current/targets/target_torque_audit_by_target.csv","IGNORED","3283","933DDAE9847258E28D669F8EDBB67EC867A410F337C660BD8C83EA688425D638","933DDAE9847258E28D669F8EDBB67EC867A410F337C660BD8C83EA688425D638","UNCHANGED_R1_VALIDATED"
"results/stage_1/current/targets/target_torque_validation_manifest.csv","IGNORED","549","AB1154B5E901C0CE1215C0C030C33E04C031076F69EA2A20BF3F93F6584FDDAF","AB1154B5E901C0CE1215C0C030C33E04C031076F69EA2A20BF3F93F6584FDDAF","UNCHANGED_R1_VALIDATED"
"results/stage_1/current/targets/target_torque_validation_summary.json","IGNORED","764","58E69FBCB8613E424CE0DA3A8033B33F831886D17B2BCFDE51193CC336C34F13","58E69FBCB8613E424CE0DA3A8033B33F831886D17B2BCFDE51193CC336C34F13","UNCHANGED_R1_VALIDATED"
"results/stage_1/diagnostics/active_set_gate2/frozenRegimeCurve.csv","IGNORED","1003089","B4359B445EBA1EF41136BCCA15974443816161245F096A0C6561E1A2771276E4","B4359B445EBA1EF41136BCCA15974443816161245F096A0C6561E1A2771276E4","UNCHANGED_R1_VALIDATED"
"results/stage_1/diagnostics/active_set_gate2/frozenRegimeCurveNetwork.csv","IGNORED","65856","FA9835A1BD3B5AA25012ACA306780A16A49087995EAF4B6D67B4360163EAA300","FA9835A1BD3B5AA25012ACA306780A16A49087995EAF4B6D67B4360163EAA300","UNCHANGED_R1_VALIDATED"
"results/stage_1/diagnostics/active_set_gate2/frozenRegimeNetwork.csv","IGNORED","667","0A2DDFFA6C3A214FF7E5F456FEDD2CEDE125E358F4FB46BA8A4655FD8B466E5A","0A2DDFFA6C3A214FF7E5F456FEDD2CEDE125E358F4FB46BA8A4655FD8B466E5A","UNCHANGED_R1_VALIDATED"
"results/stage_1/diagnostics/active_set_gate2/frozenRegimeTarget.csv","IGNORED","1671","817AA534F90B5DD6049BFE5C996D7D3CAAB4813E0E6D3C8E157EEF2E98AE0EB5","817AA534F90B5DD6049BFE5C996D7D3CAAB4813E0E6D3C8E157EEF2E98AE0EB5","UNCHANGED_R1_VALIDATED"
"results/stage_1/diagnostics/active_set_gate2/stage1_target_metrics.csv","IGNORED","1653","4F43FE9F2371FEC094730AADA5D09EC6C5EB33F84454AABE20A61509F6F92F81","4F43FE9F2371FEC094730AADA5D09EC6C5EB33F84454AABE20A61509F6F92F81","UNCHANGED_R1_VALIDATED"
"results/stage_1/diagnostics/active_set_gate2/stage1ActiveCurve.csv","IGNORED","624149","1780A8BF85682EDD6F19F6FCECFB22821797B2A225FAC403ECED721FB98D932E","1780A8BF85682EDD6F19F6FCECFB22821797B2A225FAC403ECED721FB98D932E","UNCHANGED_R1_VALIDATED"
"results/stage_1/diagnostics/active_set_gate2/stage1ActiveCurveNetwork.csv","IGNORED","65847","12092A7F491657B9A8CF2B7C19E8B48516AA5A90D1F7D70B249C5E107A4E1EEB","12092A7F491657B9A8CF2B7C19E8B48516AA5A90D1F7D70B249C5E107A4E1EEB","UNCHANGED_R1_VALIDATED"
"results/stage_1/diagnostics/active_set_gate2/stage1Network.csv","IGNORED","694","06157AD78A2A6B73A959C934BD77DA0C0C60DE30434BBF600ABA3DAACCF6339C","06157AD78A2A6B73A959C934BD77DA0C0C60DE30434BBF600ABA3DAACCF6339C","UNCHANGED_R1_VALIDATED"
"results/stage_1/diagnostics/active_set_gate2/stage1Overlap.csv","IGNORED","4858","F0BEF18AD941AB18EFE083B17A6068611C2D8AE0C4B767D041875994D1D3160C","F0BEF18AD941AB18EFE083B17A6068611C2D8AE0C4B767D041875994D1D3160C","UNCHANGED_R1_VALIDATED"
"src/published_generator/calibrate_source_faithful_generator.m","TRACKED","3793","802C2FDE188932A99D57076F72BB88AD20357C81702876991D6C63072127DD4F","802C2FDE188932A99D57076F72BB88AD20357C81702876991D6C63072127DD4F","UNCHANGED_R1_VALIDATED"
"src/published_generator/generate_source_faithful_recurrent.m","TRACKED","2567","1CEF5C3034C6A180F3061C5A5D7C4F9539D6D496B942AD17BEF5A624E1A307F7","1CEF5C3034C6A180F3061C5A5D7C4F9539D6D496B942AD17BEF5A624E1A307F7","UNCHANGED_R1_VALIDATED"
"src/published_generator/load_published_generator.m","TRACKED","3213","1C9D0C3A1F2891378DFE5618DBF58E862419C1DFC3BEDB27487F51BDCB0031F6","1C9D0C3A1F2891378DFE5618DBF58E862419C1DFC3BEDB27487F51BDCB0031F6","UNCHANGED_R1_VALIDATED"
"src/published_generator/optimize_source_target_torques.m","TRACKED","2807","93F10DABFC4D629C9BE3B994E53EFAB871448A757F8760340C02D5762E8FEE74","93F10DABFC4D629C9BE3B994E53EFAB871448A757F8760340C02D5762E8FEE74","UNCHANGED_R1_VALIDATED"
"src/published_generator/published_movement_input.m","TRACKED","297","7E990BFC6CF5B88FD7B353E3061101E0DEE45607BD60B0F01E9CE35526E95B29","7E990BFC6CF5B88FD7B353E3061101E0DEE45607BD60B0F01E9CE35526E95B29","UNCHANGED_R1_VALIDATED"
"src/published_generator/simulate_published_arm.m","TRACKED","2028","353F3FDF3745FD668E223DA0A7DF5E92B4EAB94C2BECC0683772F85E12211E80","353F3FDF3745FD668E223DA0A7DF5E92B4EAB94C2BECC0683772F85E12211E80","UNCHANGED_R1_VALIDATED"
"src/published_generator/simulate_published_cortex.m","TRACKED","1088","43CB2C0FB83BEC4461F39FA35665C2186D65F788DBC3D9A502D89C9154600967","43CB2C0FB83BEC4461F39FA35665C2186D65F788DBC3D9A502D89C9154600967","UNCHANGED_R1_VALIDATED"
"src/published_generator/source_calibration_objective_adjoint.m","TRACKED","2552","4C5604CD94B274EE488AF554B0EDE4DFF4409A5F6E8085387866236C6044990B","4C5604CD94B274EE488AF554B0EDE4DFF4409A5F6E8085387866236C6044990B","UNCHANGED_R1_VALIDATED"
"src/published_generator/source_calibration_parameter_objective.m","TRACKED","597","7DEF1EC91C172C129CDE172728D626F4EFC7EB9179CB291284BF83EAD9548EBF","7DEF1EC91C172C129CDE172728D626F4EFC7EB9179CB291284BF83EAD9548EBF","UNCHANGED_R1_VALIDATED"
"src/published_generator/source_calibration_unpack_vjp.m","TRACKED","1112","3792042D0F86A89D12259659B1B10BA7F37205A0FA9517A903AE2B73C7ED655C","3792042D0F86A89D12259659B1B10BA7F37205A0FA9517A903AE2B73C7ED655C","UNCHANGED_R1_VALIDATED"
"src/published_generator/source_calibration_unpack.m","TRACKED","749","8CF97550CF7E571D183A803AA4AF4D20CCF46A3A01FDEDB193A30FD16556FED2","8CF97550CF7E571D183A803AA4AF4D20CCF46A3A01FDEDB193A30FD16556FED2","UNCHANGED_R1_VALIDATED"
"src/published_generator/source_target_hand_trajectories.m","TRACKED","2686","C539C3B547EC02307908A7B8B9FB2AF228E439D8A42AD6A6125DA05EA6D2DEDD","C539C3B547EC02307908A7B8B9FB2AF228E439D8A42AD6A6125DA05EA6D2DEDD","UNCHANGED_R1_VALIDATED"
"src/published_generator/source_target_torque_objective_adjoint.m","TRACKED","5152","E9A6870F706872CCB71FD3900B81603E298147E3990A978DE1D85A761C8299DC","E9A6870F706872CCB71FD3900B81603E298147E3990A978DE1D85A761C8299DC","UNCHANGED_R1_VALIDATED"
"src/published_generator/source_target_torque_objective.m","TRACKED","2281","7CC6EE4E776C0C48DD0BE10BFB81A18D8DD5EEC85F568BBF705BCC60725D9860","7CC6EE4E776C0C48DD0BE10BFB81A18D8DD5EEC85F568BBF705BCC60725D9860","UNCHANGED_R1_VALIDATED"
"THIRD_PARTY_PROVENANCE.md","TRACKED","2754","8C8FDEC9A95CE0586163244FA4328003A743856ECC00A06B071A5F8B8D6BA7DC","8C8FDEC9A95CE0586163244FA4328003A743856ECC00A06B071A5F8B8D6BA7DC","UNCHANGED_R1_VALIDATED"
"third_party/kao_optimal_preparation/LICENSE_STATUS.md","TRACKED","743","DE60B0171D9E0A7E37C1A080E987522340E36F23A11F7AF99D4AD8E75943F18B","DE60B0171D9E0A7E37C1A080E987522340E36F23A11F7AF99D4AD8E75943F18B","UNCHANGED_R1_VALIDATED"
"third_party/kao_optimal_preparation/local_cache/kao_optimal_preparation_exporter/dune","IGNORED","80","6C0346FC7A3966763BCE3F6A68F0B38D0F6C6B38C5D257425BB11C99B21B5907","6C0346FC7A3966763BCE3F6A68F0B38D0F6C6B38C5D257425BB11C99B21B5907","UNCHANGED_R1_VALIDATED"
"third_party/kao_optimal_preparation/local_cache/kao_optimal_preparation_exporter/export_stage1.ml","IGNORED","9348","E4F115D21BABA002138A2F262C508570623FC111141945640442821778630A73","E4F115D21BABA002138A2F262C508570623FC111141945640442821778630A73","UNCHANGED_R1_VALIDATED"
"third_party/kao_optimal_preparation/local_cache/kao_optimal_preparation_exporter/package_native_reference.py","IGNORED","8947","C53358F4DA45E76BA51BECB3C72F8E60D56B028B3C184EA056E71098A78BC5D9","C53358F4DA45E76BA51BECB3C72F8E60D56B028B3C184EA056E71098A78BC5D9","UNCHANGED_R1_VALIDATED"
"third_party/kao_optimal_preparation/local_cache/kao_optimal_preparation_exporter/validate_native_export.py","IGNORED","5894","F39201DB32F344EA740F3414B870B0A538D098287AA4D358F5A56E30E58560B5","F39201DB32F344EA740F3414B870B0A538D098287AA4D358F5A56E30E58560B5","UNCHANGED_R1_VALIDATED"
"third_party/kao_optimal_preparation/local_cache/kao_optimal_preparation_materials/Kao_Sadabadi_Hennequin_2021_Neuron.pdf","IGNORED","5708015","C08C3187617265ECF3FD9584FF5861DB2154C1B7D69656DA1175AE0E28AF9AF2","C08C3187617265ECF3FD9584FF5861DB2154C1B7D69656DA1175AE0E28AF9AF2","UNCHANGED_R1_VALIDATED"
"third_party/kao_optimal_preparation/local_cache/kao_optimal_preparation/.gitignore","IGNORED","279","8C0A7C656C1B90572E5B5EA87D57E6C5129D63B7DE7AB68828C0666115D3C317","8C0A7C656C1B90572E5B5EA87D57E6C5129D63B7DE7AB68828C0666115D3C317","UNCHANGED_R1_VALIDATED"
"third_party/kao_optimal_preparation/local_cache/kao_optimal_preparation/.ocamlformat","IGNORED","48","F02AC279BCF4FFBFD1666EF2CE043E0CD3875FF3828F3DB3F55B6458A909FA00","F02AC279BCF4FFBFD1666EF2CE043E0CD3875FF3828F3DB3F55B6458A909FA00","UNCHANGED_R1_VALIDATED"
"third_party/kao_optimal_preparation/local_cache/kao_optimal_preparation/construct/dune","IGNORED","172","5F586ED1506A527050C71AD28E0B83240A4AA4506BD442131608CDC33ACABBE1","5F586ED1506A527050C71AD28E0B83240A4AA4506BD442131608CDC33ACABBE1","UNCHANGED_R1_VALIDATED"
"third_party/kao_optimal_preparation/local_cache/kao_optimal_preparation/construct/dynamic_setup.ml","IGNORED","7668","9655E2BA538BAEE2A9DCBDBDF61DCEE59DDEE53692982866A798E91815BA7BAA","9655E2BA538BAEE2A9DCBDBDF61DCEE59DDEE53692982866A798E91815BA7BAA","UNCHANGED_R1_VALIDATED"
"third_party/kao_optimal_preparation/local_cache/kao_optimal_preparation/construct/dynamic.ml","IGNORED","1939","76A2ACBE625F34C9405D27A0693DCF936FB3D28893A8351E1D115D0051A557AD","76A2ACBE625F34C9405D27A0693DCF936FB3D28893A8351E1D115D0051A557AD","UNCHANGED_R1_VALIDATED"
"third_party/kao_optimal_preparation/local_cache/kao_optimal_preparation/construct/naive.ml","IGNORED","569","D9A119E68319A053C994BC967D96458E6483A8AFB5DA82E66037E28409537BAE","D9A119E68319A053C994BC967D96458E6483A8AFB5DA82E66037E28409537BAE","UNCHANGED_R1_VALIDATED"
"third_party/kao_optimal_preparation/local_cache/kao_optimal_preparation/construct/reaches.ml","IGNORED","2044","2A30EB34D083DEBFD9BEDDD6605616A6CFB4680D759A4435DA17F43A3507E638","2A30EB34D083DEBFD9BEDDD6605616A6CFB4680D759A4435DA17F43A3507E638","UNCHANGED_R1_VALIDATED"
"third_party/kao_optimal_preparation/local_cache/kao_optimal_preparation/construct/setup_base.ml","IGNORED","4237","A38655DFFBDDC0330EB30FF085DF7AAD0AADED2C987453C736B1DB23A064068A","A38655DFFBDDC0330EB30FF085DF7AAD0AADED2C987453C736B1DB23A064068A","UNCHANGED_R1_VALIDATED"
"third_party/kao_optimal_preparation/local_cache/kao_optimal_preparation/construct/setup.ml","IGNORED","5999","8656CD48C8B731BDC7B552ABC7F0BEE2EAEDFD00E5A3FBA66B07F032A2994B07","8656CD48C8B731BDC7B552ABC7F0BEE2EAEDFD00E5A3FBA66B07F032A2994B07","UNCHANGED_R1_VALIDATED"
"third_party/kao_optimal_preparation/local_cache/kao_optimal_preparation/construct/vanilla.ml","IGNORED","1029","814A754B0B6477031D54D80941D822AE81FF7CBF942C17A3C26AFCC3C8CA44F4","814A754B0B6477031D54D80941D822AE81FF7CBF942C17A3C26AFCC3C8CA44F4","UNCHANGED_R1_VALIDATED"
"third_party/kao_optimal_preparation/local_cache/kao_optimal_preparation/dune-project","IGNORED","17","993FC51DB2713DFFE188441A4F3BA9A8471026EA068D7D551DA49534E849429D","993FC51DB2713DFFE188441A4F3BA9A8471026EA068D7D551DA49534E849429D","UNCHANGED_R1_VALIDATED"
"third_party/kao_optimal_preparation/local_cache/kao_optimal_preparation/lib/biomechanics/biomechanics_arm.ml","IGNORED","8035","3FFE7D808F2D5946776688F12E632BB46BD4492D9D4E5CE7A2670AE69D753CAD","3FFE7D808F2D5946776688F12E632BB46BD4492D9D4E5CE7A2670AE69D753CAD","UNCHANGED_R1_VALIDATED"
"third_party/kao_optimal_preparation/local_cache/kao_optimal_preparation/lib/biomechanics/biomechanics_arm.mli","IGNORED","756","3839EF68925C0264E50312717B2372BEFC5A28EBED82157B371CE9EA6C9B712D","3839EF68925C0264E50312717B2372BEFC5A28EBED82157B371CE9EA6C9B712D","UNCHANGED_R1_VALIDATED"
"third_party/kao_optimal_preparation/local_cache/kao_optimal_preparation/lib/biomechanics/biomechanics_task.ml","IGNORED","372","344EF445BD367B9025C6CAA4A21944356C8A020F764E2E523097C01AA60EADBD","344EF445BD367B9025C6CAA4A21944356C8A020F764E2E523097C01AA60EADBD","UNCHANGED_R1_VALIDATED"
"third_party/kao_optimal_preparation/local_cache/kao_optimal_preparation/lib/biomechanics/biomechanics.ml","IGNORED","112","162338261D75CC4F1B153A146918876240DE6D9E861F584A6BE571D606DFB4E4","162338261D75CC4F1B153A146918876240DE6D9E861F584A6BE571D606DFB4E4","UNCHANGED_R1_VALIDATED"
"third_party/kao_optimal_preparation/local_cache/kao_optimal_preparation/lib/controller.ml","IGNORED","5110","FA10DA96105F4AF12A2DC3C2CB03C65D42D43BD5B90E28760E182860927A58BF","FA10DA96105F4AF12A2DC3C2CB03C65D42D43BD5B90E28760E182860927A58BF","UNCHANGED_R1_VALIDATED"
"third_party/kao_optimal_preparation/local_cache/kao_optimal_preparation/lib/controller.mli","IGNORED","949","01A55FA4039420F84581B119B134853EA01FC8818DEC20F5D9A062A3D2E67C39","01A55FA4039420F84581B119B134853EA01FC8818DEC20F5D9A062A3D2E67C39","UNCHANGED_R1_VALIDATED"
"third_party/kao_optimal_preparation/local_cache/kao_optimal_preparation/lib/defaults_base.ml","IGNORED","823","CAEEEEA8C047B2FA7DC2B38555AE81A5BFDCDB6010DCC2EF7FD169A30917C633","CAEEEEA8C047B2FA7DC2B38555AE81A5BFDCDB6010DCC2EF7FD169A30917C633","UNCHANGED_R1_VALIDATED"
"third_party/kao_optimal_preparation/local_cache/kao_optimal_preparation/lib/defaults.ml","IGNORED","754","3CE2EF1201A7AB302BE3EB2719075E31A17C55FA72400308950D1475FAE0E13C","3CE2EF1201A7AB302BE3EB2719075E31A17C55FA72400308950D1475FAE0E13C","UNCHANGED_R1_VALIDATED"
"third_party/kao_optimal_preparation/local_cache/kao_optimal_preparation/lib/dir.ml","IGNORED","103","08F971D938EF0FDECA5425DBB61F194AB78F2D551C26C505287999EA7CD85748","08F971D938EF0FDECA5425DBB61F194AB78F2D551C26C505287999EA7CD85748","UNCHANGED_R1_VALIDATED"
"third_party/kao_optimal_preparation/local_cache/kao_optimal_preparation/lib/dune","IGNORED","207","E8D41F6019E4442AC464D594E07C0875F71491133C900D6D8BB92A536B75C049","E8D41F6019E4442AC464D594E07C0875F71491133C900D6D8BB92A536B75C049","UNCHANGED_R1_VALIDATED"
"third_party/kao_optimal_preparation/local_cache/kao_optimal_preparation/lib/dynamics_autodiff.ml","IGNORED","1841","7BBC4D5A34569C144F9551F4FFCF6759C958E877ABB4744282D072047C803812","7BBC4D5A34569C144F9551F4FFCF6759C958E877ABB4744282D072047C803812","UNCHANGED_R1_VALIDATED"
"third_party/kao_optimal_preparation/local_cache/kao_optimal_preparation/lib/dynamics_autodiff.mli","IGNORED","556","B9894B7EB0516EB1DA12C87D01C7D878768B9E3A67FD0F9E38851D3FCD27FEFC","B9894B7EB0516EB1DA12C87D01C7D878768B9E3A67FD0F9E38851D3FCD27FEFC","UNCHANGED_R1_VALIDATED"
"third_party/kao_optimal_preparation/local_cache/kao_optimal_preparation/lib/dynamics.ml","IGNORED","6062","52C3092342A53B5D99BF048ECDAAC05C365FAD601E430144C437639054692625","52C3092342A53B5D99BF048ECDAAC05C365FAD601E430144C437639054692625","UNCHANGED_R1_VALIDATED"
"third_party/kao_optimal_preparation/local_cache/kao_optimal_preparation/lib/dynamics.mli","IGNORED","1618","19A4DB87D7543F24898DB3E518544F03E566F6AA691F642C0C54ACCD02F035F7","19A4DB87D7543F24898DB3E518544F03E566F6AA691F642C0C54ACCD02F035F7","UNCHANGED_R1_VALIDATED"
"third_party/kao_optimal_preparation/local_cache/kao_optimal_preparation/lib/gramians.ml","IGNORED","2316","5941CD851C5117783BC3B5D9B593507C286020FD652E8325F5115AB1FCF47CC4","5941CD851C5117783BC3B5D9B593507C286020FD652E8325F5115AB1FCF47CC4","UNCHANGED_R1_VALIDATED"
"third_party/kao_optimal_preparation/local_cache/kao_optimal_preparation/lib/gramians.mli","IGNORED","466","4C3305811D53374C5DFA46CDAEEF9FF1DC27F8B209AB66A58FD105C619CA3686","4C3305811D53374C5DFA46CDAEEF9FF1DC27F8B209AB66A58FD105C619CA3686","UNCHANGED_R1_VALIDATED"
"third_party/kao_optimal_preparation/local_cache/kao_optimal_preparation/lib/lqr.ml","IGNORED","3352","C0AF8A477B85A5ECDAF753F1B1579F0D6603FAFA7DE1ABD2A1734DDB97A38E3E","C0AF8A477B85A5ECDAF753F1B1579F0D6603FAFA7DE1ABD2A1734DDB97A38E3E","UNCHANGED_R1_VALIDATED"
"third_party/kao_optimal_preparation/local_cache/kao_optimal_preparation/lib/lqr.mli","IGNORED","221","A93068B7DD3F78573288C01A8C4DE041DE0909A67CE3420DEFE4B7D8E9DDDEC3","A93068B7DD3F78573288C01A8C4DE041DE0909A67CE3420DEFE4B7D8E9DDDEC3","UNCHANGED_R1_VALIDATED"
"third_party/kao_optimal_preparation/local_cache/kao_optimal_preparation/lib/miscellaneous.ml","IGNORED","2212","163014218133DCBBED5E32B971BC12FAFC977184F4B05C86D67F131A64BEF8FC","163014218133DCBBED5E32B971BC12FAFC977184F4B05C86D67F131A64BEF8FC","UNCHANGED_R1_VALIDATED"
"third_party/kao_optimal_preparation/local_cache/kao_optimal_preparation/lib/miscellaneous.mli","IGNORED","863","C0DFCBE95F95D2D6B0BF955F2418DE933A72B6F6D01E927425FAC1E5C5343F31","C0DFCBE95F95D2D6B0BF955F2418DE933A72B6F6D01E927425FAC1E5C5343F31","UNCHANGED_R1_VALIDATED"
"third_party/kao_optimal_preparation/local_cache/kao_optimal_preparation/lib/signals.ml","IGNORED","1528","857DAB3EDF4823E040763828CE95589771B10A77F0D20F9BEB5DE56E0BAF3FB8","857DAB3EDF4823E040763828CE95589771B10A77F0D20F9BEB5DE56E0BAF3FB8","UNCHANGED_R1_VALIDATED"
"third_party/kao_optimal_preparation/local_cache/kao_optimal_preparation/lib/simple.ml","IGNORED","5984","121529DEB2DBD912014C739ED0CC8870B1DE9C58503CA66F93152A659D9E77F4","121529DEB2DBD912014C739ED0CC8870B1DE9C58503CA66F93152A659D9E77F4","UNCHANGED_R1_VALIDATED"
"third_party/kao_optimal_preparation/local_cache/kao_optimal_preparation/lib/simple.mli","IGNORED","1306","98E4A431B88BE771DB0BFB5FD256AC384EE38238EF00CAED62D4AC75E94B81B7","98E4A431B88BE771DB0BFB5FD256AC384EE38238EF00CAED62D4AC75E94B81B7","UNCHANGED_R1_VALIDATED"
"third_party/kao_optimal_preparation/local_cache/kao_optimal_preparation/lib/tspecs.ml","IGNORED","674","4A04FEA22E06DB3391F9FA9ED39C0FDF4A668483C7BD7F9ECD3419A1FC2BC95C","4A04FEA22E06DB3391F9FA9ED39C0FDF4A668483C7BD7F9ECD3419A1FC2BC95C","UNCHANGED_R1_VALIDATED"
"third_party/kao_optimal_preparation/local_cache/kao_optimal_preparation/native_reference_40077d2.tar.gz","IGNORED","14130787","339172D55FF2B3395673E8605859553A3A55C6C61A7C8B32A2B4850EC53EC6B7","339172D55FF2B3395673E8605859553A3A55C6C61A7C8B32A2B4850EC53EC6B7","UNCHANGED_R1_VALIDATED"
"third_party/kao_optimal_preparation/local_cache/kao_optimal_preparation/native_reference_40077d2/artifact_manifest.tsv","IGNORED","17603","176D064CCCFCD6797C9D2D0A53FD80072826085CB3E3A3A4E5627BF6120DEE28","176D064CCCFCD6797C9D2D0A53FD80072826085CB3E3A3A4E5627BF6120DEE28","UNCHANGED_R1_VALIDATED"
"third_party/kao_optimal_preparation/local_cache/kao_optimal_preparation/native_reference_40077d2/environment.json","IGNORED","2479","553E3193944F9DEE4C1B90DF92FC8968A5F49C3A19E720442ACE32910AC350BC","553E3193944F9DEE4C1B90DF92FC8968A5F49C3A19E720442ACE32910AC350BC","UNCHANGED_R1_VALIDATED"
"third_party/kao_optimal_preparation/local_cache/kao_optimal_preparation/native_reference_40077d2/EXACT_COMMANDS.md","IGNORED","1660","205C6B9CDB30A5C135BBCC7C89F39305E91E04F2EB203DD64B4D86641AFF9700","205C6B9CDB30A5C135BBCC7C89F39305E91E04F2EB203DD64B4D86641AFF9700","UNCHANGED_R1_VALIDATED"
"third_party/kao_optimal_preparation/local_cache/kao_optimal_preparation/native_reference_40077d2/EXPORTER_ONLY_CHANGES.md","IGNORED","677","B8F9164718BC56C25913234E94B508D15BE4C6DE40FA58E371A9A48055F897C4","B8F9164718BC56C25913234E94B508D15BE4C6DE40FA58E371A9A48055F897C4","UNCHANGED_R1_VALIDATED"
"third_party/kao_optimal_preparation/local_cache/kao_optimal_preparation/native_reference_40077d2/exporter_source/dune","IGNORED","80","6C0346FC7A3966763BCE3F6A68F0B38D0F6C6B38C5D257425BB11C99B21B5907","6C0346FC7A3966763BCE3F6A68F0B38D0F6C6B38C5D257425BB11C99B21B5907","UNCHANGED_R1_VALIDATED"
"third_party/kao_optimal_preparation/local_cache/kao_optimal_preparation/native_reference_40077d2/exporter_source/export_stage1.ml","IGNORED","9348","E4F115D21BABA002138A2F262C508570623FC111141945640442821778630A73","E4F115D21BABA002138A2F262C508570623FC111141945640442821778630A73","UNCHANGED_R1_VALIDATED"
"third_party/kao_optimal_preparation/local_cache/kao_optimal_preparation/native_reference_40077d2/exporter_source/package_native_reference.py","IGNORED","8947","C53358F4DA45E76BA51BECB3C72F8E60D56B028B3C184EA056E71098A78BC5D9","C53358F4DA45E76BA51BECB3C72F8E60D56B028B3C184EA056E71098A78BC5D9","UNCHANGED_R1_VALIDATED"
"third_party/kao_optimal_preparation/local_cache/kao_optimal_preparation/native_reference_40077d2/exporter_source/validate_native_export.py","IGNORED","5894","F39201DB32F344EA740F3414B870B0A538D098287AA4D358F5A56E30E58560B5","F39201DB32F344EA740F3414B870B0A538D098287AA4D358F5A56E30E58560B5","UNCHANGED_R1_VALIDATED"
"third_party/kao_optimal_preparation/local_cache/kao_optimal_preparation/native_reference_40077d2/full_precision/a_movement_eigenvalues.tsv","IGNORED","7869","3A1FE6C28E6E73F088E30BE412B0EECE75BB7E27D0419FEF1F0C70282DDED896","3A1FE6C28E6E73F088E30BE412B0EECE75BB7E27D0419FEF1F0C70282DDED896","UNCHANGED_R1_VALIDATED"
"third_party/kao_optimal_preparation/local_cache/kao_optimal_preparation/native_reference_40077d2/full_precision/a_movement.tsv","IGNORED","308577","191AE2B03B437CD9EEC3EBF4311486A516C8D2DF5150BE07A1DF9A164747A492","191AE2B03B437CD9EEC3EBF4311486A516C8D2DF5150BE07A1DF9A164747A492","UNCHANGED_R1_VALIDATED"
"third_party/kao_optimal_preparation/local_cache/kao_optimal_preparation/native_reference_40077d2/full_precision/baseline_drive_h.tsv","IGNORED","3779","EE799054EC194321A4EEAA162462FF9ABFEF3522D679E8ED820C735D56EECFC2","EE799054EC194321A4EEAA162462FF9ABFEF3522D679E8ED820C735D56EECFC2","UNCHANGED_R1_VALIDATED"
"third_party/kao_optimal_preparation/local_cache/kao_optimal_preparation/native_reference_40077d2/full_precision/c_full.tsv","IGNORED","6980","182338570031F7DF07CE2E87F0B2A69DDA0904CE6FE782D1467E4147205300E4","182338570031F7DF07CE2E87F0B2A69DDA0904CE6FE782D1467E4147205300E4","UNCHANGED_R1_VALIDATED"
"third_party/kao_optimal_preparation/local_cache/kao_optimal_preparation/native_reference_40077d2/full_precision/c_readout_excitatory.tsv","IGNORED","6820","2FFE28D473073B7676B071D13CB0572F849C84C849ACE22817B6463E0E9EA216","2FFE28D473073B7676B071D13CB0572F849C84C849ACE22817B6463E0E9EA216","UNCHANGED_R1_VALIDATED"
"third_party/kao_optimal_preparation/local_cache/kao_optimal_preparation/native_reference_40077d2/full_precision/ei_class.tsv","IGNORED","440","9421F8CAAEC40F01115B2B53BCF3C3346AC25FA2F9CC4E0C3837084214128963","9421F8CAAEC40F01115B2B53BCF3C3346AC25FA2F9CC4E0C3837084214128963","UNCHANGED_R1_VALIDATED"
"third_party/kao_optimal_preparation/local_cache/kao_optimal_preparation/native_reference_40077d2/full_precision/gamma.tsv","IGNORED","64000","7216547F258D4500A788FF6BD56099CFC5F2E18FFD6849D1E9D1A65922DAF8A6","7216547F258D4500A788FF6BD56099CFC5F2E18FFD6849D1E9D1A65922DAF8A6","UNCHANGED_R1_VALIDATED"
"third_party/kao_optimal_preparation/local_cache/kao_optimal_preparation/native_reference_40077d2/full_precision/native_cortical_r1_1.tsv","IGNORED","2280819","15FEEF81D5F166D5EC2FD6ACB7EBDB6C1AB8B063538B9E7BB73FAD0DCF48B489","15FEEF81D5F166D5EC2FD6ACB7EBDB6C1AB8B063538B9E7BB73FAD0DCF48B489","UNCHANGED_R1_VALIDATED"
"third_party/kao_optimal_preparation/local_cache/kao_optimal_preparation/native_reference_40077d2/full_precision/native_cortical_r1_2.tsv","IGNORED","2281398","AA66D053B3982A46F317A81CED4E4B165D8A6F48A91A50BBCA237306D3D421FA","AA66D053B3982A46F317A81CED4E4B165D8A6F48A91A50BBCA237306D3D421FA","UNCHANGED_R1_VALIDATED"
"third_party/kao_optimal_preparation/local_cache/kao_optimal_preparation/native_reference_40077d2/full_precision/native_cortical_r1_3.tsv","IGNORED","2285434","B109CF7A464054E9D95D9B15EC99591AFDFEF3326F9D12746F0511E642BE628E","B109CF7A464054E9D95D9B15EC99591AFDFEF3326F9D12746F0511E642BE628E","UNCHANGED_R1_VALIDATED"
"third_party/kao_optimal_preparation/local_cache/kao_optimal_preparation/native_reference_40077d2/full_precision/native_cortical_r1_4.tsv","IGNORED","2283464","4F8C560570F405C08FFF782D902CEC56FAB70DCE0784B318934551ECE1851B1C","4F8C560570F405C08FFF782D902CEC56FAB70DCE0784B318934551ECE1851B1C","UNCHANGED_R1_VALIDATED"
"third_party/kao_optimal_preparation/local_cache/kao_optimal_preparation/native_reference_40077d2/full_precision/native_cortical_r1_5.tsv","IGNORED","2281269","18130F8829C5A79A6571048894E72FEED547AE0380435F249774DB200E473534","18130F8829C5A79A6571048894E72FEED547AE0380435F249774DB200E473534","UNCHANGED_R1_VALIDATED"
"third_party/kao_optimal_preparation/local_cache/kao_optimal_preparation/native_reference_40077d2/full_precision/native_cortical_r1_6.tsv","IGNORED","2278190","C618E8B5D5DBA1EDF9AD6F72F99AE0708EC8C391667D2E66FD18035CC24FBAB4","C618E8B5D5DBA1EDF9AD6F72F99AE0708EC8C391667D2E66FD18035CC24FBAB4","UNCHANGED_R1_VALIDATED"
"third_party/kao_optimal_preparation/local_cache/kao_optimal_preparation/native_reference_40077d2/full_precision/native_cortical_r1_7.tsv","IGNORED","2278913","CABF1E32DA18005F310A3C18765E8A96A328A056F8386A5C307373F08AB044F7","CABF1E32DA18005F310A3C18765E8A96A328A056F8386A5C307373F08AB044F7","UNCHANGED_R1_VALIDATED"
"third_party/kao_optimal_preparation/local_cache/kao_optimal_preparation/native_reference_40077d2/full_precision/native_cortical_r1_8.tsv","IGNORED","2277219","86D1C382D54E254A73E431715B283FAF5FE04D8C4CD692CA1EF4C8C472A8266B","86D1C382D54E254A73E431715B283FAF5FE04D8C4CD692CA1EF4C8C472A8266B","UNCHANGED_R1_VALIDATED"
"third_party/kao_optimal_preparation/local_cache/kao_optimal_preparation/native_reference_40077d2/full_precision/native_hand_r1_1.tsv","IGNORED","49663","41E78E3443CE4FA5B6E47C9E637D733AE8E0E191411627B3555C1280495A658F","41E78E3443CE4FA5B6E47C9E637D733AE8E0E191411627B3555C1280495A658F","UNCHANGED_R1_VALIDATED"
"third_party/kao_optimal_preparation/local_cache/kao_optimal_preparation/native_reference_40077d2/full_precision/native_hand_r1_2.tsv","IGNORED","49661","062E568D55D194F9BD959E71A1E52F3BD1284C6E540105CF0BDBDA212EA67469","062E568D55D194F9BD959E71A1E52F3BD1284C6E540105CF0BDBDA212EA67469","UNCHANGED_R1_VALIDATED"
"third_party/kao_optimal_preparation/local_cache/kao_optimal_preparation/native_reference_40077d2/full_precision/native_hand_r1_3.tsv","IGNORED","48737","0BB07DC539F086D056941D38B14F108E3819A9BE3D4C4D0258BF7E347BEA045B","0BB07DC539F086D056941D38B14F108E3819A9BE3D4C4D0258BF7E347BEA045B","UNCHANGED_R1_VALIDATED"
"third_party/kao_optimal_preparation/local_cache/kao_optimal_preparation/native_reference_40077d2/full_precision/native_hand_r1_4.tsv","IGNORED","49274","42AE1ADD49D0F2ED68B0D2BE0965E408E96982CD5B4D099FC9FDAD1D01CA2902","42AE1ADD49D0F2ED68B0D2BE0965E408E96982CD5B4D099FC9FDAD1D01CA2902","UNCHANGED_R1_VALIDATED"
"third_party/kao_optimal_preparation/local_cache/kao_optimal_preparation/native_reference_40077d2/full_precision/native_hand_r1_5.tsv","IGNORED","50404","58BD1709EFEE8F42FC8B580D66804026C93879553CE9474ABB0A34703E6DF754","58BD1709EFEE8F42FC8B580D66804026C93879553CE9474ABB0A34703E6DF754","UNCHANGED_R1_VALIDATED"
"third_party/kao_optimal_preparation/local_cache/kao_optimal_preparation/native_reference_40077d2/full_precision/native_hand_r1_6.tsv","IGNORED","49863","9A255B0903AF12A6146291F6E2659BDD9FC780AA95F366FA1D12DF42FD5C67AE","9A255B0903AF12A6146291F6E2659BDD9FC780AA95F366FA1D12DF42FD5C67AE","UNCHANGED_R1_VALIDATED"
"third_party/kao_optimal_preparation/local_cache/kao_optimal_preparation/native_reference_40077d2/full_precision/native_hand_r1_7.tsv","IGNORED","51046","DF28CFDDA14612AAD65EBFAE50509F50046A716C437DF4FA583A57A18C28ABB9","DF28CFDDA14612AAD65EBFAE50509F50046A716C437DF4FA583A57A18C28ABB9","UNCHANGED_R1_VALIDATED"
"third_party/kao_optimal_preparation/local_cache/kao_optimal_preparation/native_reference_40077d2/full_precision/native_hand_r1_8.tsv","IGNORED","50755","7C71AB70A6EFB0F4A90AD1BDAAC8A7FC92DA438277BFEE470FA4B78E0A9D0550","7C71AB70A6EFB0F4A90AD1BDAAC8A7FC92DA438277BFEE470FA4B78E0A9D0550","UNCHANGED_R1_VALIDATED"
"third_party/kao_optimal_preparation/local_cache/kao_optimal_preparation/native_reference_40077d2/full_precision/native_metadata.tsv","IGNORED","1324","5153868DEAFDB4BCB941BDE9AE44FA53396F4CF3929FD07D2BE034C07A28047A","5153868DEAFDB4BCB941BDE9AE44FA53396F4CF3929FD07D2BE034C07A28047A","UNCHANGED_R1_VALIDATED"
"third_party/kao_optimal_preparation/local_cache/kao_optimal_preparation/native_reference_40077d2/full_precision/native_movement_summary.tsv","IGNORED","1128","0E231B748FD763E1DBC25198E60818EE2FE6B9931F55EC4F79B1611C9682786F","0E231B748FD763E1DBC25198E60818EE2FE6B9931F55EC4F79B1611C9682786F","UNCHANGED_R1_VALIDATED"
"third_party/kao_optimal_preparation/local_cache/kao_optimal_preparation/native_reference_40077d2/full_precision/native_theta_r1_1.tsv","IGNORED","48530","17B8A18FE096953575DFB507F6FC423FF7C7DB875B0D6B671536A1D54AE96AF5","17B8A18FE096953575DFB507F6FC423FF7C7DB875B0D6B671536A1D54AE96AF5","UNCHANGED_R1_VALIDATED"
"third_party/kao_optimal_preparation/local_cache/kao_optimal_preparation/native_reference_40077d2/full_precision/native_theta_r1_2.tsv","IGNORED","48834","452AAAEB85D8D3BBECD0A581935912A5C3AC895FC67457BA868EC65D1AD89B86","452AAAEB85D8D3BBECD0A581935912A5C3AC895FC67457BA868EC65D1AD89B86","UNCHANGED_R1_VALIDATED"
"third_party/kao_optimal_preparation/local_cache/kao_optimal_preparation/native_reference_40077d2/full_precision/native_theta_r1_3.tsv","IGNORED","48560","BC11696C8F3DB8852F73E0A5CC5A7F81ABF1061F4FEADA415E1585D0754590F3","BC11696C8F3DB8852F73E0A5CC5A7F81ABF1061F4FEADA415E1585D0754590F3","UNCHANGED_R1_VALIDATED"
"third_party/kao_optimal_preparation/local_cache/kao_optimal_preparation/native_reference_40077d2/full_precision/native_theta_r1_4.tsv","IGNORED","47571","F8EFD134E576D2881BE70C013189F341757CF116A89B169752518970CB309A7F","F8EFD134E576D2881BE70C013189F341757CF116A89B169752518970CB309A7F","UNCHANGED_R1_VALIDATED"
"third_party/kao_optimal_preparation/local_cache/kao_optimal_preparation/native_reference_40077d2/full_precision/native_theta_r1_5.tsv","IGNORED","47486","04DE50C8F2F9263FF6B2734E438190F98D8AA9EDA05A3DFE8B90FD6FAC047204","04DE50C8F2F9263FF6B2734E438190F98D8AA9EDA05A3DFE8B90FD6FAC047204","UNCHANGED_R1_VALIDATED"
"third_party/kao_optimal_preparation/local_cache/kao_optimal_preparation/native_reference_40077d2/full_precision/native_theta_r1_6.tsv","IGNORED","47506","6A411139B07015CBA3B189582423116E2C1131FF6EDF78CB3B473847F2172982","6A411139B07015CBA3B189582423116E2C1131FF6EDF78CB3B473847F2172982","UNCHANGED_R1_VALIDATED"
"third_party/kao_optimal_preparation/local_cache/kao_optimal_preparation/native_reference_40077d2/full_precision/native_theta_r1_7.tsv","IGNORED","47460","842F41ECB67019FF46663614ABD49F63793DCC1728865D6736EDFA62BC556114","842F41ECB67019FF46663614ABD49F63793DCC1728865D6736EDFA62BC556114","UNCHANGED_R1_VALIDATED"
"third_party/kao_optimal_preparation/local_cache/kao_optimal_preparation/native_reference_40077d2/full_precision/native_theta_r1_8.tsv","IGNORED","47252","A9E114DF6169A22A47D2E0F7576DBCA184D4D72712C8C882BBED6CAD074CEB33","A9E114DF6169A22A47D2E0F7576DBCA184D4D72712C8C882BBED6CAD074CEB33","UNCHANGED_R1_VALIDATED"
"third_party/kao_optimal_preparation/local_cache/kao_optimal_preparation/native_reference_40077d2/full_precision/native_torque_r1_1.tsv","IGNORED","24159","DAA808C67AE06B1406003F5EAD4C005D86B3A7570FB50D9D4258258C6781A691","DAA808C67AE06B1406003F5EAD4C005D86B3A7570FB50D9D4258258C6781A691","UNCHANGED_R1_VALIDATED"
"third_party/kao_optimal_preparation/local_cache/kao_optimal_preparation/native_reference_40077d2/full_precision/native_torque_r1_2.tsv","IGNORED","24292","290DDEB0882A70D027A20C38F29E10A5658951D8877932CE1D0282EBAEE3C405","290DDEB0882A70D027A20C38F29E10A5658951D8877932CE1D0282EBAEE3C405","UNCHANGED_R1_VALIDATED"
"third_party/kao_optimal_preparation/local_cache/kao_optimal_preparation/native_reference_40077d2/full_precision/native_torque_r1_3.tsv","IGNORED","24739","C96EA2B5A41AC3D9DB160D6F86139756F0F37656C93EB712858D5C2258ED5619","C96EA2B5A41AC3D9DB160D6F86139756F0F37656C93EB712858D5C2258ED5619","UNCHANGED_R1_VALIDATED"
"third_party/kao_optimal_preparation/local_cache/kao_optimal_preparation/native_reference_40077d2/full_precision/native_torque_r1_4.tsv","IGNORED","24758","3E2A5F437EDBA5CB6A84577CDCC2DDE7049E23B37188F829A3B533DA418C24AA","3E2A5F437EDBA5CB6A84577CDCC2DDE7049E23B37188F829A3B533DA418C24AA","UNCHANGED_R1_VALIDATED"
"third_party/kao_optimal_preparation/local_cache/kao_optimal_preparation/native_reference_40077d2/full_precision/native_torque_r1_5.tsv","IGNORED","24560","6F5935236DE72DBEF7BBF02A28C9AA31F9C6CBBE6DF8A8BAB7BC8429A0DB53C7","6F5935236DE72DBEF7BBF02A28C9AA31F9C6CBBE6DF8A8BAB7BC8429A0DB53C7","UNCHANGED_R1_VALIDATED"
"third_party/kao_optimal_preparation/local_cache/kao_optimal_preparation/native_reference_40077d2/full_precision/native_torque_r1_6.tsv","IGNORED","24462","0F1629F5D731F514721849040702442CD845392AAE8372AEDBF247EE5368AABD","0F1629F5D731F514721849040702442CD845392AAE8372AEDBF247EE5368AABD","UNCHANGED_R1_VALIDATED"
"third_party/kao_optimal_preparation/local_cache/kao_optimal_preparation/native_reference_40077d2/full_precision/native_torque_r1_7.tsv","IGNORED","24225","F8B5AD535EBA359A60A8F89612877022E1F9A96FDDEF14EBDC29BB70308C65D5","F8B5AD535EBA359A60A8F89612877022E1F9A96FDDEF14EBDC29BB70308C65D5","UNCHANGED_R1_VALIDATED"
"third_party/kao_optimal_preparation/local_cache/kao_optimal_preparation/native_reference_40077d2/full_precision/native_torque_r1_8.tsv","IGNORED","24277","02137BBCA6BEAC80BAFB90BBB9370969452AE92702C1C722ACE0B0CD125D60A0","02137BBCA6BEAC80BAFB90BBB9370969452AE92702C1C722ACE0B0CD125D60A0","UNCHANGED_R1_VALIDATED"
"third_party/kao_optimal_preparation/local_cache/kao_optimal_preparation/native_reference_40077d2/full_precision/native_validation_console.txt","IGNORED","1185","0B044F0B73D5F873CD9C810B8B18B8833F24FE834C6F2F45F46D11B6BEDCE414","0B044F0B73D5F873CD9C810B8B18B8833F24FE834C6F2F45F46D11B6BEDCE414","UNCHANGED_R1_VALIDATED"
"third_party/kao_optimal_preparation/local_cache/kao_optimal_preparation/native_reference_40077d2/full_precision/native_validation_summary.json","IGNORED","1185","0B044F0B73D5F873CD9C810B8B18B8833F24FE834C6F2F45F46D11B6BEDCE414","0B044F0B73D5F873CD9C810B8B18B8833F24FE834C6F2F45F46D11B6BEDCE414","UNCHANGED_R1_VALIDATED"
"third_party/kao_optimal_preparation/local_cache/kao_optimal_preparation/native_reference_40077d2/full_precision/native_validation_summary.tsv","IGNORED","734","786E248B8115E2BF9BD2133EBDEB72A3CF50A9CC6A580275222D96D3ACB74EAD","786E248B8115E2BF9BD2133EBDEB72A3CF50A9CC6A580275222D96D3ACB74EAD","UNCHANGED_R1_VALIDATED"
"third_party/kao_optimal_preparation/local_cache/kao_optimal_preparation/native_reference_40077d2/full_precision/prospective_q_eigenvalues.tsv","IGNORED","4506","5E0D74A43505FE317E132ABDE6881F3DC4949563AC4DFBF3A2B215BBE392C77C","5E0D74A43505FE317E132ABDE6881F3DC4949563AC4DFBF3A2B215BBE392C77C","UNCHANGED_R1_VALIDATED"
"third_party/kao_optimal_preparation/local_cache/kao_optimal_preparation/native_reference_40077d2/full_precision/prospective_q_eigenvectors.tsv","IGNORED","854936","826A416EF9B051D4A8AAAAC1D7E22BEBF89A944F6DD2E2F0D328CF2D9F3D23E0","826A416EF9B051D4A8AAAAC1D7E22BEBF89A944F6DD2E2F0D328CF2D9F3D23E0","UNCHANGED_R1_VALIDATED"
"third_party/kao_optimal_preparation/local_cache/kao_optimal_preparation/native_reference_40077d2/full_precision/prospective_q_unit_trace.tsv","IGNORED","829299","DBC8C1A6E930B06CCAEE741EA655A6323D4D0E1D5A584A5F337D9A10E765815B","DBC8C1A6E930B06CCAEE741EA655A6323D4D0E1D5A584A5F337D9A10E765815B","UNCHANGED_R1_VALIDATED"
"third_party/kao_optimal_preparation/local_cache/kao_optimal_preparation/native_reference_40077d2/full_precision/prospective_q.tsv","IGNORED","871075","75461D3E628F2AB934B699D2BE470452BB987BBE1126A062B1E86A6BFD55BAF4","75461D3E628F2AB934B699D2BE470452BB987BBE1126A062B1E86A6BFD55BAF4","UNCHANGED_R1_VALIDATED"
"third_party/kao_optimal_preparation/local_cache/kao_optimal_preparation/native_reference_40077d2/full_precision/spontaneous.tsv","IGNORED","3869","0F5681428F4F7FF6E9EC50838E698C981E25B60F05FBF908F87AAC8B39B96993","0F5681428F4F7FF6E9EC50838E698C981E25B60F05FBF908F87AAC8B39B96993","UNCHANGED_R1_VALIDATED"
"third_party/kao_optimal_preparation/local_cache/kao_optimal_preparation/native_reference_40077d2/full_precision/target_hand_r1_1.tsv","IGNORED","49520","459E8BE5E90C4E916B82861FFAD0E40ECB1D9FA7A969D9EE447D7366917CEE1D","459E8BE5E90C4E916B82861FFAD0E40ECB1D9FA7A969D9EE447D7366917CEE1D","UNCHANGED_R1_VALIDATED"
"third_party/kao_optimal_preparation/local_cache/kao_optimal_preparation/native_reference_40077d2/full_precision/target_hand_r1_2.tsv","IGNORED","37006","DE1AEEA6B4C1D60D411F0919515E0F223CA94BA8EBCFC8AA0F28B9F941DB8F0D","DE1AEEA6B4C1D60D411F0919515E0F223CA94BA8EBCFC8AA0F28B9F941DB8F0D","UNCHANGED_R1_VALIDATED"
"third_party/kao_optimal_preparation/local_cache/kao_optimal_preparation/native_reference_40077d2/full_precision/target_hand_r1_3.tsv","IGNORED","48645","F02441D780A889B0D48EE5B0475C89E1AA368F4CA692B47DA37E136813E1C09B","F02441D780A889B0D48EE5B0475C89E1AA368F4CA692B47DA37E136813E1C09B","UNCHANGED_R1_VALIDATED"
"third_party/kao_optimal_preparation/local_cache/kao_optimal_preparation/native_reference_40077d2/full_precision/target_hand_r1_4.tsv","IGNORED","49193","FD177092A229661E04B72A9DC33393D183740DEB1B5BE9CE98FEA08CB50D3384","FD177092A229661E04B72A9DC33393D183740DEB1B5BE9CE98FEA08CB50D3384","UNCHANGED_R1_VALIDATED"
"third_party/kao_optimal_preparation/local_cache/kao_optimal_preparation/native_reference_40077d2/full_precision/target_hand_r1_5.tsv","IGNORED","50381","4066D52A071F2348C21105FDD1E190198A22E0CF28660D97BA0561BE596E9681","4066D52A071F2348C21105FDD1E190198A22E0CF28660D97BA0561BE596E9681","UNCHANGED_R1_VALIDATED"
"third_party/kao_optimal_preparation/local_cache/kao_optimal_preparation/native_reference_40077d2/full_precision/target_hand_r1_6.tsv","IGNORED","49848","6471666FDC040C604AC70864B39AD334E3119A9F42F5C8E77923538552D3948B","6471666FDC040C604AC70864B39AD334E3119A9F42F5C8E77923538552D3948B","UNCHANGED_R1_VALIDATED"
"third_party/kao_optimal_preparation/local_cache/kao_optimal_preparation/native_reference_40077d2/full_precision/target_hand_r1_7.tsv","IGNORED","50686","C8ADD6C5440FF70539A02BF0E81BCD3E31FDC1758F39858859A94F9BAE0774D6","C8ADD6C5440FF70539A02BF0E81BCD3E31FDC1758F39858859A94F9BAE0774D6","UNCHANGED_R1_VALIDATED"
"third_party/kao_optimal_preparation/local_cache/kao_optimal_preparation/native_reference_40077d2/full_precision/target_hand_r1_8.tsv","IGNORED","50760","9247F346A0889B0ABCB4E10BD39733C4CF61EF96EFBA52E9621A4790FF8D636B","9247F346A0889B0ABCB4E10BD39733C4CF61EF96EFBA52E9621A4790FF8D636B","UNCHANGED_R1_VALIDATED"
"third_party/kao_optimal_preparation/local_cache/kao_optimal_preparation/native_reference_40077d2/full_precision/target_torque_r1_1.tsv","IGNORED","24188","7B6229A12EE0AC9FC2679CFF080AF2D7A581F00EACD53E3F3B9E20574C7D3ABE","7B6229A12EE0AC9FC2679CFF080AF2D7A581F00EACD53E3F3B9E20574C7D3ABE","UNCHANGED_R1_VALIDATED"
"third_party/kao_optimal_preparation/local_cache/kao_optimal_preparation/native_reference_40077d2/full_precision/target_torque_r1_2.tsv","IGNORED","24287","A7565F38E97FE69AF83B3DDBAD21362B4B7022498967909D1AF7E22472A25DEA","A7565F38E97FE69AF83B3DDBAD21362B4B7022498967909D1AF7E22472A25DEA","UNCHANGED_R1_VALIDATED"
"third_party/kao_optimal_preparation/local_cache/kao_optimal_preparation/native_reference_40077d2/full_precision/target_torque_r1_3.tsv","IGNORED","24755","C7455236C4E6B368C53E181A66A694C87168A43F42489D6068BFA0F0D71A5BCE","C7455236C4E6B368C53E181A66A694C87168A43F42489D6068BFA0F0D71A5BCE","UNCHANGED_R1_VALIDATED"
"third_party/kao_optimal_preparation/local_cache/kao_optimal_preparation/native_reference_40077d2/full_precision/target_torque_r1_4.tsv","IGNORED","24735","8DF4C9C34BAA707D7FB140157187DC6CC0EC325162BDFF49CC7783BAB850100A","8DF4C9C34BAA707D7FB140157187DC6CC0EC325162BDFF49CC7783BAB850100A","UNCHANGED_R1_VALIDATED"
"third_party/kao_optimal_preparation/local_cache/kao_optimal_preparation/native_reference_40077d2/full_precision/target_torque_r1_5.tsv","IGNORED","24597","9D2A39B12689AF4DDAF2B8520CECF04B5209CD561E0B8421EDB3B4B2396EF762","9D2A39B12689AF4DDAF2B8520CECF04B5209CD561E0B8421EDB3B4B2396EF762","UNCHANGED_R1_VALIDATED"
"third_party/kao_optimal_preparation/local_cache/kao_optimal_preparation/native_reference_40077d2/full_precision/target_torque_r1_6.tsv","IGNORED","24476","7096F30D35823DD1608EC10CDD93E4594AC0D6DAF8383E9C22D98EE6C44F518A","7096F30D35823DD1608EC10CDD93E4594AC0D6DAF8383E9C22D98EE6C44F518A","UNCHANGED_R1_VALIDATED"
"third_party/kao_optimal_preparation/local_cache/kao_optimal_preparation/native_reference_40077d2/full_precision/target_torque_r1_7.tsv","IGNORED","24251","5D76008FBC0C3B360F2D5F5F8C339E4E9513E7C13F0F536D6A9829BEAC47D925","5D76008FBC0C3B360F2D5F5F8C339E4E9513E7C13F0F536D6A9829BEAC47D925","UNCHANGED_R1_VALIDATED"
"third_party/kao_optimal_preparation/local_cache/kao_optimal_preparation/native_reference_40077d2/full_precision/target_torque_r1_8.tsv","IGNORED","24250","DDF2199E79DA2C6BA1C6CE70D8F38608FD7BFBB59C9AF284C72A961D7341B4BD","DDF2199E79DA2C6BA1C6CE70D8F38608FD7BFBB59C9AF284C72A961D7341B4BD","UNCHANGED_R1_VALIDATED"
"third_party/kao_optimal_preparation/local_cache/kao_optimal_preparation/native_reference_40077d2/full_precision/w_rec_eigenvalues.tsv","IGNORED","7832","977F26B9383801029AD743FD62EA9EE89F05929CCFC909079A6AF8D6BF303E89","977F26B9383801029AD743FD62EA9EE89F05929CCFC909079A6AF8D6BF303E89","UNCHANGED_R1_VALIDATED"
"third_party/kao_optimal_preparation/local_cache/kao_optimal_preparation/native_reference_40077d2/full_precision/w_rec.tsv","IGNORED","308377","E8F6C91944D2E29C35F48865382BD3070895CD6B08FB0D2FC6B89F16AF0B3820","E8F6C91944D2E29C35F48865382BD3070895CD6B08FB0D2FC6B89F16AF0B3820","UNCHANGED_R1_VALIDATED"
"third_party/kao_optimal_preparation/local_cache/kao_optimal_preparation/native_reference_40077d2/full_precision/xstars.tsv","IGNORED","31030","20F204A88FAFEB7FA052007324A9A0479A7BADB4460E5B7388BB73A157E43150","20F204A88FAFEB7FA052007324A9A0479A7BADB4460E5B7388BB73A157E43150","UNCHANGED_R1_VALIDATED"
"third_party/kao_optimal_preparation/local_cache/kao_optimal_preparation/native_reference_40077d2/official_results/actual_hand_traj_r1_1","IGNORED","23869","23B9E2806756B17F543C1E07DCFF0C8313CC61BCD5E0276236BFD4DBFDC6D29F","23B9E2806756B17F543C1E07DCFF0C8313CC61BCD5E0276236BFD4DBFDC6D29F","UNCHANGED_R1_VALIDATED"
"third_party/kao_optimal_preparation/local_cache/kao_optimal_preparation/native_reference_40077d2/official_results/actual_hand_traj_r1_2","IGNORED","24298","9F4B1B1D4C0101ADA7BDDE693435E6A09796D6F0A76A9A031C21EF225EA40D54","9F4B1B1D4C0101ADA7BDDE693435E6A09796D6F0A76A9A031C21EF225EA40D54","UNCHANGED_R1_VALIDATED"
"third_party/kao_optimal_preparation/local_cache/kao_optimal_preparation/native_reference_40077d2/official_results/actual_hand_traj_r1_3","IGNORED","22969","50A60CEE2825342FDDB98F8D025A6E3F4D57CFFAF37E2089DA56A37B2564282C","50A60CEE2825342FDDB98F8D025A6E3F4D57CFFAF37E2089DA56A37B2564282C","UNCHANGED_R1_VALIDATED"
"third_party/kao_optimal_preparation/local_cache/kao_optimal_preparation/native_reference_40077d2/official_results/actual_hand_traj_r1_4","IGNORED","23483","1FFAA099C67F489C8A90DB710C573D64B4D683AB734A0E276A7AB38881BD517D","1FFAA099C67F489C8A90DB710C573D64B4D683AB734A0E276A7AB38881BD517D","UNCHANGED_R1_VALIDATED"
"third_party/kao_optimal_preparation/local_cache/kao_optimal_preparation/native_reference_40077d2/official_results/actual_hand_traj_r1_5","IGNORED","24682","BDDDC1896F29EEF1C0008B0FEC9F437750B38E7F3582BA8DAFF2D59454575E6E","BDDDC1896F29EEF1C0008B0FEC9F437750B38E7F3582BA8DAFF2D59454575E6E","UNCHANGED_R1_VALIDATED"
"third_party/kao_optimal_preparation/local_cache/kao_optimal_preparation/native_reference_40077d2/official_results/actual_hand_traj_r1_6","IGNORED","24156","302DE6923D0C898D9C15B616781A41DA6857AC65A602D5C63080F5480F06A70E","302DE6923D0C898D9C15B616781A41DA6857AC65A602D5C63080F5480F06A70E","UNCHANGED_R1_VALIDATED"
"third_party/kao_optimal_preparation/local_cache/kao_optimal_preparation/native_reference_40077d2/official_results/actual_hand_traj_r1_7","IGNORED","25702","CC891BCE3FD01C17DF9D6E4E483618177D7DBE3F088ED3216FC60B0B5C25A57F","CC891BCE3FD01C17DF9D6E4E483618177D7DBE3F088ED3216FC60B0B5C25A57F","UNCHANGED_R1_VALIDATED"
"third_party/kao_optimal_preparation/local_cache/kao_optimal_preparation/native_reference_40077d2/official_results/actual_hand_traj_r1_8","IGNORED","25063","0561E026E05A4196EDFD114454A071C256C35DAA97D5FD6432B7EA663682952B","0561E026E05A4196EDFD114454A071C256C35DAA97D5FD6432B7EA663682952B","UNCHANGED_R1_VALIDATED"
"third_party/kao_optimal_preparation/local_cache/kao_optimal_preparation/native_reference_40077d2/official_results/actual_theta_traj_r1_1","IGNORED","22887","E0B566F58D79016B032757F7EE852F92C563464DBC7709B6525C472594ACDC29","E0B566F58D79016B032757F7EE852F92C563464DBC7709B6525C472594ACDC29","UNCHANGED_R1_VALIDATED"
"third_party/kao_optimal_preparation/local_cache/kao_optimal_preparation/native_reference_40077d2/official_results/actual_theta_traj_r1_2","IGNORED","23265","A350497BAB55CFDA7E6BAE5679E0074F541D74A97524D87C53DA4733D687759E","A350497BAB55CFDA7E6BAE5679E0074F541D74A97524D87C53DA4733D687759E","UNCHANGED_R1_VALIDATED"
"third_party/kao_optimal_preparation/local_cache/kao_optimal_preparation/native_reference_40077d2/official_results/actual_theta_traj_r1_3","IGNORED","22857","ECF033A64E6D45546D3000DF0DE4A91ACB3BCB15A55C81A606A9E14E1D9E5928","ECF033A64E6D45546D3000DF0DE4A91ACB3BCB15A55C81A606A9E14E1D9E5928","UNCHANGED_R1_VALIDATED"
"third_party/kao_optimal_preparation/local_cache/kao_optimal_preparation/native_reference_40077d2/official_results/actual_theta_traj_r1_4","IGNORED","21918","BDEE7C7595FD04823AEB12F356A5E951491AB096FB50FC5EF7F37E6F4C98AEA2","BDEE7C7595FD04823AEB12F356A5E951491AB096FB50FC5EF7F37E6F4C98AEA2","UNCHANGED_R1_VALIDATED"
"third_party/kao_optimal_preparation/local_cache/kao_optimal_preparation/native_reference_40077d2/official_results/actual_theta_traj_r1_5","IGNORED","21681","6B5A6E23352D723852000FEF0AA56FE7564ECB02EF51FBEA8EBB6BAC17FF1251","6B5A6E23352D723852000FEF0AA56FE7564ECB02EF51FBEA8EBB6BAC17FF1251","UNCHANGED_R1_VALIDATED"
"third_party/kao_optimal_preparation/local_cache/kao_optimal_preparation/native_reference_40077d2/official_results/actual_theta_traj_r1_6","IGNORED","21677","C6026822B7D080A862CA7C4E9F5F00F07FAF3FAACF7B842DAEAD3FF8C21D49FD","C6026822B7D080A862CA7C4E9F5F00F07FAF3FAACF7B842DAEAD3FF8C21D49FD","UNCHANGED_R1_VALIDATED"
"third_party/kao_optimal_preparation/local_cache/kao_optimal_preparation/native_reference_40077d2/official_results/actual_theta_traj_r1_7","IGNORED","21615","34102048010AA987DFF9AE680D4509B0EEF51C589FB317036165E702F9079079","34102048010AA987DFF9AE680D4509B0EEF51C589FB317036165E702F9079079","UNCHANGED_R1_VALIDATED"
"third_party/kao_optimal_preparation/local_cache/kao_optimal_preparation/native_reference_40077d2/official_results/actual_theta_traj_r1_8","IGNORED","21492","53B374D801A31FB15C6991FAD5956FEE802EDE3793AC5826D4D4254D9BE43D9C","53B374D801A31FB15C6991FAD5956FEE802EDE3793AC5826D4D4254D9BE43D9C","UNCHANGED_R1_VALIDATED"
"third_party/kao_optimal_preparation/local_cache/kao_optimal_preparation/native_reference_40077d2/official_results/c","IGNORED","3315","0B8DDA79B67C9ED21065B8831DE9A3F9B2C227C991577CC6107356B549E23FE9","0B8DDA79B67C9ED21065B8831DE9A3F9B2C227C991577CC6107356B549E23FE9","UNCHANGED_R1_VALIDATED"
"third_party/kao_optimal_preparation/local_cache/kao_optimal_preparation/native_reference_40077d2/official_results/cost_tracker","IGNORED","4161","29F6C3BEF83BAD5A79F8F5E1801349F2CBE057B6D31823A8973B597D9A6C4A99","29F6C3BEF83BAD5A79F8F5E1801349F2CBE057B6D31823A8973B597D9A6C4A99","UNCHANGED_R1_VALIDATED"
"third_party/kao_optimal_preparation/local_cache/kao_optimal_preparation/native_reference_40077d2/official_results/csp","IGNORED","26","941977E3CA1EA5B7EF3B3CFB0CC7D47A4E32D9C140000383386725059C912F3B","941977E3CA1EA5B7EF3B3CFB0CC7D47A4E32D9C140000383386725059C912F3B","UNCHANGED_R1_VALIDATED"
"third_party/kao_optimal_preparation/local_cache/kao_optimal_preparation/native_reference_40077d2/official_results/cxstars","IGNORED","203","F04C88986FBB7A7EBC5317D41347149B6AB57AEF94C30ADCD9A0FC61A981E6BB","F04C88986FBB7A7EBC5317D41347149B6AB57AEF94C30ADCD9A0FC61A981E6BB","UNCHANGED_R1_VALIDATED"
"third_party/kao_optimal_preparation/local_cache/kao_optimal_preparation/native_reference_40077d2/official_results/dxstars","IGNORED","16015","5EBDFEC413B31A17242EC2AB089ECDB739B8189C9A7D43C2F3CF76A1B1C5D7D0","5EBDFEC413B31A17242EC2AB089ECDB739B8189C9A7D43C2F3CF76A1B1C5D7D0","UNCHANGED_R1_VALIDATED"
"third_party/kao_optimal_preparation/local_cache/kao_optimal_preparation/native_reference_40077d2/official_results/hand_r1_1","IGNORED","23883","F1550F50A3BA3D1FC9561936C0AB34095A83E25D0C2151003E8D2D879BAEF770","F1550F50A3BA3D1FC9561936C0AB34095A83E25D0C2151003E8D2D879BAEF770","UNCHANGED_R1_VALIDATED"
"third_party/kao_optimal_preparation/local_cache/kao_optimal_preparation/native_reference_40077d2/official_results/hand_r1_2","IGNORED","23912","FD4F33C9A01394F47C8EFC52080253C7C131BA528444AA46D2492E093C566CFC","FD4F33C9A01394F47C8EFC52080253C7C131BA528444AA46D2492E093C566CFC","UNCHANGED_R1_VALIDATED"
"third_party/kao_optimal_preparation/local_cache/kao_optimal_preparation/native_reference_40077d2/official_results/hand_r1_3","IGNORED","22943","678B57EDBB175E98F0B0466FE12C5D6F315169F105EDDDF48D27A259091BD0F3","678B57EDBB175E98F0B0466FE12C5D6F315169F105EDDDF48D27A259091BD0F3","UNCHANGED_R1_VALIDATED"
"third_party/kao_optimal_preparation/local_cache/kao_optimal_preparation/native_reference_40077d2/official_results/hand_r1_4","IGNORED","23484","0CAF239891B5A8D6353D9ED3AC0357A7DC3C001301CE0FEDFA17DAE8651DC9ED","0CAF239891B5A8D6353D9ED3AC0357A7DC3C001301CE0FEDFA17DAE8651DC9ED","UNCHANGED_R1_VALIDATED"
"third_party/kao_optimal_preparation/local_cache/kao_optimal_preparation/native_reference_40077d2/official_results/hand_r1_5","IGNORED","24664","8F721BB6C679509105CAAAB6C16F405E3A07F32DE9DA596CE932C0B51909B77A","8F721BB6C679509105CAAAB6C16F405E3A07F32DE9DA596CE932C0B51909B77A","UNCHANGED_R1_VALIDATED"
"third_party/kao_optimal_preparation/local_cache/kao_optimal_preparation/native_reference_40077d2/official_results/hand_r1_6","IGNORED","24138","4AE1D49C872618C84761712FA90B39B5913E5171D5E42F21B45DBE1128FB6171","4AE1D49C872618C84761712FA90B39B5913E5171D5E42F21B45DBE1128FB6171","UNCHANGED_R1_VALIDATED"
"third_party/kao_optimal_preparation/local_cache/kao_optimal_preparation/native_reference_40077d2/official_results/hand_r1_7","IGNORED","25375","4E82139A6F77C3D3CA38ACCDC1F2C0F2897DFF567B37302BBBCCCDBA1952D760","4E82139A6F77C3D3CA38ACCDC1F2C0F2897DFF567B37302BBBCCCDBA1952D760","UNCHANGED_R1_VALIDATED"
"third_party/kao_optimal_preparation/local_cache/kao_optimal_preparation/native_reference_40077d2/official_results/hand_r1_8","IGNORED","24987","66221FB281DE8002B88FAFC3386ED7A5492F9771AFCF9E3CF9ACE3703AB110F6","66221FB281DE8002B88FAFC3386ED7A5492F9771AFCF9E3CF9ACE3703AB110F6","UNCHANGED_R1_VALIDATED"
"third_party/kao_optimal_preparation/local_cache/kao_optimal_preparation/native_reference_40077d2/official_results/reaches_angles.bin","IGNORED","86","931B225436ECA667D3E94365460F151436C9FF3B1789CE7C2D860187F7F90E86","931B225436ECA667D3E94365460F151436C9FF3B1789CE7C2D860187F7F90E86","UNCHANGED_R1_VALIDATED"
"third_party/kao_optimal_preparation/local_cache/kao_optimal_preparation/native_reference_40077d2/official_results/reaches_radius.bin","IGNORED","30","A80698558B34646B6AD380BC1BF6F85E3C9886EBD93249137B86E621F0AFB9EC","A80698558B34646B6AD380BC1BF6F85E3C9886EBD93249137B86E621F0AFB9EC","UNCHANGED_R1_VALIDATED"
"third_party/kao_optimal_preparation/local_cache/kao_optimal_preparation/native_reference_40077d2/official_results/setup_prms.bin","IGNORED","15461","21E522C0BDD55E17B2A63F6E9A51BEF552F5BB384C5A824D1FA55CA2943E6883","21E522C0BDD55E17B2A63F6E9A51BEF552F5BB384C5A824D1FA55CA2943E6883","UNCHANGED_R1_VALIDATED"
"third_party/kao_optimal_preparation/local_cache/kao_optimal_preparation/native_reference_40077d2/official_results/setup.bin","IGNORED","94367","01CEBEDFD3991C50517A5FC90737B2E7852F0EBE30FED5E1A0F9B80B0C59E5D7","01CEBEDFD3991C50517A5FC90737B2E7852F0EBE30FED5E1A0F9B80B0C59E5D7","UNCHANGED_R1_VALIDATED"
"third_party/kao_optimal_preparation/local_cache/kao_optimal_preparation/native_reference_40077d2/official_results/spontaneous","IGNORED","1874","430DF9A6916AF4DBD0B250B79F4A6D358816B8250D2EA71C742C324C48DA4320","430DF9A6916AF4DBD0B250B79F4A6D358816B8250D2EA71C742C324C48DA4320","UNCHANGED_R1_VALIDATED"
"third_party/kao_optimal_preparation/local_cache/kao_optimal_preparation/native_reference_40077d2/official_results/stage1_native_export.log","IGNORED","175","A2892B6D5EBB2BE094A803A1383672975E486D0A72395F851A73AFFE6AB80C2B","A2892B6D5EBB2BE094A803A1383672975E486D0A72395F851A73AFFE6AB80C2B","UNCHANGED_R1_VALIDATED"
"third_party/kao_optimal_preparation/local_cache/kao_optimal_preparation/native_reference_40077d2/official_results/stage1_native_reaches.log","IGNORED","5369","DE419624DB86107E51F280F6194FA5BE0629D6291A8787FC8CC0A852564E7440","DE419624DB86107E51F280F6194FA5BE0629D6291A8787FC8CC0A852564E7440","UNCHANGED_R1_VALIDATED"
"third_party/kao_optimal_preparation/local_cache/kao_optimal_preparation/native_reference_40077d2/official_results/stage1_native_setup.log","IGNORED","18121","63EEFE3917935E847E8BFABF4D785C46357B17EABDE27BB10D3118EBA55BC187","63EEFE3917935E847E8BFABF4D785C46357B17EABDE27BB10D3118EBA55BC187","UNCHANGED_R1_VALIDATED"
"third_party/kao_optimal_preparation/local_cache/kao_optimal_preparation/native_reference_40077d2/official_results/stage1_native_soc.log","IGNORED","7313","8A9C2C1ABA230907BE17BBBE5B916FCDE69AF85904CA7052F36F75DA4FBBBA96","8A9C2C1ABA230907BE17BBBE5B916FCDE69AF85904CA7052F36F75DA4FBBBA96","UNCHANGED_R1_VALIDATED"
"third_party/kao_optimal_preparation/local_cache/kao_optimal_preparation/native_reference_40077d2/official_results/target_hand_traj_r1_1","IGNORED","23812","9B0BF39882F83624ED90D6FF6BDAB5DA0E135C7CEC99665850CED4B3F2DF0F41","9B0BF39882F83624ED90D6FF6BDAB5DA0E135C7CEC99665850CED4B3F2DF0F41","UNCHANGED_R1_VALIDATED"
"third_party/kao_optimal_preparation/local_cache/kao_optimal_preparation/native_reference_40077d2/official_results/target_hand_traj_r1_2","IGNORED","18448","BAEDACBBED0FEA2DCCC23C2EF4B298B54C8B91CBB95E122FF4DA784FA1BE4CA6","BAEDACBBED0FEA2DCCC23C2EF4B298B54C8B91CBB95E122FF4DA784FA1BE4CA6","UNCHANGED_R1_VALIDATED"
"third_party/kao_optimal_preparation/local_cache/kao_optimal_preparation/native_reference_40077d2/official_results/target_hand_traj_r1_3","IGNORED","22933","F2B066AA4C653768DB8689884C55EAD523B8F6A16A7E00BDAACDE048899E9977","F2B066AA4C653768DB8689884C55EAD523B8F6A16A7E00BDAACDE048899E9977","UNCHANGED_R1_VALIDATED"
"third_party/kao_optimal_preparation/local_cache/kao_optimal_preparation/native_reference_40077d2/official_results/target_hand_traj_r1_4","IGNORED","23426","51645B69558AD3A5D24CD260827232D094A418EC9DF0672F5E4002B71901EA78","51645B69558AD3A5D24CD260827232D094A418EC9DF0672F5E4002B71901EA78","UNCHANGED_R1_VALIDATED"
"third_party/kao_optimal_preparation/local_cache/kao_optimal_preparation/native_reference_40077d2/official_results/target_hand_traj_r1_5","IGNORED","24622","97B95BFCD3C7287A30697C08282E6DEA16265126F5DFE973CFC7D984C960FABB","97B95BFCD3C7287A30697C08282E6DEA16265126F5DFE973CFC7D984C960FABB","UNCHANGED_R1_VALIDATED"
"third_party/kao_optimal_preparation/local_cache/kao_optimal_preparation/native_reference_40077d2/official_results/target_hand_traj_r1_6","IGNORED","24129","944E7ED17B94DA6D3680323D5F4D30D9ED42955431B2BC5F130A5537CCEAB043","944E7ED17B94DA6D3680323D5F4D30D9ED42955431B2BC5F130A5537CCEAB043","UNCHANGED_R1_VALIDATED"
"third_party/kao_optimal_preparation/local_cache/kao_optimal_preparation/native_reference_40077d2/official_results/target_hand_traj_r1_7","IGNORED","25557","61C06A473128D5BD0D0C5C8CFF5990470C3C822FA863284B2B428996227D6E0F","61C06A473128D5BD0D0C5C8CFF5990470C3C822FA863284B2B428996227D6E0F","UNCHANGED_R1_VALIDATED"
"third_party/kao_optimal_preparation/local_cache/kao_optimal_preparation/native_reference_40077d2/official_results/target_hand_traj_r1_8","IGNORED","25008","50E54AA61B1D5B62BE3918C6DA3C4CFABCE1AA628AFFDA4D30DC943B4D9CD183","50E54AA61B1D5B62BE3918C6DA3C4CFABCE1AA628AFFDA4D30DC943B4D9CD183","UNCHANGED_R1_VALIDATED"
"third_party/kao_optimal_preparation/local_cache/kao_optimal_preparation/native_reference_40077d2/official_results/target_torque_r1_1","IGNORED","11599","14083CF5CF672E74A9AD878E529CF04F0C1A3287A5C50ACB33FC62C1EE142DFA","14083CF5CF672E74A9AD878E529CF04F0C1A3287A5C50ACB33FC62C1EE142DFA","UNCHANGED_R1_VALIDATED"
"third_party/kao_optimal_preparation/local_cache/kao_optimal_preparation/native_reference_40077d2/official_results/target_torque_r1_1.bin","IGNORED","9643","E6525FF11C1E27DB1FC09C40F6CDDFFC4293CE89DCB97BE8FAFC273D6507E4A9","E6525FF11C1E27DB1FC09C40F6CDDFFC4293CE89DCB97BE8FAFC273D6507E4A9","UNCHANGED_R1_VALIDATED"
"third_party/kao_optimal_preparation/local_cache/kao_optimal_preparation/native_reference_40077d2/official_results/target_torque_r1_2","IGNORED","11678","00D38FEB1E7797E9334807C013231CD4A28F90695C38CC712BB3A74E796BC933","00D38FEB1E7797E9334807C013231CD4A28F90695C38CC712BB3A74E796BC933","UNCHANGED_R1_VALIDATED"
"third_party/kao_optimal_preparation/local_cache/kao_optimal_preparation/native_reference_40077d2/official_results/target_torque_r1_2.bin","IGNORED","9643","A07FD507C95104D623E2A1389721C3C6A2CBA8EEBC186F2177B2DEF6814FDCFF","A07FD507C95104D623E2A1389721C3C6A2CBA8EEBC186F2177B2DEF6814FDCFF","UNCHANGED_R1_VALIDATED"
"third_party/kao_optimal_preparation/local_cache/kao_optimal_preparation/native_reference_40077d2/official_results/target_torque_r1_3","IGNORED","12184","31BF6882D15C4AD55E4786FE0AC00B7266A83DC1442760986E141BF46B93DB08","31BF6882D15C4AD55E4786FE0AC00B7266A83DC1442760986E141BF46B93DB08","UNCHANGED_R1_VALIDATED"
"third_party/kao_optimal_preparation/local_cache/kao_optimal_preparation/native_reference_40077d2/official_results/target_torque_r1_3.bin","IGNORED","9643","451FA65118398B70FC6B3A8803AFCD30E618145DD5F2800BE4011AA846873399","451FA65118398B70FC6B3A8803AFCD30E618145DD5F2800BE4011AA846873399","UNCHANGED_R1_VALIDATED"
"third_party/kao_optimal_preparation/local_cache/kao_optimal_preparation/native_reference_40077d2/official_results/target_torque_r1_4","IGNORED","12162","2748A74424E45B9AC8E5948239679AD1FFD8D6C3433A30530F8B236A6AEA86BC","2748A74424E45B9AC8E5948239679AD1FFD8D6C3433A30530F8B236A6AEA86BC","UNCHANGED_R1_VALIDATED"
"third_party/kao_optimal_preparation/local_cache/kao_optimal_preparation/native_reference_40077d2/official_results/target_torque_r1_4.bin","IGNORED","9643","F64DBBABCB687AC1B3E2FE79AD6776BFD45A1C469E60E0606230898F5ECC9B04","F64DBBABCB687AC1B3E2FE79AD6776BFD45A1C469E60E0606230898F5ECC9B04","UNCHANGED_R1_VALIDATED"
"third_party/kao_optimal_preparation/local_cache/kao_optimal_preparation/native_reference_40077d2/official_results/target_torque_r1_5","IGNORED","12027","5D47AE84733A10B456709FEB657D1D35E7C18DB4022D954ED18EB0462BD0B9DC","5D47AE84733A10B456709FEB657D1D35E7C18DB4022D954ED18EB0462BD0B9DC","UNCHANGED_R1_VALIDATED"
"third_party/kao_optimal_preparation/local_cache/kao_optimal_preparation/native_reference_40077d2/official_results/target_torque_r1_5.bin","IGNORED","9643","5E64345BAEBB8695A176A6415238E291BDFB7193DB78CAD5B3640D13561CCE27","5E64345BAEBB8695A176A6415238E291BDFB7193DB78CAD5B3640D13561CCE27","UNCHANGED_R1_VALIDATED"
"third_party/kao_optimal_preparation/local_cache/kao_optimal_preparation/native_reference_40077d2/official_results/target_torque_r1_6","IGNORED","11904","5DBC2CD0D7403D4FE4024916CFA3DF8BCB0B221514520BB409ECC0A8ACE38411","5DBC2CD0D7403D4FE4024916CFA3DF8BCB0B221514520BB409ECC0A8ACE38411","UNCHANGED_R1_VALIDATED"
"third_party/kao_optimal_preparation/local_cache/kao_optimal_preparation/native_reference_40077d2/official_results/target_torque_r1_6.bin","IGNORED","9643","C28A6D540519DB6C1B44B21B58E4B459ADE355A99EBAF1F969F68DB5517FE578","C28A6D540519DB6C1B44B21B58E4B459ADE355A99EBAF1F969F68DB5517FE578","UNCHANGED_R1_VALIDATED"
"third_party/kao_optimal_preparation/local_cache/kao_optimal_preparation/native_reference_40077d2/official_results/target_torque_r1_7","IGNORED","11679","FB61075D8EB17729927594591F5CD6149E1DF836CA36137E5253B26B1C25E0B6","FB61075D8EB17729927594591F5CD6149E1DF836CA36137E5253B26B1C25E0B6","UNCHANGED_R1_VALIDATED"
"third_party/kao_optimal_preparation/local_cache/kao_optimal_preparation/native_reference_40077d2/official_results/target_torque_r1_7.bin","IGNORED","9643","B1260AA25106A753F27EB2CEEEC6B289E34D00230228E3A1F6386DFFA3745191","B1260AA25106A753F27EB2CEEEC6B289E34D00230228E3A1F6386DFFA3745191","UNCHANGED_R1_VALIDATED"
"third_party/kao_optimal_preparation/local_cache/kao_optimal_preparation/native_reference_40077d2/official_results/target_torque_r1_8","IGNORED","11652","65B70CA59A62FFB255F50A0BD22126A5FCB97261E4AF1157D860C3417480E4EB","65B70CA59A62FFB255F50A0BD22126A5FCB97261E4AF1157D860C3417480E4EB","UNCHANGED_R1_VALIDATED"
"third_party/kao_optimal_preparation/local_cache/kao_optimal_preparation/native_reference_40077d2/official_results/target_torque_r1_8.bin","IGNORED","9643","CD4C07D52F7A7101F5F75A4E8BCCA903952E74642160745E57DD4C13F20011E7","CD4C07D52F7A7101F5F75A4E8BCCA903952E74642160745E57DD4C13F20011E7","UNCHANGED_R1_VALIDATED"
"third_party/kao_optimal_preparation/local_cache/kao_optimal_preparation/native_reference_40077d2/official_results/target_torques.bin","IGNORED","77010","F97DE7069E1C7531FE0D1B23904516B8972903305EF9D7B979BEFCCBD893657D","F97DE7069E1C7531FE0D1B23904516B8972903305EF9D7B979BEFCCBD893657D","UNCHANGED_R1_VALIDATED"
"third_party/kao_optimal_preparation/local_cache/kao_optimal_preparation/native_reference_40077d2/official_results/theta_r1_1","IGNORED","22844","CAD34F012AD96EF5956A86980D75E896E8A3C909BE1AC4967982599EB6225343","CAD34F012AD96EF5956A86980D75E896E8A3C909BE1AC4967982599EB6225343","UNCHANGED_R1_VALIDATED"
"third_party/kao_optimal_preparation/local_cache/kao_optimal_preparation/native_reference_40077d2/official_results/theta_r1_2","IGNORED","23084","42E2F55FC9061438567720139C64D81E7EE8F011B30808D7B137CA1D18444DBF","42E2F55FC9061438567720139C64D81E7EE8F011B30808D7B137CA1D18444DBF","UNCHANGED_R1_VALIDATED"
"third_party/kao_optimal_preparation/local_cache/kao_optimal_preparation/native_reference_40077d2/official_results/theta_r1_3","IGNORED","22784","917E1A4C034BF44F4C7EEEAD2BF912D176B1905CD61CD4A5211B9E0B6C18199E","917E1A4C034BF44F4C7EEEAD2BF912D176B1905CD61CD4A5211B9E0B6C18199E","UNCHANGED_R1_VALIDATED"
"third_party/kao_optimal_preparation/local_cache/kao_optimal_preparation/native_reference_40077d2/official_results/theta_r1_4","IGNORED","21798","22D37196027C0E27AB1C1B0CED9EE433A1EFDD8475EC163BC166068700319A4A","22D37196027C0E27AB1C1B0CED9EE433A1EFDD8475EC163BC166068700319A4A","UNCHANGED_R1_VALIDATED"
"third_party/kao_optimal_preparation/local_cache/kao_optimal_preparation/native_reference_40077d2/official_results/theta_r1_5","IGNORED","21811","E98AD11E343B3233D6C3827A3B218B588209DF1B92833DAA9D6F3DC3E3FF516E","E98AD11E343B3233D6C3827A3B218B588209DF1B92833DAA9D6F3DC3E3FF516E","UNCHANGED_R1_VALIDATED"
"third_party/kao_optimal_preparation/local_cache/kao_optimal_preparation/native_reference_40077d2/official_results/theta_r1_6","IGNORED","21790","EF6A3443CD579E25A703F796799F05C05792B9EE8AD6266F4B553D079EAB854B","EF6A3443CD579E25A703F796799F05C05792B9EE8AD6266F4B553D079EAB854B","UNCHANGED_R1_VALIDATED"
"third_party/kao_optimal_preparation/local_cache/kao_optimal_preparation/native_reference_40077d2/official_results/theta_r1_7","IGNORED","21613","FFC3CDA12CEB039BA47C667EFA2B9C25DFBD46032C03040BEF7079E0B38E37B3","FFC3CDA12CEB039BA47C667EFA2B9C25DFBD46032C03040BEF7079E0B38E37B3","UNCHANGED_R1_VALIDATED"
"third_party/kao_optimal_preparation/local_cache/kao_optimal_preparation/native_reference_40077d2/official_results/theta_r1_8","IGNORED","21354","8814D5D48DE61DDFABF1DFEAE8AFA0A3E4326D554118C8CB96861F4D713BF8E6","8814D5D48DE61DDFABF1DFEAE8AFA0A3E4326D554118C8CB96861F4D713BF8E6","UNCHANGED_R1_VALIDATED"
"third_party/kao_optimal_preparation/local_cache/kao_optimal_preparation/native_reference_40077d2/official_results/torque_r1_1","IGNORED","11580","215E9259E6E035DFC4DE59C60FE1CAADFC2D17B0557B7C4995849717CC18BDC2","215E9259E6E035DFC4DE59C60FE1CAADFC2D17B0557B7C4995849717CC18BDC2","UNCHANGED_R1_VALIDATED"
"third_party/kao_optimal_preparation/local_cache/kao_optimal_preparation/native_reference_40077d2/official_results/torque_r1_2","IGNORED","11726","AC2EB4179D2DAA4C0DEC8A393C79CC015ACA0F20B8CACD700E1B9C6EC62772BE","AC2EB4179D2DAA4C0DEC8A393C79CC015ACA0F20B8CACD700E1B9C6EC62772BE","UNCHANGED_R1_VALIDATED"
"third_party/kao_optimal_preparation/local_cache/kao_optimal_preparation/native_reference_40077d2/official_results/torque_r1_3","IGNORED","12167","708EAF3229DD90203FE451E96189ADC384E9EE309262428EF712EACCEFA7E4A6","708EAF3229DD90203FE451E96189ADC384E9EE309262428EF712EACCEFA7E4A6","UNCHANGED_R1_VALIDATED"
"third_party/kao_optimal_preparation/local_cache/kao_optimal_preparation/native_reference_40077d2/official_results/torque_r1_4","IGNORED","12167","6FCE69855435A0712C88BC950B1C19FF5E6FACF137BDD12431114048F2CCE8A8","6FCE69855435A0712C88BC950B1C19FF5E6FACF137BDD12431114048F2CCE8A8","UNCHANGED_R1_VALIDATED"
"third_party/kao_optimal_preparation/local_cache/kao_optimal_preparation/native_reference_40077d2/official_results/torque_r1_5","IGNORED","11988","295A86CB2C7F102A36D3CEF01ECA6DE79A1EC5EBAD76EB5EAD8EB9219116314B","295A86CB2C7F102A36D3CEF01ECA6DE79A1EC5EBAD76EB5EAD8EB9219116314B","UNCHANGED_R1_VALIDATED"
"third_party/kao_optimal_preparation/local_cache/kao_optimal_preparation/native_reference_40077d2/official_results/torque_r1_6","IGNORED","11872","C0931DEF9E8FF38D7086BEAEB85746AB016B3880622E888FF98CE0E20F5ED98C","C0931DEF9E8FF38D7086BEAEB85746AB016B3880622E888FF98CE0E20F5ED98C","UNCHANGED_R1_VALIDATED"
"third_party/kao_optimal_preparation/local_cache/kao_optimal_preparation/native_reference_40077d2/official_results/torque_r1_7","IGNORED","11649","EB8EF1EAB84D1264F4D41FCD17515DED1F0C9A12880607DC427E0A0902C05232","EB8EF1EAB84D1264F4D41FCD17515DED1F0C9A12880607DC427E0A0902C05232","UNCHANGED_R1_VALIDATED"
"third_party/kao_optimal_preparation/local_cache/kao_optimal_preparation/native_reference_40077d2/official_results/torque_r1_8","IGNORED","11718","DC5C61547F60FDC64D61D425967441BA6D4A6493EE07C45A8214B4CAC31C1A95","DC5C61547F60FDC64D61D425967441BA6D4A6493EE07C45A8214B4CAC31C1A95","UNCHANGED_R1_VALIDATED"
"third_party/kao_optimal_preparation/local_cache/kao_optimal_preparation/native_reference_40077d2/official_results/w_rec","IGNORED","188042","F8F85A6EE4B2722ABF07655AB4B3BA528609C486B621A0C77D1BF29FC883E70B","F8F85A6EE4B2722ABF07655AB4B3BA528609C486B621A0C77D1BF29FC883E70B","UNCHANGED_R1_VALIDATED"
"third_party/kao_optimal_preparation/local_cache/kao_optimal_preparation/native_reference_40077d2/official_results/w_rec_eig","IGNORED","3766","F6CC8023BFD62220D0531442D1CFF179784EA48F96E3768B3A238AB78F3594B3","F6CC8023BFD62220D0531442D1CFF179784EA48F96E3768B3A238AB78F3594B3","UNCHANGED_R1_VALIDATED"
"third_party/kao_optimal_preparation/local_cache/kao_optimal_preparation/native_reference_40077d2/official_results/x_r1_1","IGNORED","963374","19977BDD59EC341BE4F258BD277E5DC860933E344DFA4A52B58B88F175597A85","19977BDD59EC341BE4F258BD277E5DC860933E344DFA4A52B58B88F175597A85","UNCHANGED_R1_VALIDATED"
"third_party/kao_optimal_preparation/local_cache/kao_optimal_preparation/native_reference_40077d2/official_results/x_r1_2","IGNORED","964095","C37CD84A6738B8914D23F46A4BFBA084DBABBEA18165F976304B074E4AC0DC14","C37CD84A6738B8914D23F46A4BFBA084DBABBEA18165F976304B074E4AC0DC14","UNCHANGED_R1_VALIDATED"
"third_party/kao_optimal_preparation/local_cache/kao_optimal_preparation/native_reference_40077d2/official_results/x_r1_3","IGNORED","968343","0E72EB841091B741E866B65ADB2DDCD72C6DB39B1CF823342A42397B0F1DC1A4","0E72EB841091B741E866B65ADB2DDCD72C6DB39B1CF823342A42397B0F1DC1A4","UNCHANGED_R1_VALIDATED"
"third_party/kao_optimal_preparation/local_cache/kao_optimal_preparation/native_reference_40077d2/official_results/x_r1_4","IGNORED","966226","2124228FEEF62D4E694982D9945CD3583A891EBB01402D2AD69518A30EFF93C0","2124228FEEF62D4E694982D9945CD3583A891EBB01402D2AD69518A30EFF93C0","UNCHANGED_R1_VALIDATED"
"third_party/kao_optimal_preparation/local_cache/kao_optimal_preparation/native_reference_40077d2/official_results/x_r1_5","IGNORED","963956","FE470151ECCB63C78BBED44E12BDC8AA6C9D9F103994DF413FCB007B9FD94A83","FE470151ECCB63C78BBED44E12BDC8AA6C9D9F103994DF413FCB007B9FD94A83","UNCHANGED_R1_VALIDATED"
"third_party/kao_optimal_preparation/local_cache/kao_optimal_preparation/native_reference_40077d2/official_results/x_r1_6","IGNORED","961203","5015292BB6CF0BDC99704DFDFA8BA8A18C7C9ED4BB13D11C635F113F5283C825","5015292BB6CF0BDC99704DFDFA8BA8A18C7C9ED4BB13D11C635F113F5283C825","UNCHANGED_R1_VALIDATED"
"third_party/kao_optimal_preparation/local_cache/kao_optimal_preparation/native_reference_40077d2/official_results/x_r1_7","IGNORED","962007","7990D8C92D518CF1C67E0E15EFFD4BE5F8AE5A6F0E351CDE23FCCD38C69F0E3D","7990D8C92D518CF1C67E0E15EFFD4BE5F8AE5A6F0E351CDE23FCCD38C69F0E3D","UNCHANGED_R1_VALIDATED"
"third_party/kao_optimal_preparation/local_cache/kao_optimal_preparation/native_reference_40077d2/official_results/x_r1_8","IGNORED","959920","56AA712317BF9854CAD696ED17968CAC9A027A005A4216195292C3EB6FD34186","56AA712317BF9854CAD696ED17968CAC9A027A005A4216195292C3EB6FD34186","UNCHANGED_R1_VALIDATED"
"third_party/kao_optimal_preparation/local_cache/kao_optimal_preparation/native_reference_40077d2/official_results/xstars","IGNORED","13610","C52145A3393BB4BD815CE34CDFEB0F8FD9182EBCE99D6A129EE7B1850902B2F7","C52145A3393BB4BD815CE34CDFEB0F8FD9182EBCE99D6A129EE7B1850902B2F7","UNCHANGED_R1_VALIDATED"
"third_party/kao_optimal_preparation/local_cache/kao_optimal_preparation/native_reference_40077d2/upstream_provenance.json","IGNORED","1197","DBBF2045BA88F11E2DEE834B2868C8C77CBF3DE9EB7D21015F3C4EC1627DB295","DBBF2045BA88F11E2DEE834B2868C8C77CBF3DE9EB7D21015F3C4EC1627DB295","UNCHANGED_R1_VALIDATED"
"third_party/kao_optimal_preparation/local_cache/kao_optimal_preparation/native_reference_40077d2/UPSTREAM_README.md","IGNORED","1906","B6D89D945669BC648ED6A547C460175F8373C3914DAE0E22B39A69F2EBCDD63A","B6D89D945669BC648ED6A547C460175F8373C3914DAE0E22B39A69F2EBCDD63A","UNCHANGED_R1_VALIDATED"
"third_party/kao_optimal_preparation/local_cache/kao_optimal_preparation/README.md","IGNORED","1964","DAC27CE6D5E8416E2BBD4F29ADA9DD154803CB0833651C2D1AB2CE5A08C9FF6B","DAC27CE6D5E8416E2BBD4F29ADA9DD154803CB0833651C2D1AB2CE5A08C9FF6B","UNCHANGED_R1_VALIDATED"
"third_party/kao_optimal_preparation/local_cache/kao_optimal_preparation/soc/construct.ml","IGNORED","2526","E1092C18DF2BE81A4BF581E43C343BC717919953CE03330F85797F2D3D4F3025","E1092C18DF2BE81A4BF581E43C343BC717919953CE03330F85797F2D3D4F3025","UNCHANGED_R1_VALIDATED"
"third_party/kao_optimal_preparation/local_cache/kao_optimal_preparation/soc/dune","IGNORED","57","CF36A216B148BD9C5EB94C53DAF56C7FEC8243FE369DC242040F4CE6EC74D4B5","CF36A216B148BD9C5EB94C53DAF56C7FEC8243FE369DC242040F4CE6EC74D4B5","UNCHANGED_R1_VALIDATED"
"third_party/kao_optimal_preparation/local_cache/toolchains/opam-2.5.2/opam.exe","IGNORED","11956224","51A530F538E86913489B061AC13C6084276E5DC916F5BD5C450883A826F8864C","51A530F538E86913489B061AC13C6084276E5DC916F5BD5C450883A826F8864C","UNCHANGED_R1_VALIDATED"
"third_party/kao_optimal_preparation/native_reference_manifest.tsv","TRACKED","17603","176D064CCCFCD6797C9D2D0A53FD80072826085CB3E3A3A4E5627BF6120DEE28","176D064CCCFCD6797C9D2D0A53FD80072826085CB3E3A3A4E5627BF6120DEE28","UNCHANGED_R1_VALIDATED"
"third_party/kao_optimal_preparation/NATIVE_REFERENCE_REPRODUCTION.md","TRACKED","1850","560799E38D1631F74720F7546268F4F440DB4C2BD6FE1A42C70C321F7D60E672","560799E38D1631F74720F7546268F4F440DB4C2BD6FE1A42C70C321F7D60E672","UNCHANGED_R1_VALIDATED"
"third_party/kao_optimal_preparation/README.md","TRACKED","1255","27C2ABF26EA1D7E5B9D7F1747EB36383559ADC6C1083D48D6110DA645ECBDA20","27C2ABF26EA1D7E5B9D7F1747EB36383559ADC6C1083D48D6110DA645ECBDA20","UNCHANGED_R1_VALIDATED"
"third_party/kao_optimal_preparation/REQUIRED_FILES.sha256","TRACKED","773","989DDDE0B23EBCB6F52E64641A5ED5AAD58820BD42EE3A39DFD60C76BFEE1561","989DDDE0B23EBCB6F52E64641A5ED5AAD58820BD42EE3A39DFD60C76BFEE1561","UNCHANGED_R1_VALIDATED"
"third_party/kao_optimal_preparation/setup_local_cache.ps1","TRACKED","2290","AC50A837E43097C732C750BBDEAC574023126FAD78D928004258A9C11CCF3330","AC50A837E43097C732C750BBDEAC574023126FAD78D928004258A9C11CCF3330","UNCHANGED_R1_VALIDATED"
"third_party/kao_optimal_preparation/verify_local_cache.ps1","TRACKED","2289","6935DDCC1C923A2739427B85D0916EFB5E4D5AB2F600CFD4BCBD9A9BB25221FD","6935DDCC1C923A2739427B85D0916EFB5E4D5AB2F600CFD4BCBD9A9BB25221FD","UNCHANGED_R1_VALIDATED"
