"Path","BeforeBytes","BeforeSHA256","AfterBytes","AfterSHA256","ArchiveRelativePath","ResumePreEditPath","Disposition"
".gitignore","1998","3ED3CC73948554EAF33CE6FC32B6C554BECF7B79F1F6018C86F77683C364FCB8","993","FFCE74AE212365B5ECB1393215CD6DB9CA1885D197C8F63C8C5885EE693DCF6D","pre_edit/.gitignore","r1/pre_edit/.gitignore","REWRITE"
"AGENTS.md","6461","59EAFC8C725CB4B1A5C37B10CDFE5EB9AE2D75686FCED7FD6B775BFCC5553954","4648","6D8AE2B26E28A26E9741E5B8333F0E447EA276593813B346CE733DFF6133BA77","pre_edit/AGENTS.md","r1/pre_edit/AGENTS.md","REWRITE"
"analysis/published_generator/revalidate_stage1_accepted_ensemble.m","3978","2C1BE19CE2880316D6266D9E0E32FA02532D38A83B54472CAE2A65D2FC0DDC70","8313","1ED1CDEE60D5869AC022E3EF1E5C2F6FCBB14046BF9343F4D4505E7381627D19","pre_edit/analysis/published_generator/revalidate_stage1_accepted_ensemble.m","r1/pre_edit/analysis/published_generator/revalidate_stage1_accepted_ensemble.m","REWRITE"
"config/stage_1_gate1_config.m","3067","2D983CD9F01B30E3C2AE8FD5F7F9283F960F7E7DE1CC8A6204EE9338BAF92224","2929","D227615AEA378EF571143A49F9107892767823B3D5534DA19415918B5B5265CF","pre_edit/config/stage_1_gate1_config.m","r1/pre_edit/config/stage_1_gate1_config.m","REWRITE"
"MODEL_SPEC.md","13345","5C8F1E2A495580F3BE597272B01F78687BF975B76B8FC9A534DA41941AD8E17B","5801","B8B8ADC0CEAF40DCD46D121B4EDA8B2FFD8D4312D1DE1CE80678099525670721","pre_edit/MODEL_SPEC.md","r1/pre_edit/MODEL_SPEC.md","REWRITE"
"README.md","8554","705F8CE4749238BB4B4A031F65422355512D42404751919261C0A6EF80D0C00B","6111","FFC29744B4BFB81FE384AFE7B38F0A443364C81E66EC1EB402458CDD3D29CB62","pre_edit/README.md","r1/pre_edit/README.md","REWRITE"
"run_all.m","883","31E202D02FD357962CC2A45B961C5D99DFF1075972B3461D4EDEF6EBC1B29794","879","F3F1F36F4AAE19E9572CEBA34B803FE59B44429A26D9A5B4F13BD6091A60C6EC","pre_edit/run_all.m","r1/pre_edit/run_all.m","REWRITE"
"run_stage_1.m","3944","581EE67E13C814185152BCD0C1EDF9AA12561BC02CBBEB8903E5A2930086D3E8","412","49ECD0ACB33E9D2097774855B7078794F62BC413DAA5FA6D6B8A4D1FA4115A41","pre_edit/run_stage_1.m","r1/pre_edit/run_stage_1.m","REWRITE"
"workflows/diagnostics/stage_1/run_gate3a_stage1_validation.m","1400","2C1BFBA2DF24FCC29B7A9A679C72E78D858566A3119E825D92F91FD2E41CB9D3","362","DC873F7A570AB867129F48D17ECBAB86E0138A7C984C45F8BC7C94D30B4CE4A4","pre_edit/workflows/diagnostics/stage_1/run_gate3a_stage1_validation.m","r1/pre_edit/workflows/diagnostics/stage_1/run_gate3a_stage1_validation.m","REWRITE"
"workflows/README.md","845","C9D17A425D1BCB6E271D3E182175B062331595835577EC4DF01584AF50209B4D","1306","0BF08485D3634ABB2F25359DC9EE2B8397677869126582C8FF0C079FBB3B6616","pre_edit/workflows/README.md","r1/pre_edit/workflows/README.md","REWRITE"
"workflows/stage_1/construction/run_stage_1_gate1_rejection_sampling.m","8420","08C105FED616863E3727C6D6AD21E5E6F25655780B3C05E7F2905CF565F72D5A","7765","7F0DB80C09BC428DCDFE7DD3B4A22F6B93E72DE87D8F9F26D26773DB1C03FB23","pre_edit/workflows/stage_1/construction/run_stage_1_gate1_rejection_sampling.m","r1/pre_edit/workflows/stage_1/construction/run_stage_1_gate1_rejection_sampling.m","REWRITE"
"workflows/stage_1/construction/run_stage_1_gate1_target_validation.m","4706","4D03945E0E6A9634015D550890CD315F68BE387C4931CFFB61A778EB04E0C20A","4126","D75A96062547BEFB8C567DC280AD59DA9592493C10AC34DDBE7893BA8BAD5C04","pre_edit/workflows/stage_1/construction/run_stage_1_gate1_target_validation.m","r1/pre_edit/workflows/stage_1/construction/run_stage_1_gate1_target_validation.m","REWRITE"
